source,period,loss_ratio,lo,hi
column_shuffle,future,2.109685307050748,2.000058486851492,2.2019032983839777
column_shuffle,near,1.8111285300559556,1.7782979602544737,1.8477172748585209
hurdle_iid,future,2.0255560284530887,2.01356652616727,2.0392584964502563
hurdle_iid,near,1.8341954426809333,1.8279661679278811,1.840255918682312
independent_marginals,future,2.0419541681585325,2.0351024231205628,2.049214679323388
independent_marginals,near,1.822066518066513,1.8194046592905777,1.8250341692670333
independent_stitch,future,1.3296275101147306,1.272416780043867,1.3931692177646182
independent_stitch,near,1.2914206848867222,1.263475232173901,1.326927269288319
real_contiguous_block,future,0.9206708254971697,0.8607166675109355,0.9887299951849897
real_contiguous_block,near,0.9436687488243646,0.8973776814024685,1.0123044340354632
real_row_resample,future,2.003389469611216,1.9809849880122852,2.0301712370533407
real_row_resample,near,1.794352982519608,1.776308677016986,1.809903307624893
shared_stitch,future,1.3958899706550978,1.374585320207029,1.4148392343143412
shared_stitch,near,1.3111524108771786,1.3008781564260559,1.32150781074842
