fixture_seed,perturbation,severity,marginal_ks_mean,marginal_ks_median,zero_rate_mae,wasserstein_iqr_mean,marginal_n_features,acf_abs_error_mean,acf_abs_error_median,spectral_l1_mean,transition_rate_mae,temporal_n_feature_lags,coupling_corr_mae,coupling_corr_relative_l2,coupling_sign_agreement,coupling_coactivation_mae,coupling_n_pairs,coupling_lag,c2st_max_auc,c2st_excess_over_null_p95,c2st_status
19,marginal,0.0,0.0,0.0,0.0,0.0,9,0.0,0.0,0.0,0.0,36,0.0,0.0,1.0,0.0,4,0,0.5,0.0,ok
19,marginal,0.25,0.19731944444444446,0.0033333333333332993,0.015328703703703702,370.9916336057205,9,0.004504561790058852,2.0816681711721685e-17,0.09338665601942038,0.018153534175035076,36,0.0023513251587458338,0.006710466624949393,1.0,0.0007604166666666922,4,0,1.0,0.48224173469387766,ok
19,marginal,0.5,0.2278101851851852,0.00666666666666671,0.022921296296296308,741.9828991558977,9,0.007781167459549989,0.0,0.13137110322151044,0.01961192827478923,36,0.00539954491269214,0.015409806590026219,1.0,0.0015312500000000252,4,0,1.0,0.4857694557823129,ok
19,marginal,0.75,0.2687407407407407,0.009958333333333291,0.03050462962962963,1108.3447364653161,9,0.011703671052828372,2.0816681711721685e-17,0.1603784486922907,0.017547027422438896,36,0.00914755833388926,0.02610629358131143,1.0,0.0023125000000000255,4,0,1.0,0.487672358276644,ok
19,marginal,1.0,0.31506944444444446,0.013291666666666702,0.03809722222222223,1479.3363677562345,9,0.014131403662047546,2.0816681711721685e-17,0.1850644626915956,0.020838831247598277,36,0.012100852121684744,0.034534723534080394,1.0,0.0030312500000000252,4,0,1.0,0.49649557823129253,ok
19,order,0.0,0.0,0.0,0.0,0.0,9,0.0,0.0,0.0,0.0,36,0.0,0.0,1.0,0.0,4,0,,,
19,order,0.25,0.0024074074074074215,0.0030416666666666647,0.0009259259259259362,13.893359508945425,9,0.09937734245626322,0.06884340883543394,0.6912649653207379,0.0331124907982277,36,0.0017964779356452604,0.003808441590061454,1.0,0.0007500000000000145,4,0,,,
19,order,0.5,0.0022592592592592603,0.0024166666666666226,0.0007592592592592658,41.66939282242686,9,0.1729045274884286,0.13074206432608473,0.9786787499706127,0.05613659828418777,36,0.0005576578763951505,0.0009139081675814229,1.0,0.000989583333333358,4,0,,,
19,order,0.75,0.0017268518518518653,0.0017500000000000016,0.0007222222222222187,32.41098946704075,9,0.2163118639165017,0.16413220377400406,1.1304199424721002,0.07262802616775699,36,0.002188233261779051,0.003700725512208758,1.0,0.000385416666666652,4,0,,,
19,order,1.0,0.0,0.0,0.0,0.0,9,0.2310221189823418,0.16986635872711114,1.1823734045462666,0.07586427212244955,36,2.5326962749261384e-16,4.551452660073238e-16,1.0,0.0,4,0,,,
19,coupling,0.0,0.0,0.0,0.0,0.0,9,0.0,0.0,0.0,0.0,36,0.0,0.0,1.0,0.0,4,0,0.5,0.0,ok
19,coupling,0.25,0.0028101851851851964,0.002458333333333229,0.0011481481481481464,0.0034324026648292045,9,0.09833584775115617,0.06646057283000446,0.6799063988894702,0.03337176086040622,36,0.15838947263323283,0.2520508911579806,1.0,0.004812499999999957,4,0,0.6208528722600151,0.11311171579742996,ok
19,coupling,0.5,0.0025879629629629772,0.0026666666666666505,0.0008194444444444554,143.52212312073124,9,0.17010683930400378,0.11936695820253496,0.9710317644211385,0.05631253154066604,36,0.3159928544759848,0.49933967309196503,1.0,0.007687500000000041,4,0,0.7363060090702948,0.23111401360544215,ok
19,coupling,0.75,0.0027129629629629665,0.0024166666666666226,0.000921296296296298,41.67100114632079,9,0.2161639712031847,0.1530425871008535,1.1311603331524323,0.07238727539573409,36,0.47244220380391333,0.7461329682859014,1.0,0.012468749999999971,4,0,0.8701445956160242,0.3639465230536659,ok
19,coupling,1.0,0.0,0.0,0.0,0.0,9,0.22901568187053434,0.1643629015931898,1.186411929570412,0.0757438967364381,36,0.6268223156344387,0.9944988716621553,0.75,0.014520833333333318,4,0,0.988931141345427,0.48069402116402105,ok
29,marginal,0.0,0.0,0.0,0.0,0.0,9,0.0,0.0,0.0,0.0,36,0.0,0.0,1.0,0.0,4,0,0.5,0.0,ok
29,marginal,0.25,0.19708796296296294,0.0034166666666666234,0.015037037037037028,380.2651614530806,9,0.00419177373296681,2.0816681711721685e-17,0.09336301098870227,0.018139644707418363,36,0.0026424046675158387,0.007541661813388387,1.0,0.000760416666666667,4,0,0.9999996220710506,0.49402040438397576,ok
29,marginal,0.5,0.22787962962962963,0.00679166666666664,0.022569444444444437,755.900832165427,9,0.007624071902784792,2.7755575615628914e-17,0.13136202338533312,0.018472991930219316,36,0.006496147666153369,0.018540592737455622,1.0,0.0015729166666666665,4,0,1.0,0.48635964852607705,ok
29,marginal,0.75,0.2687731481481481,0.010208333333333264,0.030101851851851838,1136.166014451841,9,0.009943384853045571,2.7755575615628914e-17,0.16148251021066917,0.017232199489793557,36,0.008019880909067217,0.02288946516912524,1.0,0.0022291666666666666,4,0,1.0,0.4874986054421768,ok
29,marginal,1.0,0.31521759259259263,0.01358333333333328,0.03763425925925925,1511.8017847012245,9,0.013987588396300698,2.0816681711721685e-17,0.18416932583177,0.02138978012972763,36,0.011010734434681552,0.03142563152579818,1.0,0.002947916666666667,4,0,1.0,0.4800960884353741,ok
29,order,0.0,0.0,0.0,0.0,0.0,9,0.0,0.0,0.0,0.0,36,0.0,0.0,1.0,0.0,4,0,,,
29,order,0.25,0.002046296296296299,0.0022083333333332567,0.0006342592592592547,32.41002242844553,9,0.09128159258945082,0.058765677026961484,0.6809342338538061,0.03085776722178239,36,0.0016001665993574804,0.002694144861278635,1.0,0.0009166666666666603,4,0,,,
29,order,0.5,0.0024953703703703483,0.0027083333333333126,0.0011666666666666553,37.03966472886124,9,0.16748511524269286,0.10797130914506706,0.9722617582862658,0.056937557583417835,36,0.00094193401174077,0.0015983090402937352,1.0,0.0009166666666666533,4,0,,,
29,order,0.75,0.0033240740740740717,0.0032500000000000306,0.0013518518518518573,208.3370878880691,9,0.20853302086462105,0.1386500237549922,1.1249644437388027,0.06953993453430929,36,0.0012065338212603922,0.0028492425620688174,1.0,0.001322916666666677,4,0,,,
29,order,1.0,0.0,0.0,0.0,0.0,9,0.21828732952174146,0.1413267859890493,1.1723827711682584,0.07312804700195841,36,3.3306690738754696e-16,6.237546684470731e-16,1.0,0.0,4,0,,,
29,coupling,0.0,0.0,0.0,0.0,0.0,9,0.0,0.0,0.0,0.0,36,0.0,0.0,1.0,0.0,4,0,0.5,0.0,ok
29,coupling,0.25,0.0025740740740740928,0.0030416666666666647,0.0009444444444444472,9.262316898762256,9,0.09573306215634587,0.06760394388028163,0.688026222431162,0.03248283493293702,36,0.15628391821233523,0.24807898645920567,1.0,0.004395833333333323,4,0,0.6225025699168556,0.11295620937263784,ok
29,coupling,0.5,0.003092592592592616,0.003458333333333341,0.0013749999999999967,37.041437816022615,9,0.16362018043569804,0.10803306645761508,0.9681055982682191,0.055659726562680846,36,0.31832814731101966,0.5022049542610986,1.0,0.007635416666666641,4,0,0.7428491685563113,0.23762202569916846,ok
29,coupling,0.75,0.0026064814814814857,0.0028333333333333544,0.0011527777777777881,106.48483362043369,9,0.20786110361622778,0.1412599344221015,1.1248727065229973,0.07101221810168017,36,0.472775507334415,0.750749155161403,1.0,0.012010416666666638,4,0,0.8694007936507937,0.35693248299319735,ok
29,coupling,1.0,0.0,0.0,0.0,0.0,9,0.21841476250434147,0.13286016453024263,1.174822888583809,0.07271599279599614,36,0.6306847791528053,0.9954210884470016,0.5,0.015395833333333315,4,0,0.9871527588813303,0.47304671579742996,ok
39,marginal,0.0,0.0,0.0,0.0,0.0,9,0.0,0.0,0.0,0.0,36,0.0,0.0,1.0,0.0,4,0,0.5,0.0,ok
39,marginal,0.25,0.19799074074074074,0.0031249999999999334,0.014425925925925918,347.835298252783,9,0.004005840928062669,2.0816681711721685e-17,0.09328209245916058,0.017218310022176844,36,0.0022526083176441433,0.006411597414611705,1.0,0.0006874999999999997,4,0,0.9999996220710506,0.49293363567649284,ok
39,marginal,0.5,0.2269537037037037,0.006291666666666584,0.022004629629629617,700.300253912979,9,0.008227734239422873,2.7755575615628914e-17,0.13258240163957136,0.018514660333069435,36,0.005101908611440199,0.01452155876655329,1.0,0.00140625,4,0,1.0,0.48751468253968255,ok
39,marginal,0.75,0.2688564814814815,0.009416666666666629,0.029578703703703697,1048.1355058694783,9,0.010715991996352632,1.3877787807814457e-17,0.16189752064176,0.016389571787713372,36,0.006691820951674931,0.0190469251031079,1.0,0.00203125,4,0,1.0,0.4831926984126984,ok
39,marginal,1.0,0.3155833333333333,0.01258333333333328,0.037157407407407396,1400.600174492637,9,0.013694003254937586,6.938893903907228e-18,0.18550719860144374,0.019408216083077537,36,0.010873839512768553,0.03095020148903995,1.0,0.00278125,4,0,1.0,0.48819664399092977,ok
39,order,0.0,0.0,0.0,0.0,0.0,9,0.0,0.0,0.0,0.0,36,0.0,0.0,1.0,0.0,4,0,,,
39,order,0.25,0.001870370370370374,0.0017916666666666359,0.0007916666666666778,37.0401742179463,9,0.10205841179792113,0.06666662596040523,0.6875217719028143,0.033584732697195724,36,0.002561590822263267,0.0044457571559916075,1.0,0.0009895833333333527,4,0,,,
39,order,0.5,0.0037083333333333504,0.003750000000000031,0.001087962962962968,32.41176265898076,9,0.17085383672051963,0.11411606197599362,0.966877174690344,0.05625234384766033,36,0.0009307764007408202,0.001608701903839634,1.0,0.0010104166666666569,4,0,,,
39,order,0.75,0.0019537037037037105,0.0019166666666666776,0.00038425925925926165,87.96568013632587,9,0.21697668236474887,0.14750169108768563,1.1291092914501637,0.06906306281280239,36,0.0014793079965560244,0.0023190504803747673,1.0,0.0003750000000000177,4,0,,,
39,order,1.0,0.0,0.0,0.0,0.0,9,0.22931399665027388,0.1567337408736634,1.1849588742427206,0.073998453639272,36,4.440892098500626e-16,8.285660660395649e-16,1.0,0.0,4,0,,,
39,coupling,0.0,0.0,0.0,0.0,0.0,9,0.0,0.0,0.0,0.0,36,0.0,0.0,1.0,0.0,4,0,0.5,0.0,ok
39,coupling,0.25,0.0025879629629629677,0.0025000000000000022,0.0012962962962963062,13.891640470933961,9,0.10114788621213322,0.07227946032943834,0.6870967136420161,0.03239023848215898,36,0.15819702954294684,0.24977393915595597,1.0,0.003833333333333332,4,0,0.620293499622071,0.11099908919123203,ok
39,coupling,0.5,0.002703703703703705,0.0030416666666666647,0.0010925925925925782,18.52210250328891,9,0.17635637695530643,0.12316578098606154,0.9746692886601382,0.05703478385673477,36,0.3168110013429747,0.5002876145480862,1.0,0.007822916666666648,4,0,0.7439027210884355,0.2379358956916101,ok
39,coupling,0.75,0.002564814814814816,0.003166666666666651,0.0006342592592592472,60.18858978531299,9,0.21525393856370967,0.13633894402888766,1.1273523106021537,0.07071590945919043,36,0.4716449084176596,0.7498043657315154,1.0,0.011322916666666655,4,0,0.8682448223733937,0.35948053665910795,ok
39,coupling,1.0,0.0,0.0,0.0,0.0,9,0.23017926163643113,0.16697260758189497,1.183264240733739,0.07571148797866578,36,0.6269255339506127,0.9940086722893787,0.75,0.014156249999999995,4,0,0.9902895313681027,0.4797966969009826,ok
