source,period,skill,lo,hi
column_shuffle,future,-0.07040422313488451,-0.11356849921923202,-0.017227222696808032
column_shuffle,near,-0.06913257247552318,-0.09240175220079824,-0.049067795762259475
hurdle_iid,future,-0.028017376311164938,-0.033795005459306984,-0.022662287124740825
hurdle_iid,near,-0.08217267904208973,-0.08616838933692306,-0.07817696874725644
independent_marginals,future,-0.03608533033451473,-0.03904189749549064,-0.03310506820776891
independent_marginals,near,-0.07584220846444359,-0.07721272840874284,-0.07447168852014434
independent_stitch,future,0.3306614765931487,0.29912248888808446,0.35844374987829664
independent_stitch,near,0.23851393259101045,0.2171233703929528,0.25483207102352795
real_contiguous_block,future,0.46845118977885586,0.43366427002995867,0.4973699149800709
real_contiguous_block,near,0.38945252371512756,0.34549339618581587,0.4227763858004615
real_row_resample,future,-0.030232742145616325,-0.03236633610330055,-0.028981726046590335
real_row_resample,near,-0.07236171604278441,-0.07871704771575241,-0.06600638436981637
shared_stitch,future,0.2988869099343969,0.2901038113422971,0.3086570341226802
shared_stitch,near,0.2282606170090636,0.22219716283629115,0.23558033323078562
