regime,pair_id,phase,scope,status,AUC,n_per_class,groups
roll2,p0,calibration,iot_values,ok,1.0,204,6
roll2,p0,calibration,multimodal_balanced,ok,1.0,204,6
roll2,p0,calibration,network_general,ok,0.9233948481353326,204,6
roll2,p0,calibration,network_iot_named,ok,1.0,204,6
roll2,p1,qualification,iot_values,ok,1.0,204,6
roll2,p1,qualification,multimodal_balanced,ok,1.0,204,6
roll2,p1,qualification,network_general,ok,0.9872805331282839,204,6
roll2,p1,qualification,network_iot_named,ok,1.0,204,6
roll2,p2,calibration,iot_values,ok,1.0,204,6
roll2,p2,calibration,multimodal_balanced,ok,1.0,204,6
roll2,p2,calibration,network_general,ok,0.9487056260412662,204,6
roll2,p2,calibration,network_iot_named,ok,0.9999038831218762,204,6
roll2,p3,qualification,iot_values,ok,1.0,204,6
roll2,p3,qualification,multimodal_balanced,ok,1.0,204,6
roll2,p3,qualification,network_general,ok,0.9564109957708573,204,6
roll2,p3,qualification,network_iot_named,ok,1.0,204,6
roll2,p4,calibration,iot_values,ok,1.0,204,6
roll2,p4,calibration,multimodal_balanced,ok,1.0,204,6
roll2,p4,calibration,network_general,ok,0.9907407407407408,204,6
roll2,p4,calibration,network_iot_named,ok,0.9995514545687557,204,6
roll2,p5,qualification,iot_values,ok,1.0,204,6
roll2,p5,qualification,multimodal_balanced,ok,1.0,204,6
roll2,p5,qualification,network_general,ok,0.9671600666410355,204,6
roll2,p5,qualification,network_iot_named,ok,1.0,204,6
roll2,p6,calibration,iot_values,ok,1.0,204,6
roll2,p6,calibration,multimodal_balanced,ok,1.0,204,6
roll2,p6,calibration,network_general,ok,0.9503716519287454,204,6
roll2,p6,calibration,network_iot_named,ok,1.0,204,6
roll2,p7,qualification,iot_values,ok,1.0,204,6
roll2,p7,qualification,multimodal_balanced,ok,1.0,204,6
roll2,p7,qualification,network_general,ok,0.9647571446879407,204,6
roll2,p7,qualification,network_iot_named,ok,1.0,204,6
roll2,p8,calibration,iot_values,ok,1.0,204,6
roll2,p8,calibration,multimodal_balanced,ok,1.0,204,6
roll2,p8,calibration,network_general,ok,0.9736319364347046,204,6
roll2,p8,calibration,network_iot_named,ok,1.0,204,6
roll2,p9,qualification,iot_values,ok,1.0,204,6
roll2,p9,qualification,multimodal_balanced,ok,1.0,204,6
roll2,p9,qualification,network_general,ok,0.9994232987312571,204,6
roll2,p9,qualification,network_iot_named,ok,0.9999679610406255,204,6
