task_id,axis,capability,target,predictors,lag_rows,horizon_rows,task_type,historical_threshold,threshold,family,model_id,regime,n_train,n_validation,admitted,loss,naive_loss,reference_skill,AUC,AP_gain,prevalence,naive_prediction,warnings,reason,target_IQR,loss_scale,IQR_floor_activated
C0009,temporal,state_transition_prediction,iot__motion_light__motion_true_fraction,['iot__motion_light__motion_true_fraction'],1,1,transition_classification,0.5,0.5,state_transition_prediction|iot__motion_light__motion_true_fraction,linear,roll1,11471,2818,False,0.22856417456600936,0.244869843071775,0.06658912465993705,0.650323711722998,0.09345392322559459,0.4283179559971611,0.43117426553918575,[],reference_did_not_clear_admission_rules,,,
C0013,temporal,state_transition_prediction,iot__motion_light__light_on_fraction,['iot__motion_light__light_on_fraction'],1,1,transition_classification,0.5,0.5,state_transition_prediction|iot__motion_light__light_on_fraction,linear,roll1,11471,2818,False,0.22856417456600936,0.244869843071775,0.06658912465993705,0.650323711722998,0.09345392322559459,0.4283179559971611,0.43117426553918575,[],reference_did_not_clear_admission_rules,,,
C0021,temporal,state_transition_prediction,iot__thermostat__status_true_fraction,['iot__thermostat__status_true_fraction'],1,1,transition_classification,0.5,0.5,state_transition_prediction|iot__thermostat__status_true_fraction,linear,roll1,11471,2818,False,0.08414773841864671,0.08802862247312303,0.04408661575570182,0.6493332469756831,0.08239061291845304,0.09687721788502485,0.12004184465173046,[],reference_did_not_clear_admission_rules,,,
C0033,temporal,network_burst_prediction,router__general__byte_count,['router__general__byte_count'],12,1,threshold_classification,538177.3,545475.7,network_burst_prediction|router__general__byte_count,linear,roll1,11487,2830,False,0.05191072465999672,0.052065246266876794,0.002967845500778439,0.6353834715584938,0.015624143443867651,0.05265017667844523,0.0994167319578654,[],reference_did_not_clear_admission_rules,,,
C0034,temporal,network_volume_forecast,router__general__packet_length_max,['router__general__packet_length_max'],12,1,regression,,,network_volume_forecast|router__general__packet_length_max,linear,roll1,11487,2830,True,0.5295266054917495,0.6744348166365075,0.21485873441029305,,,,3827.0,[],,1435.75,1435.75,False
C0035,temporal,network_volume_forecast,router__general__packet_length_max,['router__general__packet_length_max'],12,3,regression,,,network_volume_forecast|router__general__packet_length_max,linear,roll1,11485,2828,True,0.545139274284338,0.6741232718576275,0.1913359217192706,,,,3827.0,[],,1436.0,1436.0,False
C0037,temporal,network_burst_prediction,router__general__packet_length_max,['router__general__packet_length_max'],12,1,threshold_classification,5669.0,5361.0,network_burst_prediction|router__general__packet_length_max,linear,roll1,11487,2830,False,0.12929400603211824,0.1364795116362099,0.05264896919652542,0.8168228343758596,0.3697821459706445,0.15795053003533568,0.09898145729955601,[],reference_did_not_clear_admission_rules,,,
C0038,temporal,network_volume_forecast,router__general__packet_count,['router__general__packet_count'],12,1,regression,,,network_volume_forecast|router__general__packet_count,linear,roll1,11487,2830,False,0.7688366783972924,0.7452438162544169,-0.03165791064386527,,,,904.0,[],reference_did_not_clear_admission_rules,25.0,25.0,False
C0039,temporal,network_volume_forecast,router__general__packet_count,['router__general__packet_count'],12,3,regression,,,network_volume_forecast|router__general__packet_count,linear,roll1,11485,2828,False,0.7673353115694652,0.7453182461103254,-0.02954048901129515,,,,904.0,[],reference_did_not_clear_admission_rules,25.0,25.0,False
C0040,temporal,network_volume_forecast,router__general__packet_count,['router__general__packet_count'],12,12,regression,,,network_volume_forecast|router__general__packet_count,linear,roll1,11476,2819,False,0.7903106273339882,0.7463781482795318,-0.058860885940624996,,,,904.0,[],reference_did_not_clear_admission_rules,25.0,25.0,False
C0041,temporal,network_burst_prediction,router__general__packet_count,['router__general__packet_count'],12,1,threshold_classification,935.0,987.1000000000004,network_burst_prediction|router__general__packet_count,linear,roll1,11487,2830,False,0.013091350631816342,0.016599056821872214,0.21131960855955645,0.44003920171062005,-0.0005032646272026299,0.008480565371024734,0.09898145729955601,[],reference_did_not_clear_admission_rules,,,
C0044,temporal,network_volume_forecast,router__general__packet_length_mean,['router__general__packet_length_mean'],12,12,regression,,,network_volume_forecast|router__general__packet_length_mean,linear,roll1,11476,2819,True,0.33943746638186195,0.5083803362420113,0.33231590173016673,,,,511.04427283303187,[],,102.57803572832722,102.57803572832722,False
C0045,temporal,network_burst_prediction,router__general__packet_length_mean,['router__general__packet_length_mean'],12,1,threshold_classification,589.3259765625,596.7359891404762,network_burst_prediction|router__general__packet_length_mean,linear,roll1,11487,2830,False,0.05369106781397796,0.05438395169013892,0.012740594506790697,0.6314680182337649,0.020450584350918552,0.055477031802120144,0.10002611647949856,[],reference_did_not_clear_admission_rules,,,
C0049,temporal,network_burst_prediction,router__general__packet_length_std,['router__general__packet_length_std'],12,1,threshold_classification,400.6561065673829,401.1165959049173,network_burst_prediction|router__general__packet_length_std,linear,roll1,11487,2830,False,0.13159854568646914,0.13126939078383248,-0.0025074764244064555,0.6468473217744354,0.07419420044914804,0.15159010600706713,0.10002611647949856,[],reference_did_not_clear_admission_rules,,,
C0050,temporal,network_volume_forecast,router__general__ipv4_count,['router__general__ipv4_count'],12,1,regression,,,network_volume_forecast|router__general__ipv4_count,linear,roll1,11487,2830,False,0.7320332579266151,0.7269836170896241,-0.0069460173768516546,,,,147.0,[],reference_did_not_clear_admission_rules,22.0,22.0,False
C0051,temporal,network_volume_forecast,router__general__ipv4_count,['router__general__ipv4_count'],12,3,regression,,,network_volume_forecast|router__general__ipv4_count,linear,roll1,11485,2828,False,0.7276021788117941,0.7272405812009772,-0.0004972186923613916,,,,147.0,[],reference_did_not_clear_admission_rules,22.0,22.0,False
C0052,temporal,network_volume_forecast,router__general__ipv4_count,['router__general__ipv4_count'],12,12,regression,,,network_volume_forecast|router__general__ipv4_count,linear,roll1,11476,2819,False,0.7561207421299443,0.7292237737431069,-0.036884382209284305,,,,147.0,[],reference_did_not_clear_admission_rules,22.0,22.0,False
C0053,temporal,network_burst_prediction,router__general__ipv4_count,['router__general__ipv4_count'],12,1,threshold_classification,173.0,222.0,network_burst_prediction|router__general__ipv4_count,linear,roll1,11487,2830,False,0.008625737011238586,0.01429934592930678,0.3967740165261703,0.4381441009239516,-0.00011373729770316251,0.005653710247349823,0.09880734743623226,[],reference_did_not_clear_admission_rules,,,
C0057,temporal,network_burst_prediction,router__general__tcp_count,['router__general__tcp_count'],12,1,threshold_classification,134.0,185.0,network_burst_prediction|router__general__tcp_count,linear,roll1,11487,2830,False,,,,,,,,,prevalence_outside_range,,,
C0061,temporal,network_burst_prediction,router__general__ipv6_count,['router__general__ipv6_count'],12,1,threshold_classification,7.0,7.0,network_burst_prediction|router__general__ipv6_count,linear,roll1,11487,2830,False,0.12899532938631822,0.1289606503677488,-0.00026891162901639966,0.520434185998343,0.01578483771456582,0.1469964664310954,0.0872290415252024,[],reference_did_not_clear_admission_rules,,,
C0065,temporal,network_volume_forecast,router__general__packet_length_min,['router__general__packet_length_min'],12,1,regression,,,network_volume_forecast|router__general__packet_length_min,linear,roll1,11487,2830,False,0.47758767870839375,0.41425206124852765,-0.1528914962281101,,,,44.0,[],reference_did_not_clear_admission_rules,18.0,18.0,False
C0066,temporal,network_volume_forecast,router__general__packet_length_min,['router__general__packet_length_min'],12,3,regression,,,network_volume_forecast|router__general__packet_length_min,linear,roll1,11485,2828,False,0.47539710650971095,0.4141914191419142,-0.147771500178824,,,,44.0,[],reference_did_not_clear_admission_rules,18.0,18.0,False
C0067,temporal,network_volume_forecast,router__general__packet_length_min,['router__general__packet_length_min'],12,12,regression,,,network_volume_forecast|router__general__packet_length_min,linear,roll1,11476,2819,False,0.4518156623458592,0.41515903984864605,-0.08829537352860481,,,,44.0,[],reference_did_not_clear_admission_rules,18.0,18.0,False
C0071,temporal,network_burst_prediction,router__iot_named__mqtt_port_packets,['router__iot_named__mqtt_port_packets'],12,1,threshold_classification,47.0,42.0,network_burst_prediction|router__iot_named__mqtt_port_packets,linear,roll1,11487,2834,False,,,,,,,,,prevalence_outside_range,,,
C0078,temporal,network_volume_forecast,router__iot_named__arp_count,['router__iot_named__arp_count'],12,12,regression,,,network_volume_forecast|router__iot_named__arp_count,linear,roll1,11476,2823,True,0.607475115246621,0.7380446333687567,0.17691276681487353,,,,3.0,[],,4.0,4.0,False
C0079,temporal,network_burst_prediction,router__iot_named__arp_count,['router__iot_named__arp_count'],12,1,threshold_classification,9.0,8.0,network_burst_prediction|router__iot_named__arp_count,linear,roll1,11487,2834,False,0.134097212461408,0.13658128683602996,0.018187516256192422,0.5316753831556877,0.02078372716604443,0.15384615384615385,0.0738225820492731,[],reference_did_not_clear_admission_rules,,,
C0081,temporal,network_volume_forecast,router__iot_named__udp_count,['router__iot_named__udp_count'],12,3,regression,,,network_volume_forecast|router__iot_named__udp_count,linear,roll1,11485,2832,True,0.29136815131888555,0.484375,0.39846575211584917,,,,1.0,[],,4.0,4.0,False
C0082,temporal,network_volume_forecast,router__iot_named__udp_count,['router__iot_named__udp_count'],12,12,regression,,,network_volume_forecast|router__iot_named__udp_count,linear,roll1,11476,2823,True,0.2498212936311411,0.48441374424371236,0.48428116130112514,,,,1.0,[],,4.0,4.0,False
C0085,temporal,network_volume_forecast,router__iot_named__dns_port_packets,['router__iot_named__dns_port_packets'],12,3,regression,,,network_volume_forecast|router__iot_named__dns_port_packets,linear,roll1,11485,2832,True,0.09082984465134859,0.3375706214689266,0.7309308367650427,,,,0.0,[],,4.0,4.0,False
C0086,temporal,network_volume_forecast,router__iot_named__dns_port_packets,['router__iot_named__dns_port_packets'],12,12,regression,,,network_volume_forecast|router__iot_named__dns_port_packets,linear,roll1,11476,2823,True,0.09772318917140074,0.3375841303577754,0.7105219695373932,,,,0.0,[],,4.0,4.0,False
C0149,contemporaneous,cross_tier_dependency,router__general__ipv4_count,['router__iot_named__mqtt_port_packets'],0,0,regression,,,cross_tier_dependency|router__general__ipv4_count,linear,roll1,11500,2843,False,1.9804668887611696,0.7085505068269753,-1.7950962841450486,,,,148.0,[],reference_did_not_clear_admission_rules,22.0,22.0,False
C0150,temporal,cross_tier_future_response,router__general__ipv4_count,['router__iot_named__mqtt_port_packets'],12,1,regression,,,cross_tier_future_response|router__general__ipv4_count,linear,roll1,11487,2830,False,1.7241710852922316,0.7269836170896241,-1.371678047154221,,,,147.0,[],reference_did_not_clear_admission_rules,22.0,22.0,False
