task_id,capability,family,axis,model_id,n_real_train,n_synthetic_train,real_available,synthetic_available,synthetic_target_observation_policy,period,n_test,warnings,real_loss,synthetic_loss,naive_loss,reference_skill,status,ratio,log_ratio,noninferior,real_target_IQR,real_loss_scale,real_IQR_floor_activated,real_naive_prediction,source,seed,regime,source_valid,source_state,permission
C0034,network_volume_forecast,network_volume_forecast|router__general__packet_length_max,temporal,linear,4297,4297,14355,4297,propagated real-source observation mask,near,4299,[],0.5587568777050823,0.687411114108366,0.7341658968949628,0.23892286461649184,ok,1.2302508327623463,0.20721807766869707,False,1903.0,1903.0,False,3831.0,real_row_resample,1337,roll1,True,Anchor-Valid,Admissible
C0034,network_volume_forecast,network_volume_forecast|router__general__packet_length_max,temporal,linear,4297,4297,14355,4297,propagated real-source observation mask,future,4299,[],3.2945237194465986,3.697551549002475,2.8227373252370387,-0.1671379019193512,ok,1.1223326537844978,0.11540924603202646,False,134.0,134.0,False,3831.0,real_row_resample,1337,roll1,True,Anchor-Valid,Admissible
C0035,network_volume_forecast,network_volume_forecast|router__general__packet_length_max,temporal,linear,4295,4295,14353,4295,propagated real-source observation mask,near,4297,[],0.5835543282679261,0.6816218043762363,0.7340537844841828,0.20502510769290863,ok,1.1680520070845652,0.15533741002825271,False,1903.0,1903.0,False,3831.0,real_row_resample,1337,roll1,True,Anchor-Valid,Admissible
C0035,network_volume_forecast,network_volume_forecast|router__general__packet_length_max,temporal,linear,4295,4295,14353,4295,propagated real-source observation mask,future,4297,[],3.386778354309204,3.679652044966391,2.8231445750072073,-0.19964750806308162,ok,1.086475600118486,0.08293906313910934,True,134.0,134.0,False,3831.0,real_row_resample,1337,roll1,True,Anchor-Valid,Admissible
C0044,network_volume_forecast,network_volume_forecast|router__general__packet_length_mean,temporal,linear,4286,4286,14344,4286,propagated real-source observation mask,near,4288,[],0.47105490034586245,0.6436285498768046,0.6559123695819656,0.2818325706434213,ok,1.3663557037709055,0.31214712532623745,False,108.76456883707169,108.76456883707169,False,510.10609427609427,real_row_resample,1337,roll1,True,Anchor-Valid,Admissible
C0044,network_volume_forecast,network_volume_forecast|router__general__packet_length_mean,temporal,linear,4286,4286,14344,4286,propagated real-source observation mask,future,4288,[],0.29668440353182907,0.5097898730252971,0.5220953776512154,0.4317429032477886,ok,1.7182900986927192,0.5413296676846939,False,107.85682852698847,107.85682852698847,False,510.10609427609427,real_row_resample,1337,roll1,True,Anchor-Valid,Admissible
C0078,network_volume_forecast,network_volume_forecast|router__iot_named__arp_count,temporal,linear,4288,4288,14348,4288,propagated real-source observation mask,near,4288,[],0.49478601842887615,0.6255322244068137,0.5377798507462687,0.0799469006838591,ok,1.2642479801533273,0.23447746331271016,False,4.0,4.0,False,3.0,real_row_resample,1337,roll1,True,Anchor-Valid,Admissible
C0078,network_volume_forecast,network_volume_forecast|router__iot_named__arp_count,temporal,linear,4288,4288,14348,4288,propagated real-source observation mask,future,4288,[],0.6730575150463843,0.876672373774348,0.7094216417910447,0.05125883480641149,ok,1.302522227560198,0.2643025598051086,False,3.0,3.0,False,3.0,real_row_resample,1337,roll1,True,Anchor-Valid,Admissible
C0081,network_volume_forecast,network_volume_forecast|router__iot_named__udp_count,temporal,linear,4297,4297,14357,4297,propagated real-source observation mask,near,4297,[],0.22140724494538122,0.5042550698445961,0.4508377938096346,0.5088982157541344,ok,2.2775003138176007,0.8230784879423513,False,4.0,4.0,False,1.0,real_row_resample,1337,roll1,True,Anchor-Valid,Admissible
C0081,network_volume_forecast,network_volume_forecast|router__iot_named__udp_count,temporal,linear,4297,4297,14357,4297,propagated real-source observation mask,future,4297,[],0.180245212659377,0.504304850141848,0.4338491971142658,0.5845440907617846,ok,2.797882077982681,1.0288627302453242,False,4.0,4.0,False,1.0,real_row_resample,1337,roll1,True,Anchor-Valid,Admissible
C0082,network_volume_forecast,network_volume_forecast|router__iot_named__udp_count,temporal,linear,4288,4288,14348,4288,propagated real-source observation mask,near,4288,[],0.22686395047828684,0.5178608733572407,0.4510261194029851,0.4970048502322162,ok,2.2826935362161263,0.825356121224771,False,4.0,4.0,False,1.0,real_row_resample,1337,roll1,True,Anchor-Valid,Admissible
C0082,network_volume_forecast,network_volume_forecast|router__iot_named__udp_count,temporal,linear,4288,4288,14348,4288,propagated real-source observation mask,future,4288,[],0.18881751038392236,0.5188815430319949,0.43388526119402987,0.5648215616628546,ok,2.7480583870476516,1.0108946212405188,False,4.0,4.0,False,1.0,real_row_resample,1337,roll1,True,Anchor-Valid,Admissible
C0085,network_volume_forecast,network_volume_forecast|router__iot_named__dns_port_packets,temporal,linear,4297,4297,14357,4297,propagated real-source observation mask,near,4297,[],0.09434168937742288,0.460115445625936,0.35123341866418434,0.7313988807322934,ok,4.877116878681285,1.584554241722952,False,4.0,4.0,False,0.0,real_row_resample,1337,roll1,True,Anchor-Valid,Admissible
C0085,network_volume_forecast,network_volume_forecast|router__iot_named__dns_port_packets,temporal,linear,4297,4297,14357,4297,propagated real-source observation mask,future,4297,[],0.0817638062083547,0.4565302491352776,0.3457063067256225,0.763487663899495,ok,5.583524915314289,1.7198202822049007,False,4.0,4.0,False,0.0,real_row_resample,1337,roll1,True,Anchor-Valid,Admissible
C0086,network_volume_forecast,network_volume_forecast|router__iot_named__dns_port_packets,temporal,linear,4288,4288,14348,4288,propagated real-source observation mask,near,4288,[],0.11264911392388056,0.47403518680336526,0.35127098880597013,0.6793099415730458,ok,4.208068490655693,1.4370037515994563,False,4.0,4.0,False,0.0,real_row_resample,1337,roll1,True,Anchor-Valid,Admissible
C0086,network_volume_forecast,network_volume_forecast|router__iot_named__dns_port_packets,temporal,linear,4288,4288,14348,4288,propagated real-source observation mask,future,4288,[],0.1000008456690839,0.4706403746577698,0.345732276119403,0.7107564072654086,ok,4.706363946312828,1.548915623972905,False,4.0,4.0,False,0.0,real_row_resample,1337,roll1,True,Anchor-Valid,Admissible
C0034,network_volume_forecast,network_volume_forecast|router__general__packet_length_max,temporal,linear,4299,4299,14355,4299,propagated real-source observation mask,near,4299,[],0.5659992193887605,0.6727545291747181,0.7341658968949628,0.22905814369400204,ok,1.1886138816609073,0.17278782288349234,False,1903.0,1903.0,False,3831.0,real_contiguous_block,1337,roll1,True,Anchor-Valid,Admissible
C0034,network_volume_forecast,network_volume_forecast|router__general__packet_length_max,temporal,linear,4299,4299,14355,4299,propagated real-source observation mask,future,4299,[],3.3330470436052093,2.985204164755629,2.8227373252370387,-0.18078540776914745,ok,0.895638173029405,-0.110218772310344,True,134.0,134.0,False,3831.0,real_contiguous_block,1337,roll1,True,Anchor-Valid,Admissible
C0035,network_volume_forecast,network_volume_forecast|router__general__packet_length_max,temporal,linear,4297,4297,14353,4297,propagated real-source observation mask,near,4297,[],0.592924740389606,0.6811699058847812,0.7340537844841828,0.19225981403222075,ok,1.1488302974795588,0.1387442921182692,False,1903.0,1903.0,False,3831.0,real_contiguous_block,1337,roll1,True,Anchor-Valid,Admissible
C0035,network_volume_forecast,network_volume_forecast|router__general__packet_length_max,temporal,linear,4297,4297,14353,4297,propagated real-source observation mask,future,4297,[],3.3619970982230285,3.0092670206438035,2.8231445750072073,-0.19086961680467449,ok,0.8950831701295462,-0.11083863750573009,True,134.0,134.0,False,3831.0,real_contiguous_block,1337,roll1,True,Anchor-Valid,Admissible
C0044,network_volume_forecast,network_volume_forecast|router__general__packet_length_mean,temporal,linear,4288,4288,14344,4288,propagated real-source observation mask,near,4288,[],0.4894480250001962,0.3592215249871595,0.6565257746445264,0.25448772325015556,ok,0.733931912355792,-0.30933901712837336,True,108.76456883707169,108.76456883707169,False,509.64563127962674,real_contiguous_block,1337,roll1,True,Anchor-Valid,Admissible
C0044,network_volume_forecast,network_volume_forecast|router__general__packet_length_mean,temporal,linear,4288,4288,14344,4288,propagated real-source observation mask,future,4288,[],0.32026361881952603,0.15065558262824413,0.5227734065197014,0.38737584042072637,ok,0.47041116684921086,-0.7541481436292935,True,107.85682852698847,107.85682852698847,False,509.64563127962674,real_contiguous_block,1337,roll1,True,Anchor-Valid,Admissible
C0078,network_volume_forecast,network_volume_forecast|router__iot_named__arp_count,temporal,linear,4288,4288,14348,4288,propagated real-source observation mask,near,4288,[],0.49478601842887615,0.5157204138920013,0.5377798507462687,0.0799469006838591,ok,1.0423099980262163,0.04143940199019959,True,4.0,4.0,False,3.0,real_contiguous_block,1337,roll1,True,Anchor-Valid,Admissible
C0078,network_volume_forecast,network_volume_forecast|router__iot_named__arp_count,temporal,linear,4288,4288,14348,4288,propagated real-source observation mask,future,4288,[],0.6730575150463843,0.7075873825427549,0.7094216417910447,0.05125883480641149,ok,1.0513029967342253,0.05003034409898636,True,3.0,3.0,False,3.0,real_contiguous_block,1337,roll1,True,Anchor-Valid,Admissible
C0081,network_volume_forecast,network_volume_forecast|router__iot_named__udp_count,temporal,linear,4297,4297,14357,4297,propagated real-source observation mask,near,4297,[],0.22140724494538122,0.22758989638515256,0.4508377938096346,0.5088982157541344,ok,1.0279243411447379,0.02754156621626804,True,4.0,4.0,False,1.0,real_contiguous_block,1337,roll1,True,Anchor-Valid,Admissible
C0081,network_volume_forecast,network_volume_forecast|router__iot_named__udp_count,temporal,linear,4297,4297,14357,4297,propagated real-source observation mask,future,4297,[],0.180245212659377,0.1883626972576236,0.4338491971142658,0.5845440907617846,ok,1.0450357847427927,0.04405112860347707,True,4.0,4.0,False,1.0,real_contiguous_block,1337,roll1,True,Anchor-Valid,Admissible
C0082,network_volume_forecast,network_volume_forecast|router__iot_named__udp_count,temporal,linear,4288,4288,14348,4288,propagated real-source observation mask,near,4288,[],0.22686395047828684,0.22954867720632813,0.4510261194029851,0.4970048502322162,ok,1.0118340825961163,0.011764607420165114,True,4.0,4.0,False,1.0,real_contiguous_block,1337,roll1,True,Anchor-Valid,Admissible
C0082,network_volume_forecast,network_volume_forecast|router__iot_named__udp_count,temporal,linear,4288,4288,14348,4288,propagated real-source observation mask,future,4288,[],0.18881751038392236,0.19218788625886157,0.43388526119402987,0.5648215616628546,ok,1.0178499116320634,0.01769247271268325,True,4.0,4.0,False,1.0,real_contiguous_block,1337,roll1,True,Anchor-Valid,Admissible
C0085,network_volume_forecast,network_volume_forecast|router__iot_named__dns_port_packets,temporal,linear,4297,4297,14357,4297,propagated real-source observation mask,near,4297,[],0.09434168937742288,0.09333821639541266,0.35123341866418434,0.7313988807322934,ok,0.9893634194105246,-0.010693553369982156,True,4.0,4.0,False,0.0,real_contiguous_block,1337,roll1,True,Anchor-Valid,Admissible
C0085,network_volume_forecast,network_volume_forecast|router__iot_named__dns_port_packets,temporal,linear,4297,4297,14357,4297,propagated real-source observation mask,future,4297,[],0.0817638062083547,0.0807373081898432,0.3457063067256225,0.763487663899495,ok,0.9874455695482702,-0.012633903170782178,True,4.0,4.0,False,0.0,real_contiguous_block,1337,roll1,True,Anchor-Valid,Admissible
C0086,network_volume_forecast,network_volume_forecast|router__iot_named__dns_port_packets,temporal,linear,4288,4288,14348,4288,propagated real-source observation mask,near,4288,[],0.11264911392388056,0.10358675315530776,0.35127098880597013,0.6793099415730458,ok,0.9195523120164404,-0.08386834474914327,True,4.0,4.0,False,0.0,real_contiguous_block,1337,roll1,True,Anchor-Valid,Admissible
C0086,network_volume_forecast,network_volume_forecast|router__iot_named__dns_port_packets,temporal,linear,4288,4288,14348,4288,propagated real-source observation mask,future,4288,[],0.1000008456690839,0.09068191539060946,0.345732276119403,0.7107564072654086,ok,0.9068114852817143,-0.0978206947014537,True,4.0,4.0,False,0.0,real_contiguous_block,1337,roll1,True,Anchor-Valid,Admissible
C0034,network_volume_forecast,network_volume_forecast|router__general__packet_length_max,temporal,linear,4299,4299,14355,4299,complete generated value view; no generated-mask claim,near,4299,[],0.5659992193887605,0.6883094675142881,0.7341658968949628,0.22905814369400204,ok,1.216096142778455,0.19564584520343348,False,1903.0,1903.0,False,3831.0,independent_marginals,1337,roll1,True,Mechanism-Valid,Admissible
C0034,network_volume_forecast,network_volume_forecast|router__general__packet_length_max,temporal,linear,4299,4299,14355,4299,complete generated value view; no generated-mask claim,future,4299,[],3.3330470436052093,3.7294710501247965,2.8227373252370387,-0.18078540776914745,ok,1.1189374171241198,0.1123795002627663,False,134.0,134.0,False,3831.0,independent_marginals,1337,roll1,True,Mechanism-Valid,Admissible
C0035,network_volume_forecast,network_volume_forecast|router__general__packet_length_max,temporal,linear,4297,4297,14353,4297,complete generated value view; no generated-mask claim,near,4297,[],0.592924740389606,0.7003623612370923,0.7340537844841828,0.19225981403222075,ok,1.1811994230109035,0.166530382410457,False,1903.0,1903.0,False,3831.0,independent_marginals,1337,roll1,True,Mechanism-Valid,Admissible
C0035,network_volume_forecast,network_volume_forecast|router__general__packet_length_max,temporal,linear,4297,4297,14353,4297,complete generated value view; no generated-mask claim,future,4297,[],3.3619970982230285,3.766184504598553,2.8231445750072073,-0.19086961680467449,ok,1.1202224138114683,0.1135272493520978,False,134.0,134.0,False,3831.0,independent_marginals,1337,roll1,True,Mechanism-Valid,Admissible
C0044,network_volume_forecast,network_volume_forecast|router__general__packet_length_mean,temporal,linear,4288,4288,14344,4288,complete generated value view; no generated-mask claim,near,4288,[],0.4894480250001962,0.6541272025386486,0.6565257746445264,0.25448772325015556,ok,1.3364589683212766,0.2900235552810193,False,108.76456883707169,108.76456883707169,False,509.64563127962674,independent_marginals,1337,roll1,True,Mechanism-Valid,Admissible
C0044,network_volume_forecast,network_volume_forecast|router__general__packet_length_mean,temporal,linear,4288,4288,14344,4288,complete generated value view; no generated-mask claim,future,4288,[],0.32026361881952603,0.5194973557611803,0.5227734065197014,0.38737584042072637,ok,1.622092942295534,0.4837172550969143,False,107.85682852698847,107.85682852698847,False,509.64563127962674,independent_marginals,1337,roll1,True,Mechanism-Valid,Admissible
C0078,network_volume_forecast,network_volume_forecast|router__iot_named__arp_count,temporal,linear,4288,4288,14348,4288,complete generated value view; no generated-mask claim,near,4288,[],0.49478601842887615,0.600925879634743,0.5377798507462687,0.0799469006838591,ok,1.2145166945963815,0.19434621543097527,False,4.0,4.0,False,3.0,independent_marginals,1337,roll1,True,Mechanism-Valid,Admissible
C0078,network_volume_forecast,network_volume_forecast|router__iot_named__arp_count,temporal,linear,4288,4288,14348,4288,complete generated value view; no generated-mask claim,future,4288,[],0.6730575150463843,0.8335862617491783,0.7094216417910447,0.05125883480641149,ok,1.2385067295351884,0.21390640354994622,False,3.0,3.0,False,3.0,independent_marginals,1337,roll1,True,Mechanism-Valid,Admissible
C0081,network_volume_forecast,network_volume_forecast|router__iot_named__udp_count,temporal,linear,4297,4297,14357,4297,complete generated value view; no generated-mask claim,near,4297,[],0.22140724494538122,0.5025019741462426,0.4508377938096346,0.5088982157541344,ok,2.269582344833406,0.8195958255050743,False,4.0,4.0,False,1.0,independent_marginals,1337,roll1,True,Mechanism-Valid,Admissible
C0081,network_volume_forecast,network_volume_forecast|router__iot_named__udp_count,temporal,linear,4297,4297,14357,4297,complete generated value view; no generated-mask claim,future,4297,[],0.180245212659377,0.5023099031995131,0.4338491971142658,0.5845440907617846,ok,2.786814117214675,1.0248990499047432,False,4.0,4.0,False,1.0,independent_marginals,1337,roll1,True,Mechanism-Valid,Admissible
C0082,network_volume_forecast,network_volume_forecast|router__iot_named__udp_count,temporal,linear,4288,4288,14348,4288,complete generated value view; no generated-mask claim,near,4288,[],0.22686395047828684,0.510653324518111,0.4510261194029851,0.4970048502322162,ok,2.2509231785901815,0.8113404336612826,False,4.0,4.0,False,1.0,independent_marginals,1337,roll1,True,Mechanism-Valid,Admissible
C0082,network_volume_forecast,network_volume_forecast|router__iot_named__udp_count,temporal,linear,4288,4288,14348,4288,complete generated value view; no generated-mask claim,future,4288,[],0.18881751038392236,0.5109882485621596,0.43388526119402987,0.5648215616628546,ok,2.7062545604121566,0.9955655979079938,False,4.0,4.0,False,1.0,independent_marginals,1337,roll1,True,Mechanism-Valid,Admissible
C0085,network_volume_forecast,network_volume_forecast|router__iot_named__dns_port_packets,temporal,linear,4297,4297,14357,4297,complete generated value view; no generated-mask claim,near,4297,[],0.09434168937742288,0.45858805454553414,0.35123341866418434,0.7313988807322934,ok,4.86092688790964,1.581229137404979,False,4.0,4.0,False,0.0,independent_marginals,1337,roll1,True,Mechanism-Valid,Admissible
C0085,network_volume_forecast,network_volume_forecast|router__iot_named__dns_port_packets,temporal,linear,4297,4297,14357,4297,complete generated value view; no generated-mask claim,future,4297,[],0.0817638062083547,0.45498308687272104,0.3457063067256225,0.763487663899495,ok,5.5646025787169195,1.716425567750947,False,4.0,4.0,False,0.0,independent_marginals,1337,roll1,True,Mechanism-Valid,Admissible
C0086,network_volume_forecast,network_volume_forecast|router__iot_named__dns_port_packets,temporal,linear,4288,4288,14348,4288,complete generated value view; no generated-mask claim,near,4288,[],0.11264911392388056,0.4637081915439167,0.35127098880597013,0.6793099415730458,ok,4.1163944871972475,1.4149776557497822,False,4.0,4.0,False,0.0,independent_marginals,1337,roll1,True,Mechanism-Valid,Admissible
C0086,network_volume_forecast,network_volume_forecast|router__iot_named__dns_port_packets,temporal,linear,4288,4288,14348,4288,complete generated value view; no generated-mask claim,future,4288,[],0.1000008456690839,0.460154328149146,0.345732276119403,0.7107564072654086,ok,4.601504367991625,1.5263832865501814,False,4.0,4.0,False,0.0,independent_marginals,1337,roll1,True,Mechanism-Valid,Admissible
C0034,network_volume_forecast,network_volume_forecast|router__general__packet_length_max,temporal,linear,4299,4299,14355,4299,complete generated value view; no generated-mask claim,near,4299,[],0.5659992193887605,0.7677192135628993,0.7341658968949628,0.22905814369400204,ok,1.356396240955919,0.3048313599266085,False,1903.0,1903.0,False,3831.0,column_shuffle,1337,roll1,True,Mechanism-Valid,Admissible
C0034,network_volume_forecast,network_volume_forecast|router__general__packet_length_max,temporal,linear,4299,4299,14355,4299,complete generated value view; no generated-mask claim,future,4299,[],3.3330470436052093,3.0470314400813585,2.8227373252370387,-0.18078540776914745,ok,0.9141879488102033,-0.08971909539605309,True,134.0,134.0,False,3831.0,column_shuffle,1337,roll1,True,Mechanism-Valid,Admissible
C0035,network_volume_forecast,network_volume_forecast|router__general__packet_length_max,temporal,linear,4297,4297,14353,4297,complete generated value view; no generated-mask claim,near,4297,[],0.592924740389606,0.7908490220912439,0.7340537844841828,0.19225981403222075,ok,1.3338101249942504,0.2880396022760634,False,1903.0,1903.0,False,3831.0,column_shuffle,1337,roll1,True,Mechanism-Valid,Admissible
C0035,network_volume_forecast,network_volume_forecast|router__general__packet_length_max,temporal,linear,4297,4297,14353,4297,complete generated value view; no generated-mask claim,future,4297,[],3.3619970982230285,3.112138149879608,2.8231445750072073,-0.19086961680467449,ok,0.9256813908389503,-0.0772251739100521,True,134.0,134.0,False,3831.0,column_shuffle,1337,roll1,True,Mechanism-Valid,Admissible
C0044,network_volume_forecast,network_volume_forecast|router__general__packet_length_mean,temporal,linear,4288,4288,14344,4288,complete generated value view; no generated-mask claim,near,4288,[],0.4894480250001962,0.6686291925498189,0.6565257746445264,0.25448772325015556,ok,1.3660882430765777,0.3119513586789541,False,108.76456883707169,108.76456883707169,False,509.64563127962674,column_shuffle,1337,roll1,True,Mechanism-Valid,Admissible
C0044,network_volume_forecast,network_volume_forecast|router__general__packet_length_mean,temporal,linear,4288,4288,14344,4288,complete generated value view; no generated-mask claim,future,4288,[],0.32026361881952603,0.5328562474764729,0.5227734065197014,0.38737584042072637,ok,1.663805116049558,0.5091072177815175,False,107.85682852698847,107.85682852698847,False,509.64563127962674,column_shuffle,1337,roll1,True,Mechanism-Valid,Admissible
C0078,network_volume_forecast,network_volume_forecast|router__iot_named__arp_count,temporal,linear,4288,4288,14348,4288,complete generated value view; no generated-mask claim,near,4288,[],0.49478601842887615,0.6425937779520582,0.5377798507462687,0.0799469006838591,ok,1.2987306714779956,0.26138738091670277,False,4.0,4.0,False,3.0,column_shuffle,1337,roll1,True,Mechanism-Valid,Admissible
C0078,network_volume_forecast,network_volume_forecast|router__iot_named__arp_count,temporal,linear,4288,4288,14348,4288,complete generated value view; no generated-mask claim,future,4288,[],0.6730575150463843,0.910438090108816,0.7094216417910447,0.05125883480641149,ok,1.3526898812593637,0.3020951146824038,False,3.0,3.0,False,3.0,column_shuffle,1337,roll1,True,Mechanism-Valid,Admissible
C0081,network_volume_forecast,network_volume_forecast|router__iot_named__udp_count,temporal,linear,4297,4297,14357,4297,complete generated value view; no generated-mask claim,near,4297,[],0.22140724494538122,0.5070581802984867,0.4508377938096346,0.5088982157541344,ok,2.290160741684729,0.8286220079781712,False,4.0,4.0,False,1.0,column_shuffle,1337,roll1,True,Mechanism-Valid,Admissible
C0081,network_volume_forecast,network_volume_forecast|router__iot_named__udp_count,temporal,linear,4297,4297,14357,4297,complete generated value view; no generated-mask claim,future,4297,[],0.180245212659377,0.5074329366281278,0.4338491971142658,0.5845440907617846,ok,2.8152366941754075,1.0350463412452824,False,4.0,4.0,False,1.0,column_shuffle,1337,roll1,True,Mechanism-Valid,Admissible
C0082,network_volume_forecast,network_volume_forecast|router__iot_named__udp_count,temporal,linear,4288,4288,14348,4288,complete generated value view; no generated-mask claim,near,4288,[],0.22686395047828684,0.5165923973734956,0.4510261194029851,0.4970048502322162,ok,2.2771021851836206,0.822903663186478,False,4.0,4.0,False,1.0,column_shuffle,1337,roll1,True,Mechanism-Valid,Admissible
C0082,network_volume_forecast,network_volume_forecast|router__iot_named__udp_count,temporal,linear,4288,4288,14348,4288,complete generated value view; no generated-mask claim,future,4288,[],0.18881751038392236,0.5175956265325973,0.43388526119402987,0.5648215616628546,ok,2.741248020271906,1.008413298550669,False,4.0,4.0,False,1.0,column_shuffle,1337,roll1,True,Mechanism-Valid,Admissible
C0085,network_volume_forecast,network_volume_forecast|router__iot_named__dns_port_packets,temporal,linear,4297,4297,14357,4297,complete generated value view; no generated-mask claim,near,4297,[],0.09434168937742288,0.4621467311987346,0.35123341866418434,0.7313988807322934,ok,4.898648034061302,1.5889592556299625,False,4.0,4.0,False,0.0,column_shuffle,1337,roll1,True,Mechanism-Valid,Admissible
C0085,network_volume_forecast,network_volume_forecast|router__iot_named__dns_port_packets,temporal,linear,4297,4297,14357,4297,complete generated value view; no generated-mask claim,future,4297,[],0.0817638062083547,0.45856335525724357,0.3457063067256225,0.763487663899495,ok,5.608390515587166,1.7242637827549232,False,4.0,4.0,False,0.0,column_shuffle,1337,roll1,True,Mechanism-Valid,Admissible
C0086,network_volume_forecast,network_volume_forecast|router__iot_named__dns_port_packets,temporal,linear,4288,4288,14348,4288,complete generated value view; no generated-mask claim,near,4288,[],0.11264911392388056,0.46291260804818535,0.35127098880597013,0.6793099415730458,ok,4.109331994932383,1.4132604836518217,False,4.0,4.0,False,0.0,column_shuffle,1337,roll1,True,Mechanism-Valid,Admissible
C0086,network_volume_forecast,network_volume_forecast|router__iot_named__dns_port_packets,temporal,linear,4288,4288,14348,4288,complete generated value view; no generated-mask claim,future,4288,[],0.1000008456690839,0.4593384937276602,0.345732276119403,0.7107564072654086,ok,4.593346092768779,1.5246087547296794,False,4.0,4.0,False,0.0,column_shuffle,1337,roll1,True,Mechanism-Valid,Admissible
C0034,network_volume_forecast,network_volume_forecast|router__general__packet_length_max,temporal,linear,4299,4299,14355,4299,complete generated value view; no generated-mask claim,near,4299,[],0.5659992193887605,0.695953446656601,0.7341658968949628,0.22905814369400204,ok,1.2296014249068787,0.20669007207931242,False,1903.0,1903.0,False,3831.0,hurdle_iid,1337,roll1,True,Mechanism-Valid,Admissible
C0034,network_volume_forecast,network_volume_forecast|router__general__packet_length_max,temporal,linear,4299,4299,14355,4299,complete generated value view; no generated-mask claim,future,4299,[],3.3330470436052093,3.440269374848989,2.8227373252370387,-0.18078540776914745,ok,1.0321694623091193,0.03166286124264359,True,134.0,134.0,False,3831.0,hurdle_iid,1337,roll1,True,Mechanism-Valid,Admissible
C0035,network_volume_forecast,network_volume_forecast|router__general__packet_length_max,temporal,linear,4297,4297,14353,4297,complete generated value view; no generated-mask claim,near,4297,[],0.592924740389606,0.7075807042510471,0.7340537844841828,0.19225981403222075,ok,1.1933735532541645,0.17678421502080938,False,1903.0,1903.0,False,3831.0,hurdle_iid,1337,roll1,True,Mechanism-Valid,Admissible
C0035,network_volume_forecast,network_volume_forecast|router__general__packet_length_max,temporal,linear,4297,4297,14353,4297,complete generated value view; no generated-mask claim,future,4297,[],3.3619970982230285,3.472900951536643,2.8231445750072073,-0.19086961680467449,ok,1.032987492277204,0.03245508191047406,True,134.0,134.0,False,3831.0,hurdle_iid,1337,roll1,True,Mechanism-Valid,Admissible
C0044,network_volume_forecast,network_volume_forecast|router__general__packet_length_mean,temporal,linear,4288,4288,14344,4288,complete generated value view; no generated-mask claim,near,4288,[],0.4894480250001962,0.6446663500383562,0.6565257746445264,0.25448772325015556,ok,1.3171293316345443,0.2754546196363657,False,108.76456883707169,108.76456883707169,False,509.64563127962674,hurdle_iid,1337,roll1,True,Mechanism-Valid,Admissible
C0044,network_volume_forecast,network_volume_forecast|router__general__packet_length_mean,temporal,linear,4288,4288,14344,4288,complete generated value view; no generated-mask claim,future,4288,[],0.32026361881952603,0.5105732490620606,0.5227734065197014,0.38737584042072637,ok,1.5942280641928837,0.4663896467915543,False,107.85682852698847,107.85682852698847,False,509.64563127962674,hurdle_iid,1337,roll1,True,Mechanism-Valid,Admissible
C0078,network_volume_forecast,network_volume_forecast|router__iot_named__arp_count,temporal,linear,4288,4288,14348,4288,complete generated value view; no generated-mask claim,near,4288,[],0.49478601842887615,0.6113807640009346,0.5377798507462687,0.0799469006838591,ok,1.235646807365917,0.21159456364156617,False,4.0,4.0,False,3.0,hurdle_iid,1337,roll1,True,Mechanism-Valid,Admissible
C0078,network_volume_forecast,network_volume_forecast|router__iot_named__arp_count,temporal,linear,4288,4288,14348,4288,complete generated value view; no generated-mask claim,future,4288,[],0.6730575150463843,0.8515929887853174,0.7094216417910447,0.05125883480641149,ok,1.2652603525667925,0.2352779133088013,False,3.0,3.0,False,3.0,hurdle_iid,1337,roll1,True,Mechanism-Valid,Admissible
C0081,network_volume_forecast,network_volume_forecast|router__iot_named__udp_count,temporal,linear,4297,4297,14357,4297,complete generated value view; no generated-mask claim,near,4297,[],0.22140724494538122,0.497888853054379,0.4508377938096346,0.5088982157541344,ok,2.248746888012643,0.8103731224073373,False,4.0,4.0,False,1.0,hurdle_iid,1337,roll1,True,Mechanism-Valid,Admissible
C0081,network_volume_forecast,network_volume_forecast|router__iot_named__udp_count,temporal,linear,4297,4297,14357,4297,complete generated value view; no generated-mask claim,future,4297,[],0.180245212659377,0.4971831070559919,0.4338491971142658,0.5845440907617846,ok,2.758370664720823,1.0146401665411933,False,4.0,4.0,False,1.0,hurdle_iid,1337,roll1,True,Mechanism-Valid,Admissible
C0082,network_volume_forecast,network_volume_forecast|router__iot_named__udp_count,temporal,linear,4288,4288,14348,4288,complete generated value view; no generated-mask claim,near,4288,[],0.22686395047828684,0.5143781857631938,0.4510261194029851,0.4970048502322162,ok,2.2673420994334004,0.8186082641693732,False,4.0,4.0,False,1.0,hurdle_iid,1337,roll1,True,Mechanism-Valid,Admissible
C0082,network_volume_forecast,network_volume_forecast|router__iot_named__udp_count,temporal,linear,4288,4288,14348,4288,complete generated value view; no generated-mask claim,future,4288,[],0.18881751038392236,0.5149084612675915,0.43388526119402987,0.5648215616628546,ok,2.7270164733166373,1.0032081446653882,False,4.0,4.0,False,1.0,hurdle_iid,1337,roll1,True,Mechanism-Valid,Admissible
C0085,network_volume_forecast,network_volume_forecast|router__iot_named__dns_port_packets,temporal,linear,4297,4297,14357,4297,complete generated value view; no generated-mask claim,near,4297,[],0.09434168937742288,0.45213923086876556,0.35123341866418434,0.7313988807322934,ok,4.792570854438908,1.5670669802705037,False,4.0,4.0,False,0.0,hurdle_iid,1337,roll1,True,Mechanism-Valid,Admissible
C0085,network_volume_forecast,network_volume_forecast|router__iot_named__dns_port_packets,temporal,linear,4297,4297,14357,4297,complete generated value view; no generated-mask claim,future,4297,[],0.0817638062083547,0.4484298734774054,0.3457063067256225,0.763487663899495,ok,5.484454482643501,1.7019176325629557,False,4.0,4.0,False,0.0,hurdle_iid,1337,roll1,True,Mechanism-Valid,Admissible
C0086,network_volume_forecast,network_volume_forecast|router__iot_named__dns_port_packets,temporal,linear,4288,4288,14348,4288,complete generated value view; no generated-mask claim,near,4288,[],0.11264911392388056,0.4562766176227429,0.35127098880597013,0.6793099415730458,ok,4.050423494063689,1.3988214420872378,False,4.0,4.0,False,0.0,hurdle_iid,1337,roll1,True,Mechanism-Valid,Admissible
C0086,network_volume_forecast,network_volume_forecast|router__iot_named__dns_port_packets,temporal,linear,4288,4288,14348,4288,complete generated value view; no generated-mask claim,future,4288,[],0.1000008456690839,0.4525975549376789,0.345732276119403,0.7107564072654086,ok,4.525937274924498,1.509824688282898,False,4.0,4.0,False,0.0,hurdle_iid,1337,roll1,True,Mechanism-Valid,Admissible
C0034,network_volume_forecast,network_volume_forecast|router__general__packet_length_max,temporal,linear,4299,4299,14355,4299,complete generated value view; no generated-mask claim,near,4299,[],0.5659992193887605,0.6016475859324928,0.7341658968949628,0.22905814369400204,ok,1.0629830666237137,0.061079169433977946,True,1903.0,1903.0,False,3831.0,independent_stitch,1337,roll1,True,Mechanism-Valid,Admissible
C0034,network_volume_forecast,network_volume_forecast|router__general__packet_length_max,temporal,linear,4299,4299,14355,4299,complete generated value view; no generated-mask claim,future,4299,[],3.3330470436052093,3.2172704411733872,2.8227373252370387,-0.18078540776914745,ok,0.9652640359055383,-0.0353536027308348,True,134.0,134.0,False,3831.0,independent_stitch,1337,roll1,True,Mechanism-Valid,Admissible
C0035,network_volume_forecast,network_volume_forecast|router__general__packet_length_max,temporal,linear,4297,4297,14353,4297,complete generated value view; no generated-mask claim,near,4297,[],0.592924740389606,0.6118291832987202,0.7340537844841828,0.19225981403222075,ok,1.0318833767953286,0.03138565369233025,True,1903.0,1903.0,False,3831.0,independent_stitch,1337,roll1,True,Mechanism-Valid,Admissible
C0035,network_volume_forecast,network_volume_forecast|router__general__packet_length_max,temporal,linear,4297,4297,14353,4297,complete generated value view; no generated-mask claim,future,4297,[],3.3619970982230285,3.2633059904236674,2.8231445750072073,-0.19086961680467449,ok,0.9706450942948393,-0.029794382864796076,True,134.0,134.0,False,3831.0,independent_stitch,1337,roll1,True,Mechanism-Valid,Admissible
C0044,network_volume_forecast,network_volume_forecast|router__general__packet_length_mean,temporal,linear,4288,4288,14344,4288,complete generated value view; no generated-mask claim,near,4288,[],0.4894480250001962,0.5579946460716132,0.6565257746445264,0.25448772325015556,ok,1.1400488255548473,0.13107109092332667,False,108.76456883707169,108.76456883707169,False,509.64563127962674,independent_stitch,1337,roll1,True,Mechanism-Valid,Admissible
C0044,network_volume_forecast,network_volume_forecast|router__general__packet_length_mean,temporal,linear,4288,4288,14344,4288,complete generated value view; no generated-mask claim,future,4288,[],0.32026361881952603,0.4074118647292503,0.5227734065197014,0.38737584042072637,ok,1.2721140984759614,0.24068016095483866,False,107.85682852698847,107.85682852698847,False,509.64563127962674,independent_stitch,1337,roll1,True,Mechanism-Valid,Admissible
C0078,network_volume_forecast,network_volume_forecast|router__iot_named__arp_count,temporal,linear,4288,4288,14348,4288,complete generated value view; no generated-mask claim,near,4288,[],0.49478601842887615,0.5588736080671174,0.5377798507462687,0.0799469006838591,ok,1.129525870277706,0.12179796084928675,False,4.0,4.0,False,3.0,independent_stitch,1337,roll1,True,Mechanism-Valid,Admissible
C0078,network_volume_forecast,network_volume_forecast|router__iot_named__arp_count,temporal,linear,4288,4288,14348,4288,complete generated value view; no generated-mask claim,future,4288,[],0.6730575150463843,0.7784124399610319,0.7094216417910447,0.05125883480641149,ok,1.1565318305782337,0.14542572550838156,False,3.0,3.0,False,3.0,independent_stitch,1337,roll1,True,Mechanism-Valid,Admissible
C0081,network_volume_forecast,network_volume_forecast|router__iot_named__udp_count,temporal,linear,4297,4297,14357,4297,complete generated value view; no generated-mask claim,near,4297,[],0.22140724494538122,0.25969322337893574,0.4508377938096346,0.5088982157541344,ok,1.1729210733054343,0.15949728122289603,False,4.0,4.0,False,1.0,independent_stitch,1337,roll1,True,Mechanism-Valid,Admissible
C0081,network_volume_forecast,network_volume_forecast|router__iot_named__udp_count,temporal,linear,4297,4297,14357,4297,complete generated value view; no generated-mask claim,future,4297,[],0.180245212659377,0.22848778008878973,0.4338491971142658,0.5845440907617846,ok,1.2676496463769074,0.23716451371685998,False,4.0,4.0,False,1.0,independent_stitch,1337,roll1,True,Mechanism-Valid,Admissible
C0082,network_volume_forecast,network_volume_forecast|router__iot_named__udp_count,temporal,linear,4288,4288,14348,4288,complete generated value view; no generated-mask claim,near,4288,[],0.22686395047828684,0.30307228163330335,0.4510261194029851,0.4970048502322162,ok,1.3359208503349695,0.2896208295982227,False,4.0,4.0,False,1.0,independent_stitch,1337,roll1,True,Mechanism-Valid,Admissible
C0082,network_volume_forecast,network_volume_forecast|router__iot_named__udp_count,temporal,linear,4288,4288,14348,4288,complete generated value view; no generated-mask claim,future,4288,[],0.18881751038392236,0.28011931966162973,0.43388526119402987,0.5648215616628546,ok,1.4835452447819248,0.3944346589570212,False,4.0,4.0,False,1.0,independent_stitch,1337,roll1,True,Mechanism-Valid,Admissible
C0085,network_volume_forecast,network_volume_forecast|router__iot_named__dns_port_packets,temporal,linear,4297,4297,14357,4297,complete generated value view; no generated-mask claim,near,4297,[],0.09434168937742288,0.18789747520786565,0.35123341866418434,0.7313988807322934,ok,1.991669604899314,0.6889732844116304,False,4.0,4.0,False,0.0,independent_stitch,1337,roll1,True,Mechanism-Valid,Admissible
C0085,network_volume_forecast,network_volume_forecast|router__iot_named__dns_port_packets,temporal,linear,4297,4297,14357,4297,complete generated value view; no generated-mask claim,future,4297,[],0.0817638062083547,0.17801904424438467,0.3457063067256225,0.763487663899495,ok,2.177235289056229,0.7780558559052282,False,4.0,4.0,False,0.0,independent_stitch,1337,roll1,True,Mechanism-Valid,Admissible
C0086,network_volume_forecast,network_volume_forecast|router__iot_named__dns_port_packets,temporal,linear,4288,4288,14348,4288,complete generated value view; no generated-mask claim,near,4288,[],0.11264911392388056,0.2501551263475008,0.35127098880597013,0.6793099415730458,ok,2.220657736522775,0.7978034297155754,False,4.0,4.0,False,0.0,independent_stitch,1337,roll1,True,Mechanism-Valid,Admissible
C0086,network_volume_forecast,network_volume_forecast|router__iot_named__dns_port_packets,temporal,linear,4288,4288,14348,4288,complete generated value view; no generated-mask claim,future,4288,[],0.1000008456690839,0.24147161105817203,0.345732276119403,0.7107564072654086,ok,2.4146956902467975,0.8815732709854585,False,4.0,4.0,False,0.0,independent_stitch,1337,roll1,True,Mechanism-Valid,Admissible
C0034,network_volume_forecast,network_volume_forecast|router__general__packet_length_max,temporal,linear,4299,4299,14355,4299,complete generated value view; no generated-mask claim,near,4299,[],0.5659992193887605,0.5241708592301457,0.7341658968949628,0.22905814369400204,ok,0.9260982016834114,-0.0767750006246532,True,1903.0,1903.0,False,3831.0,shared_stitch,1337,roll1,True,Mechanism-Valid,Admissible
C0034,network_volume_forecast,network_volume_forecast|router__general__packet_length_max,temporal,linear,4299,4299,14355,4299,complete generated value view; no generated-mask claim,future,4299,[],3.3330470436052093,4.119757419016157,2.8227373252370387,-0.18078540776914745,ok,1.2360333848033533,0.21190736902942597,False,134.0,134.0,False,3831.0,shared_stitch,1337,roll1,True,Mechanism-Valid,Admissible
C0035,network_volume_forecast,network_volume_forecast|router__general__packet_length_max,temporal,linear,4297,4297,14353,4297,complete generated value view; no generated-mask claim,near,4297,[],0.592924740389606,0.549905151721781,0.7340537844841828,0.19225981403222075,ok,0.9274451110952848,-0.07532166566380918,True,1903.0,1903.0,False,3831.0,shared_stitch,1337,roll1,True,Mechanism-Valid,Admissible
C0035,network_volume_forecast,network_volume_forecast|router__general__packet_length_max,temporal,linear,4297,4297,14353,4297,complete generated value view; no generated-mask claim,future,4297,[],3.3619970982230285,4.371274973463029,2.8231445750072073,-0.19086961680467449,ok,1.3002018876736838,0.2625195506204983,False,134.0,134.0,False,3831.0,shared_stitch,1337,roll1,True,Mechanism-Valid,Admissible
C0044,network_volume_forecast,network_volume_forecast|router__general__packet_length_mean,temporal,linear,4288,4288,14344,4288,complete generated value view; no generated-mask claim,near,4288,[],0.4894480250001962,0.6018770279831935,0.6565257746445264,0.25448772325015556,ok,1.2297057036504586,0.20677487543098128,False,108.76456883707169,108.76456883707169,False,509.64563127962674,shared_stitch,1337,roll1,True,Mechanism-Valid,Admissible
C0044,network_volume_forecast,network_volume_forecast|router__general__packet_length_mean,temporal,linear,4288,4288,14344,4288,complete generated value view; no generated-mask claim,future,4288,[],0.32026361881952603,0.46033977384666586,0.5227734065197014,0.38737584042072637,ok,1.4373776688824438,0.36282039016030065,False,107.85682852698847,107.85682852698847,False,509.64563127962674,shared_stitch,1337,roll1,True,Mechanism-Valid,Admissible
C0078,network_volume_forecast,network_volume_forecast|router__iot_named__arp_count,temporal,linear,4288,4288,14348,4288,complete generated value view; no generated-mask claim,near,4288,[],0.49478601842887615,0.5233828463386214,0.5377798507462687,0.0799469006838591,ok,1.0577963540694835,0.05618783293316112,True,4.0,4.0,False,3.0,shared_stitch,1337,roll1,True,Mechanism-Valid,Admissible
C0078,network_volume_forecast,network_volume_forecast|router__iot_named__arp_count,temporal,linear,4288,4288,14348,4288,complete generated value view; no generated-mask claim,future,4288,[],0.6730575150463843,0.7193457431060307,0.7094216417910447,0.05125883480641149,ok,1.0687730647453753,0.06651132208426978,True,3.0,3.0,False,3.0,shared_stitch,1337,roll1,True,Mechanism-Valid,Admissible
C0081,network_volume_forecast,network_volume_forecast|router__iot_named__udp_count,temporal,linear,4297,4297,14357,4297,complete generated value view; no generated-mask claim,near,4297,[],0.22140724494538122,0.29612697026870183,0.4508377938096346,0.5088982157541344,ok,1.3374764242324282,0.2907845728905619,False,4.0,4.0,False,1.0,shared_stitch,1337,roll1,True,Mechanism-Valid,Admissible
C0081,network_volume_forecast,network_volume_forecast|router__iot_named__udp_count,temporal,linear,4297,4297,14357,4297,complete generated value view; no generated-mask claim,future,4297,[],0.180245212659377,0.27423970337002646,0.4338491971142658,0.5845440907617846,ok,1.521481205097402,0.41968433740143196,False,4.0,4.0,False,1.0,shared_stitch,1337,roll1,True,Mechanism-Valid,Admissible
C0082,network_volume_forecast,network_volume_forecast|router__iot_named__udp_count,temporal,linear,4288,4288,14348,4288,complete generated value view; no generated-mask claim,near,4288,[],0.22686395047828684,0.3354362685299757,0.4510261194029851,0.4970048502322162,ok,1.4785789801455491,0.39108147798783816,False,4.0,4.0,False,1.0,shared_stitch,1337,roll1,True,Mechanism-Valid,Admissible
C0082,network_volume_forecast,network_volume_forecast|router__iot_named__udp_count,temporal,linear,4288,4288,14348,4288,complete generated value view; no generated-mask claim,future,4288,[],0.18881751038392236,0.31765064606716165,0.43388526119402987,0.5648215616628546,ok,1.6823156148033256,0.5201711865184393,False,4.0,4.0,False,1.0,shared_stitch,1337,roll1,True,Mechanism-Valid,Admissible
C0085,network_volume_forecast,network_volume_forecast|router__iot_named__dns_port_packets,temporal,linear,4297,4297,14357,4297,complete generated value view; no generated-mask claim,near,4297,[],0.09434168937742288,0.2135836605471473,0.35123341866418434,0.7313988807322934,ok,2.2639372048202953,0.8171054235694805,False,4.0,4.0,False,0.0,shared_stitch,1337,roll1,True,Mechanism-Valid,Admissible
C0085,network_volume_forecast,network_volume_forecast|router__iot_named__dns_port_packets,temporal,linear,4297,4297,14357,4297,complete generated value view; no generated-mask claim,future,4297,[],0.0817638062083547,0.2044469572076256,0.3457063067256225,0.763487663899495,ok,2.5004579249483987,0.9164738850799421,False,4.0,4.0,False,0.0,shared_stitch,1337,roll1,True,Mechanism-Valid,Admissible
C0086,network_volume_forecast,network_volume_forecast|router__iot_named__dns_port_packets,temporal,linear,4288,4288,14348,4288,complete generated value view; no generated-mask claim,near,4288,[],0.11264911392388056,0.2633079313430657,0.35127098880597013,0.6793099415730458,ok,2.3374167995763244,0.8490463877830927,False,4.0,4.0,False,0.0,shared_stitch,1337,roll1,True,Mechanism-Valid,Admissible
C0086,network_volume_forecast,network_volume_forecast|router__iot_named__dns_port_packets,temporal,linear,4288,4288,14348,4288,complete generated value view; no generated-mask claim,future,4288,[],0.1000008456690839,0.2549763658232453,0.345732276119403,0.7107564072654086,ok,2.549742095851829,0.9359922151738175,False,4.0,4.0,False,0.0,shared_stitch,1337,roll1,True,Mechanism-Valid,Admissible
C0034,network_volume_forecast,network_volume_forecast|router__general__packet_length_max,temporal,linear,4299,4299,14355,4299,complete generated value view; no generated-mask claim,near,4299,[],0.5659992193887605,0.5917101447896853,0.7341658968949628,0.22905814369400204,ok,1.0454257259023976,0.04442419566272866,True,1903.0,1903.0,False,3831.0,learned_gmm_overlay,1337,roll1,False,Fit-Invalid,Fit-Invalid
C0034,network_volume_forecast,network_volume_forecast|router__general__packet_length_max,temporal,linear,4299,4299,14355,4299,complete generated value view; no generated-mask claim,future,4299,[],3.3330470436052093,3.5140592031291837,2.8227373252370387,-0.18078540776914745,ok,1.0543083122307753,0.052884923692589084,True,134.0,134.0,False,3831.0,learned_gmm_overlay,1337,roll1,False,Fit-Invalid,Fit-Invalid
C0035,network_volume_forecast,network_volume_forecast|router__general__packet_length_max,temporal,linear,4297,4297,14353,4297,complete generated value view; no generated-mask claim,near,4297,[],0.592924740389606,0.5945290905005596,0.7340537844841828,0.19225981403222075,ok,1.0027058241993738,0.002702170047252836,True,1903.0,1903.0,False,3831.0,learned_gmm_overlay,1337,roll1,False,Fit-Invalid,Fit-Invalid
C0035,network_volume_forecast,network_volume_forecast|router__general__packet_length_max,temporal,linear,4297,4297,14353,4297,complete generated value view; no generated-mask claim,future,4297,[],3.3619970982230285,3.548060326098746,2.8231445750072073,-0.19086961680467449,ok,1.05534306617161,0.05386589527339817,True,134.0,134.0,False,3831.0,learned_gmm_overlay,1337,roll1,False,Fit-Invalid,Fit-Invalid
C0044,network_volume_forecast,network_volume_forecast|router__general__packet_length_mean,temporal,linear,4288,4288,14344,4288,complete generated value view; no generated-mask claim,near,4288,[],0.4894480250001962,0.6120748746835162,0.6565257746445264,0.25448772325015556,ok,1.2505411063478513,0.22357634272477592,False,108.76456883707169,108.76456883707169,False,509.64563127962674,learned_gmm_overlay,1337,roll1,False,Fit-Invalid,Fit-Invalid
C0044,network_volume_forecast,network_volume_forecast|router__general__packet_length_mean,temporal,linear,4288,4288,14344,4288,complete generated value view; no generated-mask claim,future,4288,[],0.32026361881952603,0.47436800976770993,0.5227734065197014,0.38737584042072637,ok,1.4811798215364085,0.39283894691322196,False,107.85682852698847,107.85682852698847,False,509.64563127962674,learned_gmm_overlay,1337,roll1,False,Fit-Invalid,Fit-Invalid
C0078,network_volume_forecast,network_volume_forecast|router__iot_named__arp_count,temporal,linear,4288,4288,14348,4288,complete generated value view; no generated-mask claim,near,4288,[],0.49478601842887615,0.5683368898284527,0.5377798507462687,0.0799469006838591,ok,1.1486518791155964,0.13858897568871112,False,4.0,4.0,False,3.0,learned_gmm_overlay,1337,roll1,False,Fit-Invalid,Fit-Invalid
C0078,network_volume_forecast,network_volume_forecast|router__iot_named__arp_count,temporal,linear,4288,4288,14348,4288,complete generated value view; no generated-mask claim,future,4288,[],0.6730575150463843,0.7937140514055753,0.7094216417910447,0.05125883480641149,ok,1.179266308839707,0.16489247292735487,False,3.0,3.0,False,3.0,learned_gmm_overlay,1337,roll1,False,Fit-Invalid,Fit-Invalid
C0081,network_volume_forecast,network_volume_forecast|router__iot_named__udp_count,temporal,linear,4297,4297,14357,4297,complete generated value view; no generated-mask claim,near,4297,[],0.22140724494538122,0.29885085991535726,0.4508377938096346,0.5088982157541344,ok,1.3497790462506345,0.29994090961105857,False,4.0,4.0,False,1.0,learned_gmm_overlay,1337,roll1,False,Fit-Invalid,Fit-Invalid
C0081,network_volume_forecast,network_volume_forecast|router__iot_named__udp_count,temporal,linear,4297,4297,14357,4297,complete generated value view; no generated-mask claim,future,4297,[],0.180245212659377,0.27773142342698065,0.4338491971142658,0.5845440907617846,ok,1.5408532594528914,0.43233632756823154,False,4.0,4.0,False,1.0,learned_gmm_overlay,1337,roll1,False,Fit-Invalid,Fit-Invalid
C0082,network_volume_forecast,network_volume_forecast|router__iot_named__udp_count,temporal,linear,4288,4288,14348,4288,complete generated value view; no generated-mask claim,near,4288,[],0.22686395047828684,0.30870661190692605,0.4510261194029851,0.4970048502322162,ok,1.3607565735150697,0.3080408491234214,False,4.0,4.0,False,1.0,learned_gmm_overlay,1337,roll1,False,Fit-Invalid,Fit-Invalid
C0082,network_volume_forecast,network_volume_forecast|router__iot_named__udp_count,temporal,linear,4288,4288,14348,4288,complete generated value view; no generated-mask claim,future,4288,[],0.18881751038392236,0.2875223597267503,0.43388526119402987,0.5648215616628546,ok,1.5227526257608814,0.42051963508751394,False,4.0,4.0,False,1.0,learned_gmm_overlay,1337,roll1,False,Fit-Invalid,Fit-Invalid
C0085,network_volume_forecast,network_volume_forecast|router__iot_named__dns_port_packets,temporal,linear,4297,4297,14357,4297,complete generated value view; no generated-mask claim,near,4297,[],0.09434168937742288,0.21130672955513882,0.35123341866418434,0.7313988807322934,ok,2.2398022650388016,0.8063875874342731,False,4.0,4.0,False,0.0,learned_gmm_overlay,1337,roll1,False,Fit-Invalid,Fit-Invalid
C0085,network_volume_forecast,network_volume_forecast|router__iot_named__dns_port_packets,temporal,linear,4297,4297,14357,4297,complete generated value view; no generated-mask claim,future,4297,[],0.0817638062083547,0.20210926282194244,0.3457063067256225,0.763487663899495,ok,2.4718671034824053,0.9049737774231024,False,4.0,4.0,False,0.0,learned_gmm_overlay,1337,roll1,False,Fit-Invalid,Fit-Invalid
C0086,network_volume_forecast,network_volume_forecast|router__iot_named__dns_port_packets,temporal,linear,4288,4288,14348,4288,complete generated value view; no generated-mask claim,near,4288,[],0.11264911392388056,0.2240095653900104,0.35127098880597013,0.6793099415730458,ok,1.9885603853162883,0.6874109524744784,False,4.0,4.0,False,0.0,learned_gmm_overlay,1337,roll1,False,Fit-Invalid,Fit-Invalid
C0086,network_volume_forecast,network_volume_forecast|router__iot_named__dns_port_packets,temporal,linear,4288,4288,14348,4288,complete generated value view; no generated-mask claim,future,4288,[],0.1000008456690839,0.21458034941098417,0.345732276119403,0.7107564072654086,ok,2.1457853478665476,0.7635056149124293,False,4.0,4.0,False,0.0,learned_gmm_overlay,1337,roll1,False,Fit-Invalid,Fit-Invalid
C0034,network_volume_forecast,network_volume_forecast|router__general__packet_length_max,temporal,linear,4299,4299,14355,4299,complete generated value view; no generated-mask claim,near,4299,[],0.5659992193887605,0.5415150233679794,0.7341658968949628,0.22905814369400204,ok,0.9567416434827908,-0.04422188898905443,True,1903.0,1903.0,False,3831.0,learned_latent_var_overlay,1337,roll1,False,Fit-Invalid,Fit-Invalid
C0034,network_volume_forecast,network_volume_forecast|router__general__packet_length_max,temporal,linear,4299,4299,14355,4299,complete generated value view; no generated-mask claim,future,4299,[],3.3330470436052093,2.9689565864869487,2.8227373252370387,-0.18078540776914745,ok,0.8907634808765135,-0.11567634031207409,True,134.0,134.0,False,3831.0,learned_latent_var_overlay,1337,roll1,False,Fit-Invalid,Fit-Invalid
C0035,network_volume_forecast,network_volume_forecast|router__general__packet_length_max,temporal,linear,4297,4297,14353,4297,complete generated value view; no generated-mask claim,near,4297,[],0.592924740389606,0.5569372176925517,0.7340537844841828,0.19225981403222075,ok,0.939305074918265,-0.06261495912362895,True,1903.0,1903.0,False,3831.0,learned_latent_var_overlay,1337,roll1,False,Fit-Invalid,Fit-Invalid
C0035,network_volume_forecast,network_volume_forecast|router__general__packet_length_max,temporal,linear,4297,4297,14353,4297,complete generated value view; no generated-mask claim,future,4297,[],3.3619970982230285,3.011729705715017,2.8231445750072073,-0.19086961680467449,ok,0.8958156767318021,-0.11002060510329967,True,134.0,134.0,False,3831.0,learned_latent_var_overlay,1337,roll1,False,Fit-Invalid,Fit-Invalid
C0044,network_volume_forecast,network_volume_forecast|router__general__packet_length_mean,temporal,linear,4288,4288,14344,4288,complete generated value view; no generated-mask claim,near,4288,[],0.4894480250001962,0.5726855506956231,0.6565257746445264,0.25448772325015556,ok,1.170064075129108,0.1570585123777269,False,108.76456883707169,108.76456883707169,False,509.64563127962674,learned_latent_var_overlay,1337,roll1,False,Fit-Invalid,Fit-Invalid
C0044,network_volume_forecast,network_volume_forecast|router__general__packet_length_mean,temporal,linear,4288,4288,14344,4288,complete generated value view; no generated-mask claim,future,4288,[],0.32026361881952603,0.42489884857181887,0.5227734065197014,0.38737584042072637,ok,1.3267159415046033,0.28270667177613634,False,107.85682852698847,107.85682852698847,False,509.64563127962674,learned_latent_var_overlay,1337,roll1,False,Fit-Invalid,Fit-Invalid
C0078,network_volume_forecast,network_volume_forecast|router__iot_named__arp_count,temporal,linear,4288,4288,14348,4288,complete generated value view; no generated-mask claim,near,4288,[],0.49478601842887615,0.4513027073991627,0.5377798507462687,0.0799469006838591,ok,0.9121169365945532,-0.09198707717711292,True,4.0,4.0,False,3.0,learned_latent_var_overlay,1337,roll1,False,Fit-Invalid,Fit-Invalid
C0078,network_volume_forecast,network_volume_forecast|router__iot_named__arp_count,temporal,linear,4288,4288,14348,4288,complete generated value view; no generated-mask claim,future,4288,[],0.6730575150463843,0.5702167394145542,0.7094216417910447,0.05125883480641149,ok,0.8472035846375733,-0.16581425354528298,True,3.0,3.0,False,3.0,learned_latent_var_overlay,1337,roll1,False,Fit-Invalid,Fit-Invalid
C0081,network_volume_forecast,network_volume_forecast|router__iot_named__udp_count,temporal,linear,4297,4297,14357,4297,complete generated value view; no generated-mask claim,near,4297,[],0.22140724494538122,0.2399796857690165,0.4508377938096346,0.5088982157541344,ok,1.0838836182990168,0.08055053406082541,True,4.0,4.0,False,1.0,learned_latent_var_overlay,1337,roll1,False,Fit-Invalid,Fit-Invalid
C0081,network_volume_forecast,network_volume_forecast|router__iot_named__udp_count,temporal,linear,4297,4297,14357,4297,complete generated value view; no generated-mask claim,future,4297,[],0.180245212659377,0.20490567661729878,0.4338491971142658,0.5845440907617846,ok,1.1368161938621055,0.12823154282781646,False,4.0,4.0,False,1.0,learned_latent_var_overlay,1337,roll1,False,Fit-Invalid,Fit-Invalid
C0082,network_volume_forecast,network_volume_forecast|router__iot_named__udp_count,temporal,linear,4288,4288,14348,4288,complete generated value view; no generated-mask claim,near,4288,[],0.22686395047828684,0.21976907335296642,0.4510261194029851,0.4970048502322162,ok,0.968726291196276,-0.031773172217908006,True,4.0,4.0,False,1.0,learned_latent_var_overlay,1337,roll1,False,Fit-Invalid,Fit-Invalid
C0082,network_volume_forecast,network_volume_forecast|router__iot_named__udp_count,temporal,linear,4288,4288,14348,4288,complete generated value view; no generated-mask claim,future,4288,[],0.18881751038392236,0.179865415806868,0.43388526119402987,0.5648215616628546,ok,0.9525886420234432,-0.048572113819522214,True,4.0,4.0,False,1.0,learned_latent_var_overlay,1337,roll1,False,Fit-Invalid,Fit-Invalid
C0085,network_volume_forecast,network_volume_forecast|router__iot_named__dns_port_packets,temporal,linear,4297,4297,14357,4297,complete generated value view; no generated-mask claim,near,4297,[],0.09434168937742288,0.2512655962938849,0.35123341866418434,0.7313988807322934,ok,2.6633569734868012,0.9795873472234222,False,4.0,4.0,False,0.0,learned_latent_var_overlay,1337,roll1,False,Fit-Invalid,Fit-Invalid
C0085,network_volume_forecast,network_volume_forecast|router__iot_named__dns_port_packets,temporal,linear,4297,4297,14357,4297,complete generated value view; no generated-mask claim,future,4297,[],0.0817638062083547,0.24322927846942508,0.3457063067256225,0.763487663899495,ok,2.9747793033217635,1.0901698524884516,False,4.0,4.0,False,0.0,learned_latent_var_overlay,1337,roll1,False,Fit-Invalid,Fit-Invalid
C0086,network_volume_forecast,network_volume_forecast|router__iot_named__dns_port_packets,temporal,linear,4288,4288,14348,4288,complete generated value view; no generated-mask claim,near,4288,[],0.11264911392388056,0.20453747373953332,0.35127098880597013,0.6793099415730458,ok,1.8157042396067464,0.596473403262704,False,4.0,4.0,False,0.0,learned_latent_var_overlay,1337,roll1,False,Fit-Invalid,Fit-Invalid
C0086,network_volume_forecast,network_volume_forecast|router__iot_named__dns_port_packets,temporal,linear,4288,4288,14348,4288,complete generated value view; no generated-mask claim,future,4288,[],0.1000008456690839,0.19454526212299694,0.345732276119403,0.7107564072654086,ok,1.9454361692777387,0.6654862034864657,False,4.0,4.0,False,0.0,learned_latent_var_overlay,1337,roll1,False,Fit-Invalid,Fit-Invalid
