regime,source,axis,capability,period,admitted_tasks,common_reportable_tasks,conditional_on_fixed_tasks,period_reference_skill,period_reference_skill_lo,period_reference_skill_hi,period_reference_warning,permission,outcome,loss_ratio,lo,hi,seed_ratios,n_seeds
roll0,column_shuffle,temporal,network_volume_forecast,near,8,8,True,0.37793091966235,,,False,Admissible,descriptive_origin_only,1.8242780893301878,,,[1.8242780893301878],1.0
roll0,column_shuffle,temporal,network_volume_forecast,future,8,8,True,0.2913102607720649,,,False,Admissible,descriptive_origin_only,1.736452553886094,,,[1.736452553886094],1.0
roll0,hurdle_iid,temporal,network_volume_forecast,near,8,8,True,0.37793091966235,,,False,Admissible,descriptive_origin_only,1.8033674460680413,,,[1.8033674460680413],1.0
roll0,hurdle_iid,temporal,network_volume_forecast,future,8,8,True,0.2913102607720649,,,False,Admissible,descriptive_origin_only,1.7665927772537247,,,[1.7665927772537247],1.0
roll0,independent_marginals,temporal,network_volume_forecast,near,8,8,True,0.37793091966235,,,False,Admissible,descriptive_origin_only,1.8184212877363695,,,[1.8184212877363695],1.0
roll0,independent_marginals,temporal,network_volume_forecast,future,8,8,True,0.2913102607720649,,,False,Admissible,descriptive_origin_only,1.771810594679341,,,[1.771810594679341],1.0
roll0,independent_stitch,temporal,network_volume_forecast,near,8,8,True,0.37793091966235,,,False,Admissible,descriptive_origin_only,1.1657413702793835,,,[1.1657413702793835],1.0
roll0,independent_stitch,temporal,network_volume_forecast,future,8,8,True,0.2913102607720649,,,False,Admissible,descriptive_origin_only,1.2193700302495971,,,[1.2193700302495971],1.0
roll0,learned_gmm_overlay,temporal,network_volume_forecast,near,8,0,True,,,,,Fit-Invalid,not_reportable,,,,,
roll0,learned_gmm_overlay,temporal,network_volume_forecast,future,8,0,True,,,,,Fit-Invalid,not_reportable,,,,,
roll0,learned_latent_var_overlay,temporal,network_volume_forecast,near,8,0,True,,,,,Fit-Invalid,not_reportable,,,,,
roll0,learned_latent_var_overlay,temporal,network_volume_forecast,future,8,0,True,,,,,Fit-Invalid,not_reportable,,,,,
roll0,real_contiguous_block,temporal,network_volume_forecast,near,8,8,True,0.37793091966235,,,False,Admissible,descriptive_origin_only,0.8534424547099303,,,[0.8534424547099303],1.0
roll0,real_contiguous_block,temporal,network_volume_forecast,future,8,8,True,0.2913102607720649,,,False,Admissible,descriptive_origin_only,0.8824844931380219,,,[0.8824844931380219],1.0
roll0,real_row_resample,temporal,network_volume_forecast,near,8,8,True,0.384070404368113,,,False,Admissible,descriptive_origin_only,1.828165880584502,,,[1.828165880584502],1.0
roll0,real_row_resample,temporal,network_volume_forecast,future,8,8,True,0.30876686669933656,,,False,Admissible,descriptive_origin_only,1.8280510634045801,,,[1.8280510634045801],1.0
roll0,shared_stitch,temporal,network_volume_forecast,near,8,8,True,0.37793091966235,,,False,Admissible,descriptive_origin_only,1.2452860516866842,,,[1.2452860516866842],1.0
roll0,shared_stitch,temporal,network_volume_forecast,future,8,8,True,0.2913102607720649,,,False,Admissible,descriptive_origin_only,1.2422155323765796,,,[1.2422155323765796],1.0
