regime,source,period,scope,direction,resolution_available,secondary_resolution_available,closeness_outcome,P0_max_AUC,candidate_max_AUC,anchor_max_AUC,excess_AUC,excess_lo,excess_hi,n_seeds
roll1,column_shuffle,future,iot_values,descriptive_origin_only,False,False,Not-Estimable,1.0,1.0,1.0,0.0,,,1
roll1,column_shuffle,future,multimodal_balanced,descriptive_origin_only,False,False,Not-Estimable,1.0,1.0,1.0,0.0,,,1
roll1,column_shuffle,future,network_general,descriptive_origin_only,False,False,Not-Estimable,0.996475714468794,0.9999377162629758,0.9992493656286046,0.0006883506343712265,,,1
roll1,column_shuffle,future,network_iot_named,descriptive_origin_only,False,False,Not-Estimable,1.0,0.9998901960784314,0.9936756632064591,0.006214532871972378,,,1
roll1,column_shuffle,near,iot_values,descriptive_origin_only,False,False,Not-Estimable,1.0,1.0,1.0,0.0,,,1
roll1,column_shuffle,near,multimodal_balanced,descriptive_origin_only,False,False,Not-Estimable,1.0,1.0,1.0,0.0,,,1
roll1,column_shuffle,near,network_general,descriptive_origin_only,False,False,Not-Estimable,0.996475714468794,0.9999820069204152,0.9973291810841983,0.0026528258362168433,,,1
roll1,column_shuffle,near,network_iot_named,descriptive_origin_only,False,False,Not-Estimable,1.0,0.9998606689734717,0.9811617070357554,0.018698961937716252,,,1
roll1,hurdle_iid,future,iot_values,descriptive_origin_only,False,False,Not-Estimable,1.0,1.0,1.0,0.0,,,1
roll1,hurdle_iid,future,multimodal_balanced,descriptive_origin_only,False,False,Not-Estimable,1.0,1.0,1.0,0.0,,,1
roll1,hurdle_iid,future,network_general,descriptive_origin_only,False,False,Not-Estimable,0.996475714468794,0.9998929642445212,0.9992493656286046,0.000643598615916674,,,1
roll1,hurdle_iid,future,network_iot_named,descriptive_origin_only,False,False,Not-Estimable,1.0,0.9998689734717416,0.9936756632064591,0.006193310265282581,,,1
roll1,hurdle_iid,near,iot_values,descriptive_origin_only,False,False,Not-Estimable,1.0,1.0,1.0,0.0,,,1
roll1,hurdle_iid,near,multimodal_balanced,descriptive_origin_only,False,False,Not-Estimable,1.0,1.0,1.0,0.0,,,1
roll1,hurdle_iid,near,network_general,descriptive_origin_only,False,False,Not-Estimable,0.996475714468794,0.9999529411764705,0.9973291810841983,0.002623760092272165,,,1
roll1,hurdle_iid,near,network_iot_named,descriptive_origin_only,False,False,Not-Estimable,1.0,0.999762860438293,0.9811617070357554,0.01860115340253754,,,1
roll1,independent_marginals,future,iot_values,descriptive_origin_only,False,False,Not-Estimable,1.0,1.0,1.0,0.0,,,1
roll1,independent_marginals,future,multimodal_balanced,descriptive_origin_only,False,False,Not-Estimable,1.0,1.0,1.0,0.0,,,1
roll1,independent_marginals,future,network_general,descriptive_origin_only,False,False,Not-Estimable,0.996475714468794,0.9998698961937716,0.9992493656286046,0.0006205305651670878,,,1
roll1,independent_marginals,future,network_iot_named,descriptive_origin_only,False,False,Not-Estimable,1.0,0.9998915801614764,0.9936756632064591,0.006215916955017331,,,1
roll1,independent_marginals,near,iot_values,descriptive_origin_only,False,False,Not-Estimable,1.0,1.0,1.0,0.0,,,1
roll1,independent_marginals,near,multimodal_balanced,descriptive_origin_only,False,False,Not-Estimable,1.0,1.0,1.0,0.0,,,1
roll1,independent_marginals,near,network_general,descriptive_origin_only,False,False,Not-Estimable,0.996475714468794,0.9999432525951556,0.9973291810841983,0.002614071510957272,,,1
roll1,independent_marginals,near,network_iot_named,descriptive_origin_only,False,False,Not-Estimable,1.0,0.9998883506343713,0.9811617070357554,0.018726643598615866,,,1
roll1,independent_stitch,future,iot_values,descriptive_origin_only,False,False,Not-Estimable,1.0,1.0,1.0,0.0,,,1
roll1,independent_stitch,future,multimodal_balanced,descriptive_origin_only,False,False,Not-Estimable,1.0,1.0,1.0,0.0,,,1
roll1,independent_stitch,future,network_general,descriptive_origin_only,False,False,Not-Estimable,0.996475714468794,0.999915570934256,0.9992493656286046,0.0006662053056514239,,,1
roll1,independent_stitch,future,network_iot_named,descriptive_origin_only,False,False,Not-Estimable,1.0,0.9996369088811995,0.9936756632064591,0.005961245674740434,,,1
roll1,independent_stitch,near,iot_values,descriptive_origin_only,False,False,Not-Estimable,1.0,1.0,1.0,0.0,,,1
roll1,independent_stitch,near,multimodal_balanced,descriptive_origin_only,False,False,Not-Estimable,1.0,1.0,1.0,0.0,,,1
roll1,independent_stitch,near,network_general,descriptive_origin_only,False,False,Not-Estimable,0.996475714468794,0.9999626297577855,0.9973291810841983,0.0026334486735871687,,,1
roll1,independent_stitch,near,network_iot_named,descriptive_origin_only,False,False,Not-Estimable,1.0,0.9994643598615918,0.9811617070357554,0.01830265282583632,,,1
roll1,learned_gmm_overlay,future,iot_values,diagnostic_only,False,False,Not-Estimable,1.0,1.0,1.0,0.0,,,1
roll1,learned_gmm_overlay,future,multimodal_balanced,diagnostic_only,False,False,Not-Estimable,1.0,1.0,1.0,0.0,,,1
roll1,learned_gmm_overlay,future,network_general,diagnostic_only,False,False,Not-Estimable,0.996475714468794,0.9999178777393309,0.9992493656286046,0.0006685121107263825,,,1
roll1,learned_gmm_overlay,future,network_iot_named,diagnostic_only,False,False,Not-Estimable,1.0,0.9999612456747404,0.9936756632064591,0.00628558246828137,,,1
roll1,learned_gmm_overlay,near,iot_values,diagnostic_only,False,False,Not-Estimable,1.0,0.9999856978085351,1.0,-1.4302191464921066e-05,,,1
roll1,learned_gmm_overlay,near,multimodal_balanced,diagnostic_only,False,False,Not-Estimable,1.0,1.0,1.0,0.0,,,1
roll1,learned_gmm_overlay,near,network_general,diagnostic_only,False,False,Not-Estimable,0.996475714468794,0.9999856978085351,0.9973291810841983,0.002656516724336755,,,1
roll1,learned_gmm_overlay,near,network_iot_named,diagnostic_only,False,False,Not-Estimable,1.0,0.9999128027681662,0.9811617070357554,0.01875109573241074,,,1
roll1,learned_latent_var_overlay,future,iot_values,diagnostic_only,False,False,Not-Estimable,1.0,1.0,1.0,0.0,,,1
roll1,learned_latent_var_overlay,future,multimodal_balanced,diagnostic_only,False,False,Not-Estimable,1.0,1.0,1.0,0.0,,,1
roll1,learned_latent_var_overlay,future,network_general,diagnostic_only,False,False,Not-Estimable,0.996475714468794,0.9999995386389849,0.9992493656286046,0.0007501730103803839,,,1
roll1,learned_latent_var_overlay,future,network_iot_named,diagnostic_only,False,False,Not-Estimable,1.0,1.0,0.9936756632064591,0.006324336793540941,,,1
roll1,learned_latent_var_overlay,near,iot_values,diagnostic_only,False,False,Not-Estimable,1.0,1.0,1.0,0.0,,,1
roll1,learned_latent_var_overlay,near,multimodal_balanced,diagnostic_only,False,False,Not-Estimable,1.0,1.0,1.0,0.0,,,1
roll1,learned_latent_var_overlay,near,network_general,diagnostic_only,False,False,Not-Estimable,0.996475714468794,0.99999354094579,0.9973291810841983,0.0026643598615916364,,,1
roll1,learned_latent_var_overlay,near,network_iot_named,diagnostic_only,False,False,Not-Estimable,1.0,0.9999958477508651,0.9811617070357554,0.018834140715109693,,,1
roll1,real_contiguous_block,future,iot_values,descriptive_origin_only,False,False,Not-Estimable,1.0,1.0,1.0,0.0,,,1
roll1,real_contiguous_block,future,multimodal_balanced,descriptive_origin_only,False,False,Not-Estimable,1.0,1.0,1.0,0.0,,,1
roll1,real_contiguous_block,future,network_general,descriptive_origin_only,False,False,Not-Estimable,0.996475714468794,0.9999538638985005,0.9992493656286046,0.0007044982698959368,,,1
roll1,real_contiguous_block,future,network_iot_named,descriptive_origin_only,False,False,Not-Estimable,1.0,0.9914874279123413,0.9936756632064591,-0.002188235294117713,,,1
roll1,real_contiguous_block,near,iot_values,descriptive_origin_only,False,False,Not-Estimable,1.0,1.0,1.0,0.0,,,1
roll1,real_contiguous_block,near,multimodal_balanced,descriptive_origin_only,False,False,Not-Estimable,1.0,1.0,1.0,0.0,,,1
roll1,real_contiguous_block,near,network_general,descriptive_origin_only,False,False,Not-Estimable,0.996475714468794,0.9999612456747404,0.9973291810841983,0.0026320645905421047,,,1
roll1,real_contiguous_block,near,network_iot_named,descriptive_origin_only,False,False,Not-Estimable,1.0,0.9894343713956171,0.9811617070357554,0.008272664359861626,,,1
roll1,real_row_resample,future,iot_values,descriptive_origin_only,False,False,Not-Estimable,1.0,1.0,1.0,0.0,,,1
roll1,real_row_resample,future,multimodal_balanced,descriptive_origin_only,False,False,Not-Estimable,1.0,1.0,1.0,0.0,,,1
roll1,real_row_resample,future,network_general,descriptive_origin_only,False,False,Not-Estimable,0.996475714468794,0.9992493656286046,0.9992493656286046,0.0,,,1
roll1,real_row_resample,future,network_iot_named,descriptive_origin_only,False,False,Not-Estimable,1.0,0.9936756632064591,0.9936756632064591,0.0,,,1
roll1,real_row_resample,near,iot_values,descriptive_origin_only,False,False,Not-Estimable,1.0,1.0,1.0,0.0,,,1
roll1,real_row_resample,near,multimodal_balanced,descriptive_origin_only,False,False,Not-Estimable,1.0,1.0,1.0,0.0,,,1
roll1,real_row_resample,near,network_general,descriptive_origin_only,False,False,Not-Estimable,0.996475714468794,0.9973291810841983,0.9973291810841983,0.0,,,1
roll1,real_row_resample,near,network_iot_named,descriptive_origin_only,False,False,Not-Estimable,1.0,0.9811617070357554,0.9811617070357554,0.0,,,1
roll1,shared_stitch,future,iot_values,descriptive_origin_only,False,False,Not-Estimable,1.0,1.0,1.0,0.0,,,1
roll1,shared_stitch,future,multimodal_balanced,descriptive_origin_only,False,False,Not-Estimable,1.0,1.0,1.0,0.0,,,1
roll1,shared_stitch,future,network_general,descriptive_origin_only,False,False,Not-Estimable,0.996475714468794,0.9987739331026528,0.9992493656286046,-0.00047543252595172447,,,1
roll1,shared_stitch,future,network_iot_named,descriptive_origin_only,False,False,Not-Estimable,1.0,0.993761014994233,0.9936756632064591,8.535178777391295e-05,,,1
roll1,shared_stitch,near,iot_values,descriptive_origin_only,False,False,Not-Estimable,1.0,1.0,1.0,0.0,,,1
roll1,shared_stitch,near,multimodal_balanced,descriptive_origin_only,False,False,Not-Estimable,1.0,1.0,1.0,0.0,,,1
roll1,shared_stitch,near,network_general,descriptive_origin_only,False,False,Not-Estimable,0.996475714468794,0.9959557093425606,0.9973291810841983,-0.0013734717416377107,,,1
roll1,shared_stitch,near,network_iot_named,descriptive_origin_only,False,False,Not-Estimable,1.0,0.9832848904267589,0.9811617070357554,0.0021231833910034803,,,1
