p0_anchor,suite,capability,log_loss_ratio,noninferiority_rate,n_families,pair_id,phase,seed,profile_distance,source_rows,target_rows
real_identity,contemporaneous,contemporaneous_dependency|iot_power,-2.2204460492503136e-16,1.0,1,pair5,calibration,1337,7.306551707292321,3600,3600
real_identity,temporal,forecast|router_bytes,0.0,1.0,1,pair5,calibration,1337,7.306551707292321,3600,3600
real_block_a,contemporaneous,contemporaneous_dependency|iot_power,0.03034441392264105,1.0,1,pair5,calibration,1337,7.306551707292321,3600,3600
real_block_a,temporal,forecast|router_bytes,0.005610399471574848,1.0,1,pair5,calibration,1337,7.306551707292321,3600,3600
real_block_b,contemporaneous,contemporaneous_dependency|iot_power,0.038979162028810674,1.0,1,pair5,calibration,1337,7.306551707292321,3600,3600
real_block_b,temporal,forecast|router_bytes,0.0295620190151554,1.0,1,pair5,calibration,1337,7.306551707292321,3600,3600
real_resample,contemporaneous,contemporaneous_dependency|iot_power,0.04073019659159235,1.0,1,pair5,calibration,1337,7.306551707292321,3600,3600
real_resample,temporal,forecast|router_bytes,1.3529686317212368,0.0,1,pair5,calibration,1337,7.306551707292321,3600,3600
real_identity,contemporaneous,contemporaneous_dependency|iot_power,0.0,1.0,1,pair5,calibration,1338,7.306551707292321,3600,3600
real_identity,temporal,forecast|router_bytes,1.1102230246251564e-16,1.0,1,pair5,calibration,1338,7.306551707292321,3600,3600
real_block_a,contemporaneous,contemporaneous_dependency|iot_power,0.06305496824914765,0.5,1,pair5,calibration,1338,7.306551707292321,3600,3600
real_block_a,temporal,forecast|router_bytes,0.03307852198106684,1.0,1,pair5,calibration,1338,7.306551707292321,3600,3600
real_block_b,contemporaneous,contemporaneous_dependency|iot_power,0.06317646578886006,0.5,1,pair5,calibration,1338,7.306551707292321,3600,3600
real_block_b,temporal,forecast|router_bytes,0.023062221103353674,1.0,1,pair5,calibration,1338,7.306551707292321,3600,3600
real_resample,contemporaneous,contemporaneous_dependency|iot_power,0.04688551997457234,1.0,1,pair5,calibration,1338,7.306551707292321,3600,3600
real_resample,temporal,forecast|router_bytes,1.3362742452291703,0.0,1,pair5,calibration,1338,7.306551707292321,3600,3600
real_identity,contemporaneous,contemporaneous_dependency|iot_power,0.0,1.0,1,pair5,calibration,1339,7.306551707292321,3600,3600
real_identity,temporal,forecast|router_bytes,0.0,1.0,1,pair5,calibration,1339,7.306551707292321,3600,3600
real_block_a,contemporaneous,contemporaneous_dependency|iot_power,0.038753752019140913,1.0,1,pair5,calibration,1339,7.306551707292321,3600,3600
real_block_a,temporal,forecast|router_bytes,0.011675721869090239,1.0,1,pair5,calibration,1339,7.306551707292321,3600,3600
real_block_b,contemporaneous,contemporaneous_dependency|iot_power,0.04788117620855425,1.0,1,pair5,calibration,1339,7.306551707292321,3600,3600
real_block_b,temporal,forecast|router_bytes,0.020608027149745474,1.0,1,pair5,calibration,1339,7.306551707292321,3600,3600
real_resample,contemporaneous,contemporaneous_dependency|iot_power,0.044031616473304294,1.0,1,pair5,calibration,1339,7.306551707292321,3600,3600
real_resample,temporal,forecast|router_bytes,1.3526183834293097,0.0,1,pair5,calibration,1339,7.306551707292321,3600,3600
real_identity,contemporaneous,contemporaneous_dependency|iot_power,-1.1102230246251568e-16,1.0,1,pair5,calibration,1340,7.306551707292321,3600,3600
real_identity,temporal,forecast|router_bytes,0.0,1.0,1,pair5,calibration,1340,7.306551707292321,3600,3600
real_block_a,contemporaneous,contemporaneous_dependency|iot_power,0.05571647728250806,0.5,1,pair5,calibration,1340,7.306551707292321,3600,3600
real_block_a,temporal,forecast|router_bytes,0.01140264788924023,1.0,1,pair5,calibration,1340,7.306551707292321,3600,3600
real_block_b,contemporaneous,contemporaneous_dependency|iot_power,0.027082108207056737,1.0,1,pair5,calibration,1340,7.306551707292321,3600,3600
real_block_b,temporal,forecast|router_bytes,0.01880608558065061,1.0,1,pair5,calibration,1340,7.306551707292321,3600,3600
real_resample,contemporaneous,contemporaneous_dependency|iot_power,0.058491241244666446,0.5,1,pair5,calibration,1340,7.306551707292321,3600,3600
real_resample,temporal,forecast|router_bytes,1.3339285759820658,0.0,1,pair5,calibration,1340,7.306551707292321,3600,3600
real_identity,contemporaneous,contemporaneous_dependency|iot_power,-1.1102230246251568e-16,1.0,1,pair5,calibration,1341,7.306551707292321,3600,3600
real_identity,temporal,forecast|router_bytes,0.0,1.0,1,pair5,calibration,1341,7.306551707292321,3600,3600
real_block_a,contemporaneous,contemporaneous_dependency|iot_power,0.046717488806913655,0.5,1,pair5,calibration,1341,7.306551707292321,3600,3600
real_block_a,temporal,forecast|router_bytes,0.018481562385999017,1.0,1,pair5,calibration,1341,7.306551707292321,3600,3600
real_block_b,contemporaneous,contemporaneous_dependency|iot_power,0.05185151020909433,0.5,1,pair5,calibration,1341,7.306551707292321,3600,3600
real_block_b,temporal,forecast|router_bytes,0.028402586169016236,1.0,1,pair5,calibration,1341,7.306551707292321,3600,3600
real_resample,contemporaneous,contemporaneous_dependency|iot_power,0.0422678906801636,1.0,1,pair5,calibration,1341,7.306551707292321,3600,3600
real_resample,temporal,forecast|router_bytes,1.304121593952292,0.0,1,pair5,calibration,1341,7.306551707292321,3600,3600
real_identity,contemporaneous,contemporaneous_dependency|iot_power,-1.1102230246251568e-16,1.0,1,pair7,qualification,1337,7.451630100644698,3600,3600
real_identity,temporal,forecast|router_bytes,0.0,1.0,1,pair7,qualification,1337,7.451630100644698,3600,3600
real_block_a,contemporaneous,contemporaneous_dependency|iot_power,0.008551919385216641,1.0,1,pair7,qualification,1337,7.451630100644698,3600,3600
real_block_a,temporal,forecast|router_bytes,0.00012114510587815587,1.0,1,pair7,qualification,1337,7.451630100644698,3600,3600
real_block_b,contemporaneous,contemporaneous_dependency|iot_power,0.058377547339854514,0.5,1,pair7,qualification,1337,7.451630100644698,3600,3600
real_block_b,temporal,forecast|router_bytes,0.020565530793401805,1.0,1,pair7,qualification,1337,7.451630100644698,3600,3600
real_resample,contemporaneous,contemporaneous_dependency|iot_power,0.03632655114722898,1.0,1,pair7,qualification,1337,7.451630100644698,3600,3600
real_resample,temporal,forecast|router_bytes,1.4270531750476732,0.0,1,pair7,qualification,1337,7.451630100644698,3600,3600
real_identity,contemporaneous,contemporaneous_dependency|iot_power,0.0,1.0,1,pair7,qualification,1338,7.451630100644698,3600,3600
real_identity,temporal,forecast|router_bytes,0.0,1.0,1,pair7,qualification,1338,7.451630100644698,3600,3600
real_block_a,contemporaneous,contemporaneous_dependency|iot_power,0.07768013430348354,0.5,1,pair7,qualification,1338,7.451630100644698,3600,3600
real_block_a,temporal,forecast|router_bytes,0.03658857759766277,1.0,1,pair7,qualification,1338,7.451630100644698,3600,3600
real_block_b,contemporaneous,contemporaneous_dependency|iot_power,0.045313710825048245,1.0,1,pair7,qualification,1338,7.451630100644698,3600,3600
real_block_b,temporal,forecast|router_bytes,0.009773413847899471,1.0,1,pair7,qualification,1338,7.451630100644698,3600,3600
real_resample,contemporaneous,contemporaneous_dependency|iot_power,0.04645794607238358,1.0,1,pair7,qualification,1338,7.451630100644698,3600,3600
real_resample,temporal,forecast|router_bytes,1.402176100612706,0.0,1,pair7,qualification,1338,7.451630100644698,3600,3600
real_identity,contemporaneous,contemporaneous_dependency|iot_power,-1.1102230246251568e-16,1.0,1,pair7,qualification,1339,7.451630100644698,3600,3600
real_identity,temporal,forecast|router_bytes,0.0,1.0,1,pair7,qualification,1339,7.451630100644698,3600,3600
real_block_a,contemporaneous,contemporaneous_dependency|iot_power,0.01667968564944296,1.0,1,pair7,qualification,1339,7.451630100644698,3600,3600
real_block_a,temporal,forecast|router_bytes,0.009405077329876187,1.0,1,pair7,qualification,1339,7.451630100644698,3600,3600
real_block_b,contemporaneous,contemporaneous_dependency|iot_power,0.04642596056148896,1.0,1,pair7,qualification,1339,7.451630100644698,3600,3600
real_block_b,temporal,forecast|router_bytes,0.027614837779244644,1.0,1,pair7,qualification,1339,7.451630100644698,3600,3600
real_resample,contemporaneous,contemporaneous_dependency|iot_power,0.04062046696158257,1.0,1,pair7,qualification,1339,7.451630100644698,3600,3600
real_resample,temporal,forecast|router_bytes,1.3982311373095153,0.0,1,pair7,qualification,1339,7.451630100644698,3600,3600
real_identity,contemporaneous,contemporaneous_dependency|iot_power,-2.2204460492503136e-16,1.0,1,pair7,qualification,1340,7.451630100644698,3600,3600
real_identity,temporal,forecast|router_bytes,0.0,1.0,1,pair7,qualification,1340,7.451630100644698,3600,3600
real_block_a,contemporaneous,contemporaneous_dependency|iot_power,0.03808600121813864,1.0,1,pair7,qualification,1340,7.451630100644698,3600,3600
real_block_a,temporal,forecast|router_bytes,0.010188589062243224,1.0,1,pair7,qualification,1340,7.451630100644698,3600,3600
real_block_b,contemporaneous,contemporaneous_dependency|iot_power,0.02608127542912325,1.0,1,pair7,qualification,1340,7.451630100644698,3600,3600
real_block_b,temporal,forecast|router_bytes,0.021508530618292557,1.0,1,pair7,qualification,1340,7.451630100644698,3600,3600
real_resample,contemporaneous,contemporaneous_dependency|iot_power,0.04608739032081197,1.0,1,pair7,qualification,1340,7.451630100644698,3600,3600
real_resample,temporal,forecast|router_bytes,1.4021597685075673,0.0,1,pair7,qualification,1340,7.451630100644698,3600,3600
real_identity,contemporaneous,contemporaneous_dependency|iot_power,-2.2204460492503136e-16,1.0,1,pair7,qualification,1341,7.451630100644698,3600,3600
real_identity,temporal,forecast|router_bytes,0.0,1.0,1,pair7,qualification,1341,7.451630100644698,3600,3600
real_block_a,contemporaneous,contemporaneous_dependency|iot_power,0.047971830720868046,1.0,1,pair7,qualification,1341,7.451630100644698,3600,3600
real_block_a,temporal,forecast|router_bytes,0.01739701957455145,1.0,1,pair7,qualification,1341,7.451630100644698,3600,3600
real_block_b,contemporaneous,contemporaneous_dependency|iot_power,0.03904255210315028,1.0,1,pair7,qualification,1341,7.451630100644698,3600,3600
real_block_b,temporal,forecast|router_bytes,0.02248567776690931,1.0,1,pair7,qualification,1341,7.451630100644698,3600,3600
real_resample,contemporaneous,contemporaneous_dependency|iot_power,0.039287755592990144,1.0,1,pair7,qualification,1341,7.451630100644698,3600,3600
real_resample,temporal,forecast|router_bytes,1.4227619548268309,0.0,1,pair7,qualification,1341,7.451630100644698,3600,3600
real_identity,contemporaneous,contemporaneous_dependency|iot_power,0.0,1.0,1,pair2,calibration,1337,8.010146832150328,3600,3600
real_identity,temporal,forecast|router_bytes,0.0,1.0,1,pair2,calibration,1337,8.010146832150328,3600,3600
real_block_a,contemporaneous,contemporaneous_dependency|iot_power,0.012132794096001423,1.0,1,pair2,calibration,1337,8.010146832150328,3600,3600
real_block_a,temporal,forecast|router_bytes,4.633095729558506e-05,1.0,1,pair2,calibration,1337,8.010146832150328,3600,3600
real_block_b,contemporaneous,contemporaneous_dependency|iot_power,0.06133811984946929,0.5,1,pair2,calibration,1337,8.010146832150328,3600,3600
real_block_b,temporal,forecast|router_bytes,0.039704316080082416,1.0,1,pair2,calibration,1337,8.010146832150328,3600,3600
real_resample,contemporaneous,contemporaneous_dependency|iot_power,0.055261389587714205,0.5,1,pair2,calibration,1337,8.010146832150328,3600,3600
real_resample,temporal,forecast|router_bytes,1.3729092110212204,0.0,1,pair2,calibration,1337,8.010146832150328,3600,3600
real_identity,contemporaneous,contemporaneous_dependency|iot_power,1.1102230246251564e-16,1.0,1,pair2,calibration,1338,8.010146832150328,3600,3600
real_identity,temporal,forecast|router_bytes,0.0,1.0,1,pair2,calibration,1338,8.010146832150328,3600,3600
real_block_a,contemporaneous,contemporaneous_dependency|iot_power,0.06355494903475992,0.5,1,pair2,calibration,1338,8.010146832150328,3600,3600
real_block_a,temporal,forecast|router_bytes,0.04039971773781391,1.0,1,pair2,calibration,1338,8.010146832150328,3600,3600
real_block_b,contemporaneous,contemporaneous_dependency|iot_power,0.05801516174683771,0.5,1,pair2,calibration,1338,8.010146832150328,3600,3600
real_block_b,temporal,forecast|router_bytes,0.02894870284282948,1.0,1,pair2,calibration,1338,8.010146832150328,3600,3600
real_resample,contemporaneous,contemporaneous_dependency|iot_power,0.03665691290946136,1.0,1,pair2,calibration,1338,8.010146832150328,3600,3600
real_resample,temporal,forecast|router_bytes,1.3382774109364415,0.0,1,pair2,calibration,1338,8.010146832150328,3600,3600
real_identity,contemporaneous,contemporaneous_dependency|iot_power,-1.1102230246251568e-16,1.0,1,pair2,calibration,1339,8.010146832150328,3600,3600
real_identity,temporal,forecast|router_bytes,0.0,1.0,1,pair2,calibration,1339,8.010146832150328,3600,3600
real_block_a,contemporaneous,contemporaneous_dependency|iot_power,0.02846953981125876,1.0,1,pair2,calibration,1339,8.010146832150328,3600,3600
real_block_a,temporal,forecast|router_bytes,0.0006119354027893152,1.0,1,pair2,calibration,1339,8.010146832150328,3600,3600
real_block_b,contemporaneous,contemporaneous_dependency|iot_power,0.03484518010341132,1.0,1,pair2,calibration,1339,8.010146832150328,3600,3600
real_block_b,temporal,forecast|router_bytes,0.017071556222239905,1.0,1,pair2,calibration,1339,8.010146832150328,3600,3600
real_resample,contemporaneous,contemporaneous_dependency|iot_power,0.03350314940279843,1.0,1,pair2,calibration,1339,8.010146832150328,3600,3600
real_resample,temporal,forecast|router_bytes,1.320704385581288,0.0,1,pair2,calibration,1339,8.010146832150328,3600,3600
real_identity,contemporaneous,contemporaneous_dependency|iot_power,-1.665334536937735e-16,1.0,1,pair2,calibration,1340,8.010146832150328,3600,3600
real_identity,temporal,forecast|router_bytes,0.0,1.0,1,pair2,calibration,1340,8.010146832150328,3600,3600
real_block_a,contemporaneous,contemporaneous_dependency|iot_power,0.05401664933428728,0.5,1,pair2,calibration,1340,8.010146832150328,3600,3600
real_block_a,temporal,forecast|router_bytes,0.005337478960532276,1.0,1,pair2,calibration,1340,8.010146832150328,3600,3600
real_block_b,contemporaneous,contemporaneous_dependency|iot_power,0.0195087075783653,1.0,1,pair2,calibration,1340,8.010146832150328,3600,3600
real_block_b,temporal,forecast|router_bytes,0.010443281645094869,1.0,1,pair2,calibration,1340,8.010146832150328,3600,3600
real_resample,contemporaneous,contemporaneous_dependency|iot_power,0.03639219857160526,1.0,1,pair2,calibration,1340,8.010146832150328,3600,3600
real_resample,temporal,forecast|router_bytes,1.3653215826798397,0.0,1,pair2,calibration,1340,8.010146832150328,3600,3600
real_identity,contemporaneous,contemporaneous_dependency|iot_power,0.0,1.0,1,pair2,calibration,1341,8.010146832150328,3600,3600
real_identity,temporal,forecast|router_bytes,0.0,1.0,1,pair2,calibration,1341,8.010146832150328,3600,3600
real_block_a,contemporaneous,contemporaneous_dependency|iot_power,0.06006181073011577,0.5,1,pair2,calibration,1341,8.010146832150328,3600,3600
real_block_a,temporal,forecast|router_bytes,0.01083677255904061,1.0,1,pair2,calibration,1341,8.010146832150328,3600,3600
real_block_b,contemporaneous,contemporaneous_dependency|iot_power,0.04035093047497998,1.0,1,pair2,calibration,1341,8.010146832150328,3600,3600
real_block_b,temporal,forecast|router_bytes,0.027631214380613313,1.0,1,pair2,calibration,1341,8.010146832150328,3600,3600
real_resample,contemporaneous,contemporaneous_dependency|iot_power,0.030931226659078048,1.0,1,pair2,calibration,1341,8.010146832150328,3600,3600
real_resample,temporal,forecast|router_bytes,1.2993351798489683,0.0,1,pair2,calibration,1341,8.010146832150328,3600,3600
real_identity,contemporaneous,contemporaneous_dependency|iot_power,0.0,1.0,1,pair9,qualification,1337,8.58684709316218,3600,3600
real_identity,temporal,forecast|router_bytes,0.0,1.0,1,pair9,qualification,1337,8.58684709316218,3600,3600
real_block_a,contemporaneous,contemporaneous_dependency|iot_power,0.014676623619083841,1.0,1,pair9,qualification,1337,8.58684709316218,3600,3600
real_block_a,temporal,forecast|router_bytes,0.006264259626381265,1.0,1,pair9,qualification,1337,8.58684709316218,3600,3600
real_block_b,contemporaneous,contemporaneous_dependency|iot_power,0.0641490159051404,0.5,1,pair9,qualification,1337,8.58684709316218,3600,3600
real_block_b,temporal,forecast|router_bytes,0.022420997658054158,1.0,1,pair9,qualification,1337,8.58684709316218,3600,3600
real_resample,contemporaneous,contemporaneous_dependency|iot_power,0.049814372817070796,0.5,1,pair9,qualification,1337,8.58684709316218,3600,3600
real_resample,temporal,forecast|router_bytes,1.4241126897715954,0.0,1,pair9,qualification,1337,8.58684709316218,3600,3600
real_identity,contemporaneous,contemporaneous_dependency|iot_power,0.0,1.0,1,pair9,qualification,1338,8.58684709316218,3600,3600
real_identity,temporal,forecast|router_bytes,0.0,1.0,1,pair9,qualification,1338,8.58684709316218,3600,3600
real_block_a,contemporaneous,contemporaneous_dependency|iot_power,0.059770206617360086,0.5,1,pair9,qualification,1338,8.58684709316218,3600,3600
real_block_a,temporal,forecast|router_bytes,0.016505036839035567,1.0,1,pair9,qualification,1338,8.58684709316218,3600,3600
real_block_b,contemporaneous,contemporaneous_dependency|iot_power,0.04373013924051031,1.0,1,pair9,qualification,1338,8.58684709316218,3600,3600
real_block_b,temporal,forecast|router_bytes,0.01636360308712598,1.0,1,pair9,qualification,1338,8.58684709316218,3600,3600
real_resample,contemporaneous,contemporaneous_dependency|iot_power,0.03890868684086786,1.0,1,pair9,qualification,1338,8.58684709316218,3600,3600
real_resample,temporal,forecast|router_bytes,1.4350557131908352,0.0,1,pair9,qualification,1338,8.58684709316218,3600,3600
real_identity,contemporaneous,contemporaneous_dependency|iot_power,0.0,1.0,1,pair9,qualification,1339,8.58684709316218,3600,3600
real_identity,temporal,forecast|router_bytes,1.1102230246251564e-16,1.0,1,pair9,qualification,1339,8.58684709316218,3600,3600
real_block_a,contemporaneous,contemporaneous_dependency|iot_power,0.020199073395146355,1.0,1,pair9,qualification,1339,8.58684709316218,3600,3600
real_block_a,temporal,forecast|router_bytes,0.015802596711642018,1.0,1,pair9,qualification,1339,8.58684709316218,3600,3600
real_block_b,contemporaneous,contemporaneous_dependency|iot_power,0.031501514739038006,1.0,1,pair9,qualification,1339,8.58684709316218,3600,3600
real_block_b,temporal,forecast|router_bytes,0.02631398139785847,1.0,1,pair9,qualification,1339,8.58684709316218,3600,3600
real_resample,contemporaneous,contemporaneous_dependency|iot_power,0.05252703194643327,0.5,1,pair9,qualification,1339,8.58684709316218,3600,3600
real_resample,temporal,forecast|router_bytes,1.3921761162605024,0.0,1,pair9,qualification,1339,8.58684709316218,3600,3600
real_identity,contemporaneous,contemporaneous_dependency|iot_power,1.1102230246251564e-16,1.0,1,pair9,qualification,1340,8.58684709316218,3600,3600
real_identity,temporal,forecast|router_bytes,0.0,1.0,1,pair9,qualification,1340,8.58684709316218,3600,3600
real_block_a,contemporaneous,contemporaneous_dependency|iot_power,0.04439833634862121,1.0,1,pair9,qualification,1340,8.58684709316218,3600,3600
real_block_a,temporal,forecast|router_bytes,0.010540925095033205,1.0,1,pair9,qualification,1340,8.58684709316218,3600,3600
real_block_b,contemporaneous,contemporaneous_dependency|iot_power,0.03274206657429037,1.0,1,pair9,qualification,1340,8.58684709316218,3600,3600
real_block_b,temporal,forecast|router_bytes,0.005107255649415256,1.0,1,pair9,qualification,1340,8.58684709316218,3600,3600
real_resample,contemporaneous,contemporaneous_dependency|iot_power,0.03586727879592825,1.0,1,pair9,qualification,1340,8.58684709316218,3600,3600
real_resample,temporal,forecast|router_bytes,1.4259167896518206,0.0,1,pair9,qualification,1340,8.58684709316218,3600,3600
real_identity,contemporaneous,contemporaneous_dependency|iot_power,0.0,1.0,1,pair9,qualification,1341,8.58684709316218,3600,3600
real_identity,temporal,forecast|router_bytes,0.0,1.0,1,pair9,qualification,1341,8.58684709316218,3600,3600
real_block_a,contemporaneous,contemporaneous_dependency|iot_power,0.06134873847958447,0.5,1,pair9,qualification,1341,8.58684709316218,3600,3600
real_block_a,temporal,forecast|router_bytes,0.017586585657557077,1.0,1,pair9,qualification,1341,8.58684709316218,3600,3600
real_block_b,contemporaneous,contemporaneous_dependency|iot_power,0.051371451774657136,0.5,1,pair9,qualification,1341,8.58684709316218,3600,3600
real_block_b,temporal,forecast|router_bytes,0.043589626683254674,1.0,1,pair9,qualification,1341,8.58684709316218,3600,3600
real_resample,contemporaneous,contemporaneous_dependency|iot_power,0.03950146407384045,1.0,1,pair9,qualification,1341,8.58684709316218,3600,3600
real_resample,temporal,forecast|router_bytes,1.4105022166067047,0.0,1,pair9,qualification,1341,8.58684709316218,3600,3600
real_identity,contemporaneous,contemporaneous_dependency|iot_power,0.0,1.0,1,pair3,calibration,1337,9.028592209850855,3600,3600
real_identity,temporal,forecast|router_bytes,0.0,1.0,1,pair3,calibration,1337,9.028592209850855,3600,3600
real_block_a,contemporaneous,contemporaneous_dependency|iot_power,0.01028170816265295,1.0,1,pair3,calibration,1337,9.028592209850855,3600,3600
real_block_a,temporal,forecast|router_bytes,0.003420281702341476,1.0,1,pair3,calibration,1337,9.028592209850855,3600,3600
real_block_b,contemporaneous,contemporaneous_dependency|iot_power,0.06479977771075925,0.5,1,pair3,calibration,1337,9.028592209850855,3600,3600
real_block_b,temporal,forecast|router_bytes,0.04885391862101267,1.0,1,pair3,calibration,1337,9.028592209850855,3600,3600
real_resample,contemporaneous,contemporaneous_dependency|iot_power,0.059156442504730865,0.5,1,pair3,calibration,1337,9.028592209850855,3600,3600
real_resample,temporal,forecast|router_bytes,1.4282459709617046,0.0,1,pair3,calibration,1337,9.028592209850855,3600,3600
real_identity,contemporaneous,contemporaneous_dependency|iot_power,0.0,1.0,1,pair3,calibration,1338,9.028592209850855,3600,3600
real_identity,temporal,forecast|router_bytes,-1.1102230246251568e-16,1.0,1,pair3,calibration,1338,9.028592209850855,3600,3600
real_block_a,contemporaneous,contemporaneous_dependency|iot_power,0.061793800722839895,0.5,1,pair3,calibration,1338,9.028592209850855,3600,3600
real_block_a,temporal,forecast|router_bytes,0.04901701668738762,1.0,1,pair3,calibration,1338,9.028592209850855,3600,3600
real_block_b,contemporaneous,contemporaneous_dependency|iot_power,0.06568780413230697,0.5,1,pair3,calibration,1338,9.028592209850855,3600,3600
real_block_b,temporal,forecast|router_bytes,0.028499399563149667,1.0,1,pair3,calibration,1338,9.028592209850855,3600,3600
real_resample,contemporaneous,contemporaneous_dependency|iot_power,0.050194568411491856,0.5,1,pair3,calibration,1338,9.028592209850855,3600,3600
real_resample,temporal,forecast|router_bytes,1.3840346551582043,0.0,1,pair3,calibration,1338,9.028592209850855,3600,3600
real_identity,contemporaneous,contemporaneous_dependency|iot_power,1.1102230246251564e-16,1.0,1,pair3,calibration,1339,9.028592209850855,3600,3600
real_identity,temporal,forecast|router_bytes,-1.1102230246251568e-16,1.0,1,pair3,calibration,1339,9.028592209850855,3600,3600
real_block_a,contemporaneous,contemporaneous_dependency|iot_power,0.03924403750485188,1.0,1,pair3,calibration,1339,9.028592209850855,3600,3600
real_block_a,temporal,forecast|router_bytes,0.01393638122890637,1.0,1,pair3,calibration,1339,9.028592209850855,3600,3600
real_block_b,contemporaneous,contemporaneous_dependency|iot_power,0.043379269387016424,1.0,1,pair3,calibration,1339,9.028592209850855,3600,3600
real_block_b,temporal,forecast|router_bytes,0.012252008201420828,1.0,1,pair3,calibration,1339,9.028592209850855,3600,3600
real_resample,contemporaneous,contemporaneous_dependency|iot_power,0.049228283041728056,0.5,1,pair3,calibration,1339,9.028592209850855,3600,3600
real_resample,temporal,forecast|router_bytes,1.4141953545826889,0.0,1,pair3,calibration,1339,9.028592209850855,3600,3600
real_identity,contemporaneous,contemporaneous_dependency|iot_power,0.0,1.0,1,pair3,calibration,1340,9.028592209850855,3600,3600
real_identity,temporal,forecast|router_bytes,0.0,1.0,1,pair3,calibration,1340,9.028592209850855,3600,3600
real_block_a,contemporaneous,contemporaneous_dependency|iot_power,0.044676408609761874,1.0,1,pair3,calibration,1340,9.028592209850855,3600,3600
real_block_a,temporal,forecast|router_bytes,0.013403661910430329,1.0,1,pair3,calibration,1340,9.028592209850855,3600,3600
real_block_b,contemporaneous,contemporaneous_dependency|iot_power,0.02784455512355013,1.0,1,pair3,calibration,1340,9.028592209850855,3600,3600
real_block_b,temporal,forecast|router_bytes,0.02084376699245032,1.0,1,pair3,calibration,1340,9.028592209850855,3600,3600
real_resample,contemporaneous,contemporaneous_dependency|iot_power,0.03803224449595752,1.0,1,pair3,calibration,1340,9.028592209850855,3600,3600
real_resample,temporal,forecast|router_bytes,1.4136565736641935,0.0,1,pair3,calibration,1340,9.028592209850855,3600,3600
real_identity,contemporaneous,contemporaneous_dependency|iot_power,0.0,1.0,1,pair3,calibration,1341,9.028592209850855,3600,3600
real_identity,temporal,forecast|router_bytes,0.0,1.0,1,pair3,calibration,1341,9.028592209850855,3600,3600
real_block_a,contemporaneous,contemporaneous_dependency|iot_power,0.04131405816744973,1.0,1,pair3,calibration,1341,9.028592209850855,3600,3600
real_block_a,temporal,forecast|router_bytes,0.0175305164489684,1.0,1,pair3,calibration,1341,9.028592209850855,3600,3600
real_block_b,contemporaneous,contemporaneous_dependency|iot_power,0.06381613462559933,0.5,1,pair3,calibration,1341,9.028592209850855,3600,3600
real_block_b,temporal,forecast|router_bytes,0.0313933441384369,1.0,1,pair3,calibration,1341,9.028592209850855,3600,3600
real_resample,contemporaneous,contemporaneous_dependency|iot_power,0.02524210757014444,1.0,1,pair3,calibration,1341,9.028592209850855,3600,3600
real_resample,temporal,forecast|router_bytes,1.3963192524970214,0.0,1,pair3,calibration,1341,9.028592209850855,3600,3600
real_identity,contemporaneous,contemporaneous_dependency|iot_power,1.1102230246251564e-16,1.0,1,pair1,qualification,1337,9.04258567516127,3600,3600
real_identity,temporal,forecast|router_bytes,0.0,1.0,1,pair1,qualification,1337,9.04258567516127,3600,3600
real_block_a,contemporaneous,contemporaneous_dependency|iot_power,0.011258426956756046,1.0,1,pair1,qualification,1337,9.04258567516127,3600,3600
real_block_a,temporal,forecast|router_bytes,0.003792002710114636,1.0,1,pair1,qualification,1337,9.04258567516127,3600,3600
real_block_b,contemporaneous,contemporaneous_dependency|iot_power,0.0709475749404727,0.5,1,pair1,qualification,1337,9.04258567516127,3600,3600
real_block_b,temporal,forecast|router_bytes,0.08070773672046334,0.5,1,pair1,qualification,1337,9.04258567516127,3600,3600
real_resample,contemporaneous,contemporaneous_dependency|iot_power,0.050048262130729014,0.5,1,pair1,qualification,1337,9.04258567516127,3600,3600
real_resample,temporal,forecast|router_bytes,1.3797241315139732,0.0,1,pair1,qualification,1337,9.04258567516127,3600,3600
real_identity,contemporaneous,contemporaneous_dependency|iot_power,-1.665334536937735e-16,1.0,1,pair1,qualification,1338,9.04258567516127,3600,3600
real_identity,temporal,forecast|router_bytes,0.0,1.0,1,pair1,qualification,1338,9.04258567516127,3600,3600
real_block_a,contemporaneous,contemporaneous_dependency|iot_power,0.06157410537217014,0.5,1,pair1,qualification,1338,9.04258567516127,3600,3600
real_block_a,temporal,forecast|router_bytes,0.07350582424873195,0.5,1,pair1,qualification,1338,9.04258567516127,3600,3600
real_block_b,contemporaneous,contemporaneous_dependency|iot_power,0.062240267235411026,0.5,1,pair1,qualification,1338,9.04258567516127,3600,3600
real_block_b,temporal,forecast|router_bytes,0.04503698714068154,1.0,1,pair1,qualification,1338,9.04258567516127,3600,3600
real_resample,contemporaneous,contemporaneous_dependency|iot_power,0.04550336905217123,1.0,1,pair1,qualification,1338,9.04258567516127,3600,3600
real_resample,temporal,forecast|router_bytes,1.4369401215689503,0.0,1,pair1,qualification,1338,9.04258567516127,3600,3600
real_identity,contemporaneous,contemporaneous_dependency|iot_power,1.1102230246251564e-16,1.0,1,pair1,qualification,1339,9.04258567516127,3600,3600
real_identity,temporal,forecast|router_bytes,0.0,1.0,1,pair1,qualification,1339,9.04258567516127,3600,3600
real_block_a,contemporaneous,contemporaneous_dependency|iot_power,0.037297951328449014,1.0,1,pair1,qualification,1339,9.04258567516127,3600,3600
real_block_a,temporal,forecast|router_bytes,0.015335431513506904,1.0,1,pair1,qualification,1339,9.04258567516127,3600,3600
real_block_b,contemporaneous,contemporaneous_dependency|iot_power,0.040356355196144694,1.0,1,pair1,qualification,1339,9.04258567516127,3600,3600
real_block_b,temporal,forecast|router_bytes,0.0131617149644781,1.0,1,pair1,qualification,1339,9.04258567516127,3600,3600
real_resample,contemporaneous,contemporaneous_dependency|iot_power,0.04270395475111816,1.0,1,pair1,qualification,1339,9.04258567516127,3600,3600
real_resample,temporal,forecast|router_bytes,1.416373482123837,0.0,1,pair1,qualification,1339,9.04258567516127,3600,3600
real_identity,contemporaneous,contemporaneous_dependency|iot_power,0.0,1.0,1,pair1,qualification,1340,9.04258567516127,3600,3600
real_identity,temporal,forecast|router_bytes,0.0,1.0,1,pair1,qualification,1340,9.04258567516127,3600,3600
real_block_a,contemporaneous,contemporaneous_dependency|iot_power,0.05069915535469185,0.5,1,pair1,qualification,1340,9.04258567516127,3600,3600
real_block_a,temporal,forecast|router_bytes,0.03300276247559298,1.0,1,pair1,qualification,1340,9.04258567516127,3600,3600
real_block_b,contemporaneous,contemporaneous_dependency|iot_power,0.036761474938298046,1.0,1,pair1,qualification,1340,9.04258567516127,3600,3600
real_block_b,temporal,forecast|router_bytes,0.027537156198556463,1.0,1,pair1,qualification,1340,9.04258567516127,3600,3600
real_resample,contemporaneous,contemporaneous_dependency|iot_power,0.04446125157690364,1.0,1,pair1,qualification,1340,9.04258567516127,3600,3600
real_resample,temporal,forecast|router_bytes,1.4018402837982644,0.0,1,pair1,qualification,1340,9.04258567516127,3600,3600
real_identity,contemporaneous,contemporaneous_dependency|iot_power,-1.1102230246251568e-16,1.0,1,pair1,qualification,1341,9.04258567516127,3600,3600
real_identity,temporal,forecast|router_bytes,0.0,1.0,1,pair1,qualification,1341,9.04258567516127,3600,3600
real_block_a,contemporaneous,contemporaneous_dependency|iot_power,0.05154812740768123,0.5,1,pair1,qualification,1341,9.04258567516127,3600,3600
real_block_a,temporal,forecast|router_bytes,0.0320377093299827,1.0,1,pair1,qualification,1341,9.04258567516127,3600,3600
real_block_b,contemporaneous,contemporaneous_dependency|iot_power,0.06673515369720841,0.5,1,pair1,qualification,1341,9.04258567516127,3600,3600
real_block_b,temporal,forecast|router_bytes,0.066561117648529,1.0,1,pair1,qualification,1341,9.04258567516127,3600,3600
real_resample,contemporaneous,contemporaneous_dependency|iot_power,0.03594999907289134,1.0,1,pair1,qualification,1341,9.04258567516127,3600,3600
real_resample,temporal,forecast|router_bytes,1.4333835094428142,0.0,1,pair1,qualification,1341,9.04258567516127,3600,3600
real_identity,contemporaneous,contemporaneous_dependency|iot_power,3.3306690738754686e-16,1.0,1,pair0,calibration,1337,9.437576930592279,3600,3600
real_identity,temporal,forecast|router_bytes,0.0,1.0,1,pair0,calibration,1337,9.437576930592279,3600,3600
real_block_a,contemporaneous,contemporaneous_dependency|iot_power,0.009397998481778051,1.0,1,pair0,calibration,1337,9.437576930592279,3600,3600
real_block_a,temporal,forecast|router_bytes,0.0105784740819549,1.0,1,pair0,calibration,1337,9.437576930592279,3600,3600
real_block_b,contemporaneous,contemporaneous_dependency|iot_power,0.06804105289500881,0.5,1,pair0,calibration,1337,9.437576930592279,3600,3600
real_block_b,temporal,forecast|router_bytes,0.030954371445071596,1.0,1,pair0,calibration,1337,9.437576930592279,3600,3600
real_resample,contemporaneous,contemporaneous_dependency|iot_power,0.041052147042653836,1.0,1,pair0,calibration,1337,9.437576930592279,3600,3600
real_resample,temporal,forecast|router_bytes,1.4435088838293701,0.0,1,pair0,calibration,1337,9.437576930592279,3600,3600
real_identity,contemporaneous,contemporaneous_dependency|iot_power,-1.1102230246251568e-16,1.0,1,pair0,calibration,1338,9.437576930592279,3600,3600
real_identity,temporal,forecast|router_bytes,0.0,1.0,1,pair0,calibration,1338,9.437576930592279,3600,3600
real_block_a,contemporaneous,contemporaneous_dependency|iot_power,0.061047317729167355,0.5,1,pair0,calibration,1338,9.437576930592279,3600,3600
real_block_a,temporal,forecast|router_bytes,0.040873887904259755,1.0,1,pair0,calibration,1338,9.437576930592279,3600,3600
real_block_b,contemporaneous,contemporaneous_dependency|iot_power,0.06449163122762691,0.5,1,pair0,calibration,1338,9.437576930592279,3600,3600
real_block_b,temporal,forecast|router_bytes,0.02516429446194628,1.0,1,pair0,calibration,1338,9.437576930592279,3600,3600
real_resample,contemporaneous,contemporaneous_dependency|iot_power,0.03965032389087259,1.0,1,pair0,calibration,1338,9.437576930592279,3600,3600
real_resample,temporal,forecast|router_bytes,1.4294871624640462,0.0,1,pair0,calibration,1338,9.437576930592279,3600,3600
real_identity,contemporaneous,contemporaneous_dependency|iot_power,0.0,1.0,1,pair0,calibration,1339,9.437576930592279,3600,3600
real_identity,temporal,forecast|router_bytes,-1.1102230246251568e-16,1.0,1,pair0,calibration,1339,9.437576930592279,3600,3600
real_block_a,contemporaneous,contemporaneous_dependency|iot_power,0.043699352826839344,1.0,1,pair0,calibration,1339,9.437576930592279,3600,3600
real_block_a,temporal,forecast|router_bytes,0.011727968715396317,1.0,1,pair0,calibration,1339,9.437576930592279,3600,3600
real_block_b,contemporaneous,contemporaneous_dependency|iot_power,0.03892615385671429,1.0,1,pair0,calibration,1339,9.437576930592279,3600,3600
real_block_b,temporal,forecast|router_bytes,0.011974674201950506,1.0,1,pair0,calibration,1339,9.437576930592279,3600,3600
real_resample,contemporaneous,contemporaneous_dependency|iot_power,0.043645133140161635,1.0,1,pair0,calibration,1339,9.437576930592279,3600,3600
real_resample,temporal,forecast|router_bytes,1.4405285909146643,0.0,1,pair0,calibration,1339,9.437576930592279,3600,3600
real_identity,contemporaneous,contemporaneous_dependency|iot_power,0.0,1.0,1,pair0,calibration,1340,9.437576930592279,3600,3600
real_identity,temporal,forecast|router_bytes,0.0,1.0,1,pair0,calibration,1340,9.437576930592279,3600,3600
real_block_a,contemporaneous,contemporaneous_dependency|iot_power,0.049015871710064725,0.5,1,pair0,calibration,1340,9.437576930592279,3600,3600
real_block_a,temporal,forecast|router_bytes,0.0212173889624572,1.0,1,pair0,calibration,1340,9.437576930592279,3600,3600
real_block_b,contemporaneous,contemporaneous_dependency|iot_power,0.023906068104964248,1.0,1,pair0,calibration,1340,9.437576930592279,3600,3600
real_block_b,temporal,forecast|router_bytes,0.019531740351460092,1.0,1,pair0,calibration,1340,9.437576930592279,3600,3600
real_resample,contemporaneous,contemporaneous_dependency|iot_power,0.0320754906650266,1.0,1,pair0,calibration,1340,9.437576930592279,3600,3600
real_resample,temporal,forecast|router_bytes,1.42651144240907,0.0,1,pair0,calibration,1340,9.437576930592279,3600,3600
real_identity,contemporaneous,contemporaneous_dependency|iot_power,0.0,1.0,1,pair0,calibration,1341,9.437576930592279,3600,3600
real_identity,temporal,forecast|router_bytes,0.0,1.0,1,pair0,calibration,1341,9.437576930592279,3600,3600
real_block_a,contemporaneous,contemporaneous_dependency|iot_power,0.05266621348643025,0.5,1,pair0,calibration,1341,9.437576930592279,3600,3600
real_block_a,temporal,forecast|router_bytes,0.01956150155302369,1.0,1,pair0,calibration,1341,9.437576930592279,3600,3600
real_block_b,contemporaneous,contemporaneous_dependency|iot_power,0.06524555806691805,0.5,1,pair0,calibration,1341,9.437576930592279,3600,3600
real_block_b,temporal,forecast|router_bytes,0.03302916326811073,1.0,1,pair0,calibration,1341,9.437576930592279,3600,3600
real_resample,contemporaneous,contemporaneous_dependency|iot_power,0.05205349985924496,0.5,1,pair0,calibration,1341,9.437576930592279,3600,3600
real_resample,temporal,forecast|router_bytes,1.3953391214009463,0.0,1,pair0,calibration,1341,9.437576930592279,3600,3600
real_identity,contemporaneous,contemporaneous_dependency|iot_power,-1.1102230246251568e-16,1.0,1,pair8,qualification,1337,9.832862591599087,3600,3600
real_identity,temporal,forecast|router_bytes,0.0,1.0,1,pair8,qualification,1337,9.832862591599087,3600,3600
real_block_a,contemporaneous,contemporaneous_dependency|iot_power,0.006722030628263905,1.0,1,pair8,qualification,1337,9.832862591599087,3600,3600
real_block_a,temporal,forecast|router_bytes,0.005197813102702547,1.0,1,pair8,qualification,1337,9.832862591599087,3600,3600
real_block_b,contemporaneous,contemporaneous_dependency|iot_power,0.08687167378747408,0.5,1,pair8,qualification,1337,9.832862591599087,3600,3600
real_block_b,temporal,forecast|router_bytes,0.03129388671827582,1.0,1,pair8,qualification,1337,9.832862591599087,3600,3600
real_resample,contemporaneous,contemporaneous_dependency|iot_power,0.05398622991233951,0.5,1,pair8,qualification,1337,9.832862591599087,3600,3600
real_resample,temporal,forecast|router_bytes,1.3415356910370133,0.0,1,pair8,qualification,1337,9.832862591599087,3600,3600
real_identity,contemporaneous,contemporaneous_dependency|iot_power,0.0,1.0,1,pair8,qualification,1338,9.832862591599087,3600,3600
real_identity,temporal,forecast|router_bytes,-2.2204460492503136e-16,1.0,1,pair8,qualification,1338,9.832862591599087,3600,3600
real_block_a,contemporaneous,contemporaneous_dependency|iot_power,0.07757668460395921,0.5,1,pair8,qualification,1338,9.832862591599087,3600,3600
real_block_a,temporal,forecast|router_bytes,0.02860729866543068,1.0,1,pair8,qualification,1338,9.832862591599087,3600,3600
real_block_b,contemporaneous,contemporaneous_dependency|iot_power,0.057680958067185636,0.5,1,pair8,qualification,1338,9.832862591599087,3600,3600
real_block_b,temporal,forecast|router_bytes,0.0261828183057006,1.0,1,pair8,qualification,1338,9.832862591599087,3600,3600
real_resample,contemporaneous,contemporaneous_dependency|iot_power,0.06361068122463891,0.5,1,pair8,qualification,1338,9.832862591599087,3600,3600
real_resample,temporal,forecast|router_bytes,1.3363515793925766,0.0,1,pair8,qualification,1338,9.832862591599087,3600,3600
real_identity,contemporaneous,contemporaneous_dependency|iot_power,0.0,1.0,1,pair8,qualification,1339,9.832862591599087,3600,3600
real_identity,temporal,forecast|router_bytes,2.2204460492503126e-16,1.0,1,pair8,qualification,1339,9.832862591599087,3600,3600
real_block_a,contemporaneous,contemporaneous_dependency|iot_power,0.03495323529244315,1.0,1,pair8,qualification,1339,9.832862591599087,3600,3600
real_block_a,temporal,forecast|router_bytes,0.014281306206094538,1.0,1,pair8,qualification,1339,9.832862591599087,3600,3600
real_block_b,contemporaneous,contemporaneous_dependency|iot_power,0.04557170077292805,1.0,1,pair8,qualification,1339,9.832862591599087,3600,3600
real_block_b,temporal,forecast|router_bytes,0.013680145791150783,1.0,1,pair8,qualification,1339,9.832862591599087,3600,3600
real_resample,contemporaneous,contemporaneous_dependency|iot_power,0.04619846280411837,1.0,1,pair8,qualification,1339,9.832862591599087,3600,3600
real_resample,temporal,forecast|router_bytes,1.3405529143441346,0.0,1,pair8,qualification,1339,9.832862591599087,3600,3600
real_identity,contemporaneous,contemporaneous_dependency|iot_power,-1.1102230246251568e-16,1.0,1,pair8,qualification,1340,9.832862591599087,3600,3600
real_identity,temporal,forecast|router_bytes,0.0,1.0,1,pair8,qualification,1340,9.832862591599087,3600,3600
real_block_a,contemporaneous,contemporaneous_dependency|iot_power,0.04760209827181464,1.0,1,pair8,qualification,1340,9.832862591599087,3600,3600
real_block_a,temporal,forecast|router_bytes,0.011766626946028138,1.0,1,pair8,qualification,1340,9.832862591599087,3600,3600
real_block_b,contemporaneous,contemporaneous_dependency|iot_power,0.03548996328887008,1.0,1,pair8,qualification,1340,9.832862591599087,3600,3600
real_block_b,temporal,forecast|router_bytes,0.007311774822541896,1.0,1,pair8,qualification,1340,9.832862591599087,3600,3600
real_resample,contemporaneous,contemporaneous_dependency|iot_power,0.055657748232106195,0.5,1,pair8,qualification,1340,9.832862591599087,3600,3600
real_resample,temporal,forecast|router_bytes,1.3356991404310505,0.0,1,pair8,qualification,1340,9.832862591599087,3600,3600
real_identity,contemporaneous,contemporaneous_dependency|iot_power,0.0,1.0,1,pair8,qualification,1341,9.832862591599087,3600,3600
real_identity,temporal,forecast|router_bytes,0.0,1.0,1,pair8,qualification,1341,9.832862591599087,3600,3600
real_block_a,contemporaneous,contemporaneous_dependency|iot_power,0.05295190918030831,0.5,1,pair8,qualification,1341,9.832862591599087,3600,3600
real_block_a,temporal,forecast|router_bytes,0.01522208252948137,1.0,1,pair8,qualification,1341,9.832862591599087,3600,3600
real_block_b,contemporaneous,contemporaneous_dependency|iot_power,0.061537883611449115,0.5,1,pair8,qualification,1341,9.832862591599087,3600,3600
real_block_b,temporal,forecast|router_bytes,0.040666744290592124,1.0,1,pair8,qualification,1341,9.832862591599087,3600,3600
real_resample,contemporaneous,contemporaneous_dependency|iot_power,0.04910422010442678,0.5,1,pair8,qualification,1341,9.832862591599087,3600,3600
real_resample,temporal,forecast|router_bytes,1.3166583932274223,0.0,1,pair8,qualification,1341,9.832862591599087,3600,3600
real_identity,contemporaneous,contemporaneous_dependency|iot_power,0.0,1.0,1,pair6,calibration,1337,9.933137668484186,3600,3600
real_identity,temporal,forecast|router_bytes,1.1102230246251564e-16,1.0,1,pair6,calibration,1337,9.933137668484186,3600,3600
real_block_a,contemporaneous,contemporaneous_dependency|iot_power,0.018175997470586083,1.0,1,pair6,calibration,1337,9.933137668484186,3600,3600
real_block_a,temporal,forecast|router_bytes,0.004279786167387934,1.0,1,pair6,calibration,1337,9.933137668484186,3600,3600
real_block_b,contemporaneous,contemporaneous_dependency|iot_power,0.06775152752930727,0.5,1,pair6,calibration,1337,9.933137668484186,3600,3600
real_block_b,temporal,forecast|router_bytes,0.025335009760883657,1.0,1,pair6,calibration,1337,9.933137668484186,3600,3600
real_resample,contemporaneous,contemporaneous_dependency|iot_power,0.03477338231701714,1.0,1,pair6,calibration,1337,9.933137668484186,3600,3600
real_resample,temporal,forecast|router_bytes,1.283192388503417,0.0,1,pair6,calibration,1337,9.933137668484186,3600,3600
real_identity,contemporaneous,contemporaneous_dependency|iot_power,0.0,1.0,1,pair6,calibration,1338,9.933137668484186,3600,3600
real_identity,temporal,forecast|router_bytes,-1.1102230246251568e-16,1.0,1,pair6,calibration,1338,9.933137668484186,3600,3600
real_block_a,contemporaneous,contemporaneous_dependency|iot_power,0.07193309974154204,0.5,1,pair6,calibration,1338,9.933137668484186,3600,3600
real_block_a,temporal,forecast|router_bytes,0.030610931919032056,1.0,1,pair6,calibration,1338,9.933137668484186,3600,3600
real_block_b,contemporaneous,contemporaneous_dependency|iot_power,0.05791653804719417,0.5,1,pair6,calibration,1338,9.933137668484186,3600,3600
real_block_b,temporal,forecast|router_bytes,0.016401483155581247,1.0,1,pair6,calibration,1338,9.933137668484186,3600,3600
real_resample,contemporaneous,contemporaneous_dependency|iot_power,0.04611618318940893,1.0,1,pair6,calibration,1338,9.933137668484186,3600,3600
real_resample,temporal,forecast|router_bytes,1.2520268962157666,0.0,1,pair6,calibration,1338,9.933137668484186,3600,3600
real_identity,contemporaneous,contemporaneous_dependency|iot_power,-1.1102230246251568e-16,1.0,1,pair6,calibration,1339,9.933137668484186,3600,3600
real_identity,temporal,forecast|router_bytes,0.0,1.0,1,pair6,calibration,1339,9.933137668484186,3600,3600
real_block_a,contemporaneous,contemporaneous_dependency|iot_power,0.026725125220982943,1.0,1,pair6,calibration,1339,9.933137668484186,3600,3600
real_block_a,temporal,forecast|router_bytes,0.00961615684600221,1.0,1,pair6,calibration,1339,9.933137668484186,3600,3600
real_block_b,contemporaneous,contemporaneous_dependency|iot_power,0.046540726584994516,1.0,1,pair6,calibration,1339,9.933137668484186,3600,3600
real_block_b,temporal,forecast|router_bytes,0.016994770052863154,1.0,1,pair6,calibration,1339,9.933137668484186,3600,3600
real_resample,contemporaneous,contemporaneous_dependency|iot_power,0.0344547610746967,1.0,1,pair6,calibration,1339,9.933137668484186,3600,3600
real_resample,temporal,forecast|router_bytes,1.2613527759797365,0.0,1,pair6,calibration,1339,9.933137668484186,3600,3600
real_identity,contemporaneous,contemporaneous_dependency|iot_power,-1.1102230246251568e-16,1.0,1,pair6,calibration,1340,9.933137668484186,3600,3600
real_identity,temporal,forecast|router_bytes,0.0,1.0,1,pair6,calibration,1340,9.933137668484186,3600,3600
real_block_a,contemporaneous,contemporaneous_dependency|iot_power,0.038329475910904146,1.0,1,pair6,calibration,1340,9.933137668484186,3600,3600
real_block_a,temporal,forecast|router_bytes,0.012774329721780258,1.0,1,pair6,calibration,1340,9.933137668484186,3600,3600
real_block_b,contemporaneous,contemporaneous_dependency|iot_power,0.021903455164547406,1.0,1,pair6,calibration,1340,9.933137668484186,3600,3600
real_block_b,temporal,forecast|router_bytes,0.010430170742795517,1.0,1,pair6,calibration,1340,9.933137668484186,3600,3600
real_resample,contemporaneous,contemporaneous_dependency|iot_power,0.04069809206492837,1.0,1,pair6,calibration,1340,9.933137668484186,3600,3600
real_resample,temporal,forecast|router_bytes,1.2455938845185401,0.0,1,pair6,calibration,1340,9.933137668484186,3600,3600
real_identity,contemporaneous,contemporaneous_dependency|iot_power,-2.2204460492503136e-16,1.0,1,pair6,calibration,1341,9.933137668484186,3600,3600
real_identity,temporal,forecast|router_bytes,0.0,1.0,1,pair6,calibration,1341,9.933137668484186,3600,3600
real_block_a,contemporaneous,contemporaneous_dependency|iot_power,0.06406552820756153,0.5,1,pair6,calibration,1341,9.933137668484186,3600,3600
real_block_a,temporal,forecast|router_bytes,0.026617278507370966,1.0,1,pair6,calibration,1341,9.933137668484186,3600,3600
real_block_b,contemporaneous,contemporaneous_dependency|iot_power,0.051724822478614055,0.5,1,pair6,calibration,1341,9.933137668484186,3600,3600
real_block_b,temporal,forecast|router_bytes,0.02596338049691593,1.0,1,pair6,calibration,1341,9.933137668484186,3600,3600
real_resample,contemporaneous,contemporaneous_dependency|iot_power,0.04257017995362398,1.0,1,pair6,calibration,1341,9.933137668484186,3600,3600
real_resample,temporal,forecast|router_bytes,1.2924861823554163,0.0,1,pair6,calibration,1341,9.933137668484186,3600,3600
real_identity,contemporaneous,contemporaneous_dependency|iot_power,-2.7755575615628923e-16,1.0,1,pair4,qualification,1337,11.208202968345292,3600,3600
real_identity,temporal,forecast|router_bytes,0.0,1.0,1,pair4,qualification,1337,11.208202968345292,3600,3600
real_block_a,contemporaneous,contemporaneous_dependency|iot_power,0.02223019094625477,1.0,1,pair4,qualification,1337,11.208202968345292,3600,3600
real_block_a,temporal,forecast|router_bytes,0.009537310786107691,1.0,1,pair4,qualification,1337,11.208202968345292,3600,3600
real_block_b,contemporaneous,contemporaneous_dependency|iot_power,0.08181001872820678,0.5,1,pair4,qualification,1337,11.208202968345292,3600,3600
real_block_b,temporal,forecast|router_bytes,0.035107824022917844,1.0,1,pair4,qualification,1337,11.208202968345292,3600,3600
real_resample,contemporaneous,contemporaneous_dependency|iot_power,0.03626791574786331,1.0,1,pair4,qualification,1337,11.208202968345292,3600,3600
real_resample,temporal,forecast|router_bytes,1.3860932497837353,0.0,1,pair4,qualification,1337,11.208202968345292,3600,3600
real_identity,contemporaneous,contemporaneous_dependency|iot_power,0.0,1.0,1,pair4,qualification,1338,11.208202968345292,3600,3600
real_identity,temporal,forecast|router_bytes,0.0,1.0,1,pair4,qualification,1338,11.208202968345292,3600,3600
real_block_a,contemporaneous,contemporaneous_dependency|iot_power,0.09007983214706682,0.5,1,pair4,qualification,1338,11.208202968345292,3600,3600
real_block_a,temporal,forecast|router_bytes,0.04654761236877991,1.0,1,pair4,qualification,1338,11.208202968345292,3600,3600
real_block_b,contemporaneous,contemporaneous_dependency|iot_power,0.06347043927530821,0.5,1,pair4,qualification,1338,11.208202968345292,3600,3600
real_block_b,temporal,forecast|router_bytes,0.010529218589838046,1.0,1,pair4,qualification,1338,11.208202968345292,3600,3600
real_resample,contemporaneous,contemporaneous_dependency|iot_power,0.040477233596894646,1.0,1,pair4,qualification,1338,11.208202968345292,3600,3600
real_resample,temporal,forecast|router_bytes,1.3831887298237755,0.0,1,pair4,qualification,1338,11.208202968345292,3600,3600
real_identity,contemporaneous,contemporaneous_dependency|iot_power,-2.7755575615628923e-16,1.0,1,pair4,qualification,1339,11.208202968345292,3600,3600
real_identity,temporal,forecast|router_bytes,0.0,1.0,1,pair4,qualification,1339,11.208202968345292,3600,3600
real_block_a,contemporaneous,contemporaneous_dependency|iot_power,0.03476588505158661,1.0,1,pair4,qualification,1339,11.208202968345292,3600,3600
real_block_a,temporal,forecast|router_bytes,-0.0021301311599799745,1.0,1,pair4,qualification,1339,11.208202968345292,3600,3600
real_block_b,contemporaneous,contemporaneous_dependency|iot_power,0.032143882680769204,1.0,1,pair4,qualification,1339,11.208202968345292,3600,3600
real_block_b,temporal,forecast|router_bytes,0.018120581733447112,1.0,1,pair4,qualification,1339,11.208202968345292,3600,3600
real_resample,contemporaneous,contemporaneous_dependency|iot_power,0.0493630132678206,0.5,1,pair4,qualification,1339,11.208202968345292,3600,3600
real_resample,temporal,forecast|router_bytes,1.3419646212645557,0.0,1,pair4,qualification,1339,11.208202968345292,3600,3600
real_identity,contemporaneous,contemporaneous_dependency|iot_power,0.0,1.0,1,pair4,qualification,1340,11.208202968345292,3600,3600
real_identity,temporal,forecast|router_bytes,0.0,1.0,1,pair4,qualification,1340,11.208202968345292,3600,3600
real_block_a,contemporaneous,contemporaneous_dependency|iot_power,0.052983691063771876,0.5,1,pair4,qualification,1340,11.208202968345292,3600,3600
real_block_a,temporal,forecast|router_bytes,0.006349571263065148,1.0,1,pair4,qualification,1340,11.208202968345292,3600,3600
real_block_b,contemporaneous,contemporaneous_dependency|iot_power,0.026212833474372314,1.0,1,pair4,qualification,1340,11.208202968345292,3600,3600
real_block_b,temporal,forecast|router_bytes,0.027685437694198185,1.0,1,pair4,qualification,1340,11.208202968345292,3600,3600
real_resample,contemporaneous,contemporaneous_dependency|iot_power,0.038615761316501296,1.0,1,pair4,qualification,1340,11.208202968345292,3600,3600
real_resample,temporal,forecast|router_bytes,1.3533479249842293,0.0,1,pair4,qualification,1340,11.208202968345292,3600,3600
real_identity,contemporaneous,contemporaneous_dependency|iot_power,-1.665334536937735e-16,1.0,1,pair4,qualification,1341,11.208202968345292,3600,3600
real_identity,temporal,forecast|router_bytes,0.0,1.0,1,pair4,qualification,1341,11.208202968345292,3600,3600
real_block_a,contemporaneous,contemporaneous_dependency|iot_power,0.059177041444239145,0.5,1,pair4,qualification,1341,11.208202968345292,3600,3600
real_block_a,temporal,forecast|router_bytes,0.013833692850718214,1.0,1,pair4,qualification,1341,11.208202968345292,3600,3600
real_block_b,contemporaneous,contemporaneous_dependency|iot_power,0.05167378882040905,0.5,1,pair4,qualification,1341,11.208202968345292,3600,3600
real_block_b,temporal,forecast|router_bytes,0.02624980816511933,1.0,1,pair4,qualification,1341,11.208202968345292,3600,3600
real_resample,contemporaneous,contemporaneous_dependency|iot_power,0.047937836009283134,1.0,1,pair4,qualification,1341,11.208202968345292,3600,3600
real_resample,temporal,forecast|router_bytes,1.3461475000792227,0.0,1,pair4,qualification,1341,11.208202968345292,3600,3600
