scenario_id,title,description,claim_kind,suite,fixture_context,p0_context,capability,source_kind,instrument_fault,core_severity,expected_permission,expected_outcome,expected_failure_stage,mixed_failure,truth_stage1,truth_stage2,truth_stage3,truth_stage4,planted_failures,expected_stage_reached,expected_admissible,truth_registry_version,protocol_hash
KT01,Clean matched real-resample positive,All gates valid; unchanged role-matched contemporaneous real-resample anchor.,utility,contemporaneous,stable,stable,contemporaneous_dependency|iot_power,identity_anchor,none,0.0,ADMISSIBLE,LICENSED_NONINFERIOR,0,False,PASS,PASS,PASS,PASS,,6,True,TIOT-KT-v2,56671d836844cd549869ef5fb0ec2c4c7e9f240f26176af245fad12b4c0e38d0
KT02,Valid source with destroyed contemporaneous coupling,Column-wise shuffling preserves marginals/support but destroys cross-column structure.,utility,contemporaneous,stable,stable,contemporaneous_dependency|iot_power,column_shuffle,none,1.0,ADMISSIBLE,LICENSED_INFERIOR,0,False,PASS,PASS,PASS,PASS,,6,True,TIOT-KT-v2,56671d836844cd549869ef5fb0ec2c4c7e9f240f26176af245fad12b4c0e38d0
KT03,Flat marginal instrument,Required marginal instrument is replaced by a constant response.,utility,contemporaneous,stable,stable,contemporaneous_dependency|iot_power,identity_anchor,flat_marginal,1.0,INSTRUMENT_INVALID,NOT_APPLICABLE,1,False,FAIL,PASS,PASS,PASS,stage1_instrument,1,False,TIOT-KT-v2,56671d836844cd549869ef5fb0ec2c4c7e9f240f26176af245fad12b4c0e38d0
KT04,Reversed temporal instrument,Required ACF response is reversed as planted order damage increases.,utility,temporal,stable,stable,forecast|router_bytes,mild_jitter,reversed_temporal,0.02,INSTRUMENT_INVALID,NOT_APPLICABLE,1,False,FAIL,PASS,PASS,PASS,stage1_instrument,1,False,TIOT-KT-v2,56671d836844cd549869ef5fb0ec2c4c7e9f240f26176af245fad12b4c0e38d0
KT05,Constant regression target,Regression target is constant and cannot support a stable estimand.,utility,contemporaneous,constant_target,none,contemporaneous_dependency|iot_power,identity_anchor,none,1.0,NOT_ESTIMABLE,NOT_APPLICABLE,2,False,PASS,FAIL,NOT_REACHED,PASS,stage2_not_estimable,2,False,TIOT-KT-v2,56671d836844cd549869ef5fb0ec2c4c7e9f240f26176af245fad12b4c0e38d0
KT06,Rare-event class without adequate support,Classification target is single-class/too rare in VAL and TEST.,utility,temporal,rare_class,none,event_onset|zigbee_events,identity_anchor,none,1.0,NOT_ESTIMABLE,NOT_APPLICABLE,2,False,PASS,FAIL,NOT_REACHED,PASS,stage2_not_estimable,2,False,TIOT-KT-v2,56671d836844cd549869ef5fb0ec2c4c7e9f240f26176af245fad12b4c0e38d0
KT07,Near-reference contemporaneous synthetic positive,Fixed 0.02 TRAIN-IQR jitter on role-matched real-resample anchor.,utility,contemporaneous,stable,stable,contemporaneous_dependency|iot_power,mild_jitter,none,0.02,ADMISSIBLE,LICENSED_NONINFERIOR,0,False,PASS,PASS,PASS,PASS,,6,True,TIOT-KT-v2,56671d836844cd549869ef5fb0ec2c4c7e9f240f26176af245fad12b4c0e38d0
KT08,Nominal temporal card with contemporaneous truth,Temporal-labelled horizon-zero same-row task lacks true order dependence.,utility,temporal,stable,no_order,forecast|nominal_non_temporal_power,identity_anchor,none,0.0,PROPERTY_UNLICENSED,NOT_APPLICABLE,3,False,PASS,PASS,FAIL,PASS,stage3_property,3,False,TIOT-KT-v2,56671d836844cd549869ef5fb0ec2c4c7e9f240f26176af245fad12b4c0e38d0
KT09,Genuine temporal positive,Role-matched real-block anchor with fixed 0.02-IQR jitter on lag-dependent task.,utility,temporal,stable,stable,forecast|router_bytes,mild_jitter,none,0.02,ADMISSIBLE,LICENSED_NONINFERIOR,0,False,PASS,PASS,PASS,PASS,,6,True,TIOT-KT-v2,56671d836844cd549869ef5fb0ec2c4c7e9f240f26176af245fad12b4c0e38d0
KT10,Real-regime instability,Data-generating relation changes across matched real blocks.,utility,contemporaneous,regime_unstable,regime_unstable,contemporaneous_dependency|regime_power,identity_anchor,none,1.0,PROPERTY_UNLICENSED,NOT_APPLICABLE,3,False,PASS,PASS,FAIL,PASS,stage3_property,3,False,TIOT-KT-v2,56671d836844cd549869ef5fb0ec2c4c7e9f240f26176af245fad12b4c0e38d0
KT11,Empirical-support violation,Five percent of one continuous field is moved outside TRAIN support.,utility,contemporaneous,stable,stable,contemporaneous_dependency|iot_power,support_violation,none,0.05,SOURCE_INVALID,NOT_APPLICABLE,4,False,PASS,PASS,PASS,FAIL,stage4_source,4,False,TIOT-KT-v2,56671d836844cd549869ef5fb0ec2c4c7e9f240f26176af245fad12b4c0e38d0
KT12,Learned-source variation collapse,Half of learned-scope fields are collapsed to TRAIN medians.,utility,contemporaneous,stable,stable,contemporaneous_dependency|iot_power,learned_collapse,none,0.5,FIT_INVALID,NOT_APPLICABLE,4,False,PASS,PASS,PASS,FIT_FAIL,stage4_fit,4,False,TIOT-KT-v2,56671d836844cd549869ef5fb0ec2c4c7e9f240f26176af245fad12b4c0e38d0
KT13,Learned-source activity-prevalence violation,Eighty percent of learned-scope field values are zeroed.,utility,contemporaneous,stable,stable,contemporaneous_dependency|iot_power,learned_activity,none,0.8,FIT_INVALID,NOT_APPLICABLE,4,False,PASS,PASS,PASS,FIT_FAIL,stage4_fit,4,False,TIOT-KT-v2,56671d836844cd549869ef5fb0ec2c4c7e9f240f26176af245fad12b4c0e38d0
KT14,C2ST closeness beyond real-anchor resolution,TEST session marker separates both candidate and matched real anchor from TEST.,closeness,contemporaneous,session_shift,stable,contemporaneous_dependency|iot_power,mild_jitter,none,1.0,NOT_ESTIMABLE,NOT_ESTIMABLE,2,False,PASS,NOT_ESTIMABLE_CLOSENESS,PASS,PASS,resolution_not_estimable,2,False,TIOT-KT-v2,56671d836844cd549869ef5fb0ec2c4c7e9f240f26176af245fad12b4c0e38d0
KT15,"Mixed instrument, property, and source failure","Flat instrument, no-order temporal claim, and out-of-support source together.",utility,temporal,stable,no_order,forecast|nominal_non_temporal_power,support_violation,flat_marginal,0.05,INSTRUMENT_INVALID,NOT_APPLICABLE,1,True,FAIL,PASS,FAIL,FAIL,stage1_instrument|stage3_property|stage4_source,1,False,TIOT-KT-v2,56671d836844cd549869ef5fb0ec2c4c7e9f240f26176af245fad12b4c0e38d0
KT16,Mixed not-estimable and source-invalid failure,Constant target and out-of-support source together.,utility,contemporaneous,constant_target,none,contemporaneous_dependency|iot_power,support_violation,none,0.05,NOT_ESTIMABLE,NOT_APPLICABLE,2,True,PASS,FAIL,NOT_REACHED,FAIL,stage2_not_estimable|stage4_source,2,False,TIOT-KT-v2,56671d836844cd549869ef5fb0ec2c4c7e9f240f26176af245fad12b4c0e38d0
KT17,Mixed property-unlicensed and source-invalid failure,No-order temporal claim and out-of-support source together.,utility,temporal,stable,no_order,forecast|nominal_non_temporal_power,support_violation,none,0.05,PROPERTY_UNLICENSED,NOT_APPLICABLE,3,True,PASS,PASS,FAIL,FAIL,stage3_property|stage4_source,3,False,TIOT-KT-v2,56671d836844cd549869ef5fb0ec2c4c7e9f240f26176af245fad12b4c0e38d0
KT18,Mild regime shift with preserved transfer,Contemporaneous mapping changes moderately across matched real blocks while matched-real predictive transfer remains positively skilled.,utility,contemporaneous,regime_mild,regime_mild,contemporaneous_dependency|regime_power,identity_anchor,none,0.25,ADMISSIBLE,LICENSED_NONINFERIOR,0,False,PASS,PASS,PASS,PASS,,6,True,TIOT-KT-v2,56671d836844cd549869ef5fb0ec2c4c7e9f240f26176af245fad12b4c0e38d0
