pair_id,source_block,target_block,profile_distance,source_start,source_end,target_start,target_end,phase
pair0,0,12,6.602834994577402,0,3600,43200,46800,calibration
pair9,9,17,6.779581519113098,32400,36000,61200,64800,qualification
pair6,6,10,6.824989145379315,21600,25200,36000,39600,calibration
pair3,3,14,6.914163869970884,10800,14400,50400,54000,qualification
pair2,2,15,6.976652427281382,7200,10800,54000,57600,calibration
pair1,1,13,7.489927633391899,3600,7200,46800,50400,qualification
pair7,7,18,8.012639139606753,25200,28800,64800,68400,calibration
pair4,4,19,10.503149141086949,14400,18000,68400,72000,qualification
pair5,5,11,15.304974824113039,18000,21600,39600,43200,calibration
pair8,8,16,16.52551081531573,28800,32400,57600,61200,qualification
