role,scope,seed,mild,strong,strong_minus_mild_auc
contemporaneous,all_modal,1337,0.9995665361683578,0.999910699394522,0.0003441632261642624
contemporaneous,all_modal,1338,0.9995144049124494,0.999933923802796,0.00041951889034663736
contemporaneous,all_modal,1339,0.9995268368842132,0.999910229650974,0.0003833927667608039
contemporaneous,all_modal,1340,0.999536177789694,0.9999406946905788,0.0004045169008848326
contemporaneous,all_modal,1341,0.9996103324963364,0.999910947439406,0.00030061494306965475
contemporaneous,mask_only,1337,0.5029722431095749,0.5029722431095749,0.0
contemporaneous,mask_only,1338,0.5036836947052966,0.5036836947052966,0.0
contemporaneous,mask_only,1339,0.5024799363993963,0.5024799363993963,0.0
contemporaneous,mask_only,1340,0.5031730622668704,0.5031730622668704,0.0
contemporaneous,mask_only,1341,0.503668546885799,0.503668546885799,0.0
contemporaneous,protocol_value,1337,0.989112513080596,0.9924240282251304,0.003311515144534427
contemporaneous,protocol_value,1338,0.9892066918870784,0.9925731284332328,0.0033664365461543166
contemporaneous,protocol_value,1339,0.989452019613101,0.9932551976901116,0.0038031780770105827
contemporaneous,protocol_value,1340,0.9895466671837244,0.9928595089693776,0.0033128417856531645
contemporaneous,protocol_value,1341,0.9883620014921912,0.9921918155903016,0.00382981409811034
temporal,all_modal,1337,0.999455180211263,0.9997711035013926,0.00031592329012963827
temporal,all_modal,1338,0.9999989917508146,0.9999994044185376,4.1266772299319854e-07
temporal,all_modal,1339,0.9999810182379733,0.9999986840147584,1.7665776785191767e-05
temporal,all_modal,1340,0.9993991328222817,0.9996068752074648,0.0002077423851831739
temporal,all_modal,1341,0.9999043201409602,0.9999607540845998,5.643394363963328e-05
temporal,mask_only,1337,0.5021656307016227,0.5021656307016227,0.0
temporal,mask_only,1338,0.5028428148353367,0.5028428148353367,0.0
temporal,mask_only,1339,0.5023370713379736,0.5023370713379736,0.0
temporal,mask_only,1340,0.5052330929887193,0.5052330929887193,0.0
temporal,mask_only,1341,0.5028543528358065,0.5028543528358065,0.0
temporal,protocol_value,1337,0.9901327001209386,0.9931635033297276,0.0030308032087890124
temporal,protocol_value,1338,0.9880100056914318,0.9915429088216928,0.0035329031302610003
temporal,protocol_value,1339,0.988921544107089,0.9925888091766186,0.003667265069529635
temporal,protocol_value,1340,0.9887768757232795,0.9916520575796266,0.0028751818563470533
temporal,protocol_value,1341,0.9883711207978836,0.9915357944531898,0.0031646736553062604
