role,feature_name,seed,mild,strong,strong_to_mild_realised_ratio
contemporaneous,iot__mi_box__media_player__state__volume_level,1337,0.0,0.006314513245968219,
contemporaneous,iot__mi_box__media_player__state__volume_level,1338,0.0,0.006292526042468611,
contemporaneous,iot__mi_box__media_player__state__volume_level,1339,0.0,0.005959905109182493,
contemporaneous,iot__mi_box__media_player__state__volume_level,1340,0.0,0.006317166240929735,
contemporaneous,iot__mi_box__media_player__state__volume_level,1341,0.0,0.006260098811536774,
contemporaneous,iot__motion_sensor_pid_062__sensor__temperature__value,1337,0.015795041763321936,0.07896330677807371,4.999246469954666
contemporaneous,iot__motion_sensor_pid_062__sensor__temperature__value,1338,0.015751744012848328,0.07875218218520984,4.999584942529127
contemporaneous,iot__motion_sensor_pid_062__sensor__temperature__value,1339,0.015811850494048856,0.07904466032063191,4.999077138402121
contemporaneous,iot__motion_sensor_pid_062__sensor__temperature__value,1340,0.01586858959302353,0.07933107596615667,4.99925185544113
contemporaneous,iot__motion_sensor_pid_062__sensor__temperature__value,1341,0.01576467208159373,0.07881602561583316,4.9995347323371195
contemporaneous,iot__multipurpose_sensor_pid_003__sensor__temperature__value,1337,0.015916775701056308,0.07958388929843331,5.000000678099131
contemporaneous,iot__multipurpose_sensor_pid_003__sensor__temperature__value,1338,0.015907738068816117,0.07953869279635746,5.0000001541562265
contemporaneous,iot__multipurpose_sensor_pid_003__sensor__temperature__value,1339,0.015802504280138994,0.07901251846393613,4.999999814158643
contemporaneous,iot__multipurpose_sensor_pid_003__sensor__temperature__value,1340,0.01599148873041613,0.07995744778470067,5.000000258426223
contemporaneous,iot__multipurpose_sensor_pid_003__sensor__temperature__value,1341,0.015943950251202228,0.07971976348735657,5.000000767146488
contemporaneous,iot__multipurpose_sensor_pid_006__sensor__temperature__value,1337,0.015901055970771624,0.07876356713995525,4.953354499520898
contemporaneous,iot__multipurpose_sensor_pid_006__sensor__temperature__value,1338,0.015868224263777823,0.07854886103034613,4.950072530147468
contemporaneous,iot__multipurpose_sensor_pid_006__sensor__temperature__value,1339,0.01593344480296986,0.07890835991133552,4.952372879004022
contemporaneous,iot__multipurpose_sensor_pid_006__sensor__temperature__value,1340,0.015920740611998278,0.07881640538253931,4.95054892880682
contemporaneous,iot__multipurpose_sensor_pid_006__sensor__temperature__value,1341,0.015931327100453658,0.07885041943191747,4.949394293063767
contemporaneous,iot__temperature_and_humidity_pid_001__sensor__humidity__value,1337,0.015989044579791604,0.07968195477680806,4.983534468189381
contemporaneous,iot__temperature_and_humidity_pid_001__sensor__humidity__value,1338,0.01593451937174125,0.07940109191718067,4.982961209234395
contemporaneous,iot__temperature_and_humidity_pid_001__sensor__humidity__value,1339,0.016031478713293072,0.07992210587627259,4.985323394404181
contemporaneous,iot__temperature_and_humidity_pid_001__sensor__humidity__value,1340,0.015952988008611484,0.0795105017467909,4.984050743589278
contemporaneous,iot__temperature_and_humidity_pid_001__sensor__humidity__value,1341,0.01593310710213189,0.07938709854572772,4.982524628551923
contemporaneous,iot__temperature_and_humidity_pid_001__sensor__temperature__value,1337,0.016045668810889833,0.08017991650899252,4.996981892993841
contemporaneous,iot__temperature_and_humidity_pid_001__sensor__temperature__value,1338,0.01594779116312663,0.0797013171968006,4.997639885144748
contemporaneous,iot__temperature_and_humidity_pid_001__sensor__temperature__value,1339,0.015923787144252233,0.07957076895577567,4.996975168968967
contemporaneous,iot__temperature_and_humidity_pid_001__sensor__temperature__value,1340,0.015984678613571893,0.07987819657098678,4.997172511380097
contemporaneous,iot__temperature_and_humidity_pid_001__sensor__temperature__value,1341,0.015979536020188104,0.07987075020926339,4.998314726307253
contemporaneous,iot__temperature_and_humidity_pid_070__sensor__humidity__value,1337,0.01592750324512521,0.07927285598341777,4.97710499652104
contemporaneous,iot__temperature_and_humidity_pid_070__sensor__humidity__value,1338,0.015994123492481725,0.07960352670710306,4.977048398089579
contemporaneous,iot__temperature_and_humidity_pid_070__sensor__humidity__value,1339,0.0159220669316096,0.07925542759604132,4.977709736836862
contemporaneous,iot__temperature_and_humidity_pid_070__sensor__humidity__value,1340,0.01590868043616062,0.07919509331085804,4.978105734706108
contemporaneous,iot__temperature_and_humidity_pid_070__sensor__humidity__value,1341,0.01599187492195898,0.0796101700716101,4.978163627474018
contemporaneous,iot__temperature_and_humidity_pid_070__sensor__temperature__value,1337,0.01586524044571847,0.0792904450167306,4.997746191620349
contemporaneous,iot__temperature_and_humidity_pid_070__sensor__temperature__value,1338,0.01594041287641917,0.07965844037962141,4.997263307869586
contemporaneous,iot__temperature_and_humidity_pid_070__sensor__temperature__value,1339,0.015901846367937216,0.07947303117974916,4.997723493291326
contemporaneous,iot__temperature_and_humidity_pid_070__sensor__temperature__value,1340,0.0159155987480097,0.079539908031764,4.99760702007587
contemporaneous,iot__temperature_and_humidity_pid_070__sensor__temperature__value,1341,0.016009255886026908,0.07999665913946724,4.996900524857585
contemporaneous,iot__temperature_and_humidity_pid_073__sensor__humidity__value,1337,0.01586659069117436,0.07919894213092124,4.991553867648133
contemporaneous,iot__temperature_and_humidity_pid_073__sensor__humidity__value,1338,0.015977734130920598,0.07979185824085289,4.993940792044928
contemporaneous,iot__temperature_and_humidity_pid_073__sensor__humidity__value,1339,0.01588320669069166,0.07930411898819792,4.992953912428403
contemporaneous,iot__temperature_and_humidity_pid_073__sensor__humidity__value,1340,0.015888799150852492,0.07935084270502439,4.994137187565048
contemporaneous,iot__temperature_and_humidity_pid_073__sensor__humidity__value,1341,0.015874716412852007,0.07927433422209505,4.993748055739463
contemporaneous,iot__temperature_and_humidity_pid_073__sensor__temperature__value,1337,0.015850255885701627,0.07918171662042402,4.995611250153578
contemporaneous,iot__temperature_and_humidity_pid_073__sensor__temperature__value,1338,0.015768072129295676,0.07876716468882809,4.995357964052289
contemporaneous,iot__temperature_and_humidity_pid_073__sensor__temperature__value,1339,0.015901405849430096,0.07944426268371058,4.996052766401019
contemporaneous,iot__temperature_and_humidity_pid_073__sensor__temperature__value,1340,0.015977869499478093,0.079812521766088,4.995191741220256
contemporaneous,iot__temperature_and_humidity_pid_073__sensor__temperature__value,1341,0.015861833334183686,0.07923797666146633,4.995511867515423
contemporaneous,iot__twinguard_087__sensor__humidity__value,1337,0.01588022774852535,0.07921262732303418,4.98812917405356
contemporaneous,iot__twinguard_087__sensor__humidity__value,1338,0.015919613285732433,0.07943907266735518,4.990012712089591
contemporaneous,iot__twinguard_087__sensor__humidity__value,1339,0.016027246098282585,0.07995978582366962,4.988990955360559
contemporaneous,iot__twinguard_087__sensor__humidity__value,1340,0.015968443413603775,0.07966688492032062,4.989020085229542
contemporaneous,iot__twinguard_087__sensor__humidity__value,1341,0.015987832306451552,0.07975937288959134,4.988754657966116
contemporaneous,iot__twinguard_087__sensor__temperature__value,1337,0.015845420663202863,0.07886642235968243,4.977237527232743
contemporaneous,iot__twinguard_087__sensor__temperature__value,1338,0.015825158608805012,0.07877868996415852,4.97806637592413
contemporaneous,iot__twinguard_087__sensor__temperature__value,1339,0.015881077493860536,0.07902148902374542,4.975826675129212
contemporaneous,iot__twinguard_087__sensor__temperature__value,1340,0.01578578311673587,0.0785652092261725,4.97695987872016
contemporaneous,iot__twinguard_087__sensor__temperature__value,1341,0.01591312583512677,0.07918375274540712,4.9760024250305515
contemporaneous,iot__twinguard_088__sensor__humidity__value,1337,0.015833846737392108,0.07868753241839814,4.969577748442844
contemporaneous,iot__twinguard_088__sensor__humidity__value,1338,0.0158974823891235,0.07898039427550493,4.968107046279262
contemporaneous,iot__twinguard_088__sensor__humidity__value,1339,0.015911254410697517,0.07903703346564835,4.967366583775434
contemporaneous,iot__twinguard_088__sensor__humidity__value,1340,0.015935160269931293,0.07921910244568404,4.971340175044603
contemporaneous,iot__twinguard_088__sensor__humidity__value,1341,0.015958893041924275,0.07924933316322719,4.965841487566705
contemporaneous,iot__twinguard_088__sensor__temperature__value,1337,0.015845697348458428,0.07896459505898612,4.983346161579207
contemporaneous,iot__twinguard_088__sensor__temperature__value,1338,0.015888193157741003,0.07919069093976702,4.984247746332562
contemporaneous,iot__twinguard_088__sensor__temperature__value,1339,0.015764719772338866,0.07856323182242257,4.983484194896467
contemporaneous,iot__twinguard_088__sensor__temperature__value,1340,0.0158264372416905,0.07883478442600796,4.981208545050107
contemporaneous,iot__twinguard_088__sensor__temperature__value,1341,0.01572841696058001,0.07837838325500489,4.983234069356371
contemporaneous,iot__unknown_70_ee_50_7a_e5_2c__sensor__outdoor_temperature__value,1337,0.015943830378043193,0.07952463698027833,4.987799988752671
contemporaneous,iot__unknown_70_ee_50_7a_e5_2c__sensor__outdoor_temperature__value,1338,0.0159613846569868,0.07960234790542521,4.98718310573267
contemporaneous,iot__unknown_70_ee_50_7a_e5_2c__sensor__outdoor_temperature__value,1339,0.01596134532513696,0.07960913087222,4.987620357216781
contemporaneous,iot__unknown_70_ee_50_7a_e5_2c__sensor__outdoor_temperature__value,1340,0.015932043072235686,0.07950017093480746,4.989954557262661
contemporaneous,iot__unknown_70_ee_50_7a_e5_2c__sensor__outdoor_temperature__value,1341,0.015992100622984794,0.07978114112318915,4.9887843382202695
contemporaneous,iot__unknown_70_ee_50_7a_e5_2c__sensor__temperature__value,1337,0.01578720604713507,0.07863388611321537,4.980861456957115
contemporaneous,iot__unknown_70_ee_50_7a_e5_2c__sensor__temperature__value,1338,0.015833595126967078,0.07885120245366091,4.979993603560383
contemporaneous,iot__unknown_70_ee_50_7a_e5_2c__sensor__temperature__value,1339,0.015767431688726814,0.07848824434643878,4.977871215548392
contemporaneous,iot__unknown_70_ee_50_7a_e5_2c__sensor__temperature__value,1340,0.01590126996856582,0.07918077180754393,4.979525029388924
contemporaneous,iot__unknown_70_ee_50_7a_e5_2c__sensor__temperature__value,1341,0.015924649538208862,0.07931005642397063,4.980332925611818
contemporaneous,iot__withings_deep_sleep__sensor__state__value,1337,0.0,0.0070976237190146325,
contemporaneous,iot__withings_deep_sleep__sensor__state__value,1338,0.0,0.007125599761070533,
contemporaneous,iot__withings_deep_sleep__sensor__state__value,1339,0.0,0.007563695223865813,
contemporaneous,iot__withings_deep_sleep__sensor__state__value,1340,0.0,0.00756548104281444,
contemporaneous,iot__withings_deep_sleep__sensor__state__value,1341,0.0,0.007326790399281566,
contemporaneous,iot__withings_light_sleep__sensor__state__value,1337,0.002513308655378037,0.02845813435297165,11.322976305387826
contemporaneous,iot__withings_light_sleep__sensor__state__value,1338,0.0025498384274812973,0.02845582520455085,11.15985424718036
contemporaneous,iot__withings_light_sleep__sensor__state__value,1339,0.0025457940397596327,0.02880541413935981,11.314903597652991
contemporaneous,iot__withings_light_sleep__sensor__state__value,1340,0.0024634064536501695,0.02897151971209923,11.760754977795273
contemporaneous,iot__withings_light_sleep__sensor__state__value,1341,0.0025133738993281386,0.02874243301441233,11.4357967280935
contemporaneous,iot__withings_rem_sleep__sensor__state__value,1337,0.00014959848841282345,0.041066673549862376,274.51262366058893
contemporaneous,iot__withings_rem_sleep__sensor__state__value,1338,0.0001452194029762698,0.04108130468114075,282.89129303095825
contemporaneous,iot__withings_rem_sleep__sensor__state__value,1339,0.00013154993839740192,0.04107193952961194,312.21557402434405
contemporaneous,iot__withings_rem_sleep__sensor__state__value,1340,0.00011846870711568165,0.0410787277485728,346.7474977038492
contemporaneous,iot__withings_rem_sleep__sensor__state__value,1341,0.0001383846712433685,0.04113489938947256,297.25040367463225
contemporaneous,iot__withings_time_to_sleep__sensor__state__value,1337,0.0,0.022378033153525993,
contemporaneous,iot__withings_time_to_sleep__sensor__state__value,1338,0.0,0.02212003759413546,
contemporaneous,iot__withings_time_to_sleep__sensor__state__value,1339,0.0,0.022249675164225723,
contemporaneous,iot__withings_time_to_sleep__sensor__state__value,1340,0.0,0.022227926694422435,
contemporaneous,iot__withings_time_to_sleep__sensor__state__value,1341,0.0,0.022824728333410326,
contemporaneous,iot__withings_wakeup_time__sensor__state__value,1337,0.0030978627731762776,0.031219463818220616,10.077742658113584
contemporaneous,iot__withings_wakeup_time__sensor__state__value,1338,0.0030263913656882716,0.031212791320258212,10.313534354523147
contemporaneous,iot__withings_wakeup_time__sensor__state__value,1339,0.0030399499631996118,0.03126377514491348,10.284305835089368
contemporaneous,iot__withings_wakeup_time__sensor__state__value,1340,0.003038153571447692,0.03141651255967794,10.340659818821418
contemporaneous,iot__withings_wakeup_time__sensor__state__value,1341,0.0031293426535488854,0.031404065918965725,10.035355471012865
contemporaneous,ota24__rssi_mean,1337,0.015960595734717906,0.07980298872606234,5.0000006298306765
contemporaneous,ota24__rssi_mean,1338,0.016004488492054186,0.08002242819448666,4.999999108638537
contemporaneous,ota24__rssi_mean,1339,0.01597001084293568,0.07985002970559367,4.999998465305692
contemporaneous,ota24__rssi_mean,1340,0.015956235208848247,0.07978116970160538,4.999999602497972
contemporaneous,ota24__rssi_mean,1341,0.0160236662135848,0.08011832428775315,4.999999576865196
contemporaneous,ota5__rssi_mean,1337,0.01595884652691977,0.07979399253900421,4.999984955329056
contemporaneous,ota5__rssi_mean,1338,0.015960665335605934,0.07980332167711089,4.999999686672286
contemporaneous,ota5__rssi_mean,1339,0.015988114339667625,0.07994057326459679,5.000000097963939
contemporaneous,ota5__rssi_mean,1340,0.016016735456451835,0.08008367033692736,4.999999566370323
contemporaneous,ota5__rssi_mean,1341,0.0159657682338959,0.0798288459510545,5.00000029948919
contemporaneous,router__arp_pkt__roll300_mean,1337,0.01593388972632549,0.07966781440382226,4.999897436982855
contemporaneous,router__arp_pkt__roll300_mean,1338,0.016000548371053903,0.08000220262944546,4.999966299541019
contemporaneous,router__arp_pkt__roll300_mean,1339,0.015921680533633683,0.07960841427543322,5.000000729022592
contemporaneous,router__arp_pkt__roll300_mean,1340,0.015897353047166354,0.07948676560712882,5.000000023355904
contemporaneous,router__arp_pkt__roll300_mean,1341,0.01590839667018953,0.07954133338409075,4.999959143157517
contemporaneous,router__arp_pkt__roll300_std,1337,0.016022112222751517,0.08010860808298344,4.999878104038531
contemporaneous,router__arp_pkt__roll300_std,1338,0.015939424285347704,0.07969393755519534,4.999800251785373
contemporaneous,router__arp_pkt__roll300_std,1339,0.015957993767526938,0.07978773950769051,4.999860300111865
contemporaneous,router__arp_pkt__roll300_std,1340,0.016021396541196182,0.08010686920955905,4.999992915947023
contemporaneous,router__arp_pkt__roll300_std,1341,0.015917516713358688,0.079586395271816,4.99992534671087
contemporaneous,router__arp_pkt__roll300_z,1337,0.01594935879918331,0.07974643241060453,4.999977329163098
contemporaneous,router__arp_pkt__roll300_z,1338,0.0159640562322035,0.07982028119844861,5.000000002344712
contemporaneous,router__arp_pkt__roll300_z,1339,0.015906754230963265,0.07953377117402934,5.0000000012078525
contemporaneous,router__arp_pkt__roll300_z,1340,0.015993993577409858,0.07996996807788935,5.000000011931983
contemporaneous,router__arp_pkt__roll300_z,1341,0.015966037548199065,0.07982997459949912,4.9999866503197445
contemporaneous,router__arp_pkt__roll30_mean,1337,0.015873579958127368,0.07936790004180466,5.0000000158230105
contemporaneous,router__arp_pkt__roll30_mean,1338,0.015917375919191058,0.07958688335278051,5.000000236020387
contemporaneous,router__arp_pkt__roll30_mean,1339,0.015955861988753907,0.0797793103108981,5.000000023009009
contemporaneous,router__arp_pkt__roll30_mean,1340,0.015951446377399963,0.07975723067670795,4.999999924126513
contemporaneous,router__arp_pkt__roll30_mean,1341,0.015909834800687105,0.07954917135286985,4.999999833400804
contemporaneous,router__arp_pkt__roll30_std,1337,0.016019005876302363,0.08009454029023673,4.999969468063195
contemporaneous,router__arp_pkt__roll30_std,1338,0.015914758844622304,0.07957379710285092,5.000000180947725
contemporaneous,router__arp_pkt__roll30_std,1339,0.01586988631901967,0.07934943285253476,5.000000079234115
contemporaneous,router__arp_pkt__roll30_std,1340,0.01590022982059114,0.07950114778156762,4.9999999168950335
contemporaneous,router__arp_pkt__roll30_std,1341,0.016002881182416696,0.08001308212322297,4.9999172780922745
contemporaneous,router__arp_pkt__roll30_z,1337,0.015895771197903318,0.07947806271760871,4.999950095412295
contemporaneous,router__arp_pkt__roll30_z,1338,0.015871715256636255,0.07935834167985052,4.999985218779006
contemporaneous,router__arp_pkt__roll30_z,1339,0.01598033694798715,0.07990168471774349,4.999999998611278
contemporaneous,router__arp_pkt__roll30_z,1340,0.01598988585676216,0.07994942969528405,5.000000025733345
contemporaneous,router__arp_pkt__roll30_z,1341,0.015979636716606887,0.0798981832970399,4.999999982102564
contemporaneous,router__arp_reply_rate,1337,0.01132177549048125,0.05660836029760326,4.999954322111101
contemporaneous,router__arp_reply_rate,1338,0.011334311599586304,0.05666678157715123,4.999578587482943
contemporaneous,router__arp_reply_rate,1339,0.011358040627616197,0.05678799328430797,4.999805437060364
contemporaneous,router__arp_reply_rate,1340,0.011451162904180058,0.05725581405614119,4.999999959413808
contemporaneous,router__arp_reply_rate,1341,0.0113693625300802,0.0568454933081853,4.999883956359716
contemporaneous,router__arp_req_rate,1337,0.011347094922683057,0.05663393175781273,4.991051202418377
contemporaneous,router__arp_req_rate,1338,0.01140977305137893,0.056944289550488664,4.990834549825393
contemporaneous,router__arp_req_rate,1339,0.011324309578693422,0.056523377761393254,4.991331027168441
contemporaneous,router__arp_req_rate,1340,0.011418234108158787,0.05700335705109683,4.992309363351172
contemporaneous,router__arp_req_rate,1341,0.01142046233843821,0.057001935300117317,4.991210829378081
contemporaneous,router__arp_share,1337,0.012236998805313452,0.0604589021834493,4.940664222112804
contemporaneous,router__arp_share,1338,0.012208730900305184,0.060333827167834454,4.941859040101071
contemporaneous,router__arp_share,1339,0.01216686378068609,0.06013667336109193,4.942660199463565
contemporaneous,router__arp_share,1340,0.01217002455475071,0.06014853254859106,4.942350960591233
contemporaneous,router__arp_share,1341,0.012195925782778555,0.06023772448338346,4.939167846400235
contemporaneous,router__avg_pkt_bytes,1337,0.015519469679120008,0.07759734806194556,4.9999999785009095
contemporaneous,router__avg_pkt_bytes,1338,0.015482070626691938,0.07741035414818714,5.0000000655421015
contemporaneous,router__avg_pkt_bytes,1339,0.015511510716058278,0.07755755163305127,4.999999874464831
contemporaneous,router__avg_pkt_bytes,1340,0.01551533237363705,0.07757666195899202,5.000000005852712
contemporaneous,router__avg_pkt_bytes,1341,0.015552859393405614,0.077764297198592,5.000000014888833
contemporaneous,router__bytes_total__roll300_mean,1337,0.01601775634889609,0.07724721372415504,4.822598873498207
contemporaneous,router__bytes_total__roll300_mean,1338,0.01591724800857419,0.07675921358726337,4.822392259385245
contemporaneous,router__bytes_total__roll300_mean,1339,0.015956792118751055,0.07697318136105274,4.823850607829907
contemporaneous,router__bytes_total__roll300_mean,1340,0.01600467612042711,0.07722939503063682,4.82542692207731
contemporaneous,router__bytes_total__roll300_mean,1341,0.016120091042635624,0.07782685372279298,4.827941325948513
contemporaneous,router__bytes_total__roll300_std,1337,0.015826944999295513,0.07128663001419044,4.504130773018011
contemporaneous,router__bytes_total__roll300_std,1338,0.01581388430723642,0.071332211016666,4.510733076757393
contemporaneous,router__bytes_total__roll300_std,1339,0.015730930889061263,0.07096333579579996,4.511070342642301
contemporaneous,router__bytes_total__roll300_std,1340,0.015787883540355756,0.07110788974096967,4.503953272723936
contemporaneous,router__bytes_total__roll300_std,1341,0.015829765305260687,0.07140778499077226,4.510981913739516
contemporaneous,router__bytes_total__roll300_z,1337,0.0159062611490676,0.07953126692391803,4.999997559362341
contemporaneous,router__bytes_total__roll300_z,1338,0.01597586957927213,0.07987556988870853,4.999763517870913
contemporaneous,router__bytes_total__roll300_z,1339,0.015941728863170294,0.07970688941096464,4.999889917530156
contemporaneous,router__bytes_total__roll300_z,1340,0.01604355873470665,0.08021509007278045,4.999831483725182
contemporaneous,router__bytes_total__roll300_z,1341,0.015877067513974476,0.07938444814960725,4.999943980822382
contemporaneous,router__bytes_total__roll30_mean,1337,0.015947139566708023,0.0781169281872401,4.89849153576862
contemporaneous,router__bytes_total__roll30_mean,1338,0.01595876535713184,0.078151924782056,4.897115975649742
contemporaneous,router__bytes_total__roll30_mean,1339,0.015906331555872524,0.07787588565930091,4.895904840519283
contemporaneous,router__bytes_total__roll30_mean,1340,0.016004879297409836,0.07834968361003891,4.895362355073725
contemporaneous,router__bytes_total__roll30_mean,1341,0.015950195529497398,0.07807654689165212,4.895021302231796
contemporaneous,router__bytes_total__roll30_std,1337,0.015833753470335398,0.07236071051153267,4.570028871998087
contemporaneous,router__bytes_total__roll30_std,1338,0.015830800866422093,0.07249960401779024,4.579654853189737
contemporaneous,router__bytes_total__roll30_std,1339,0.01582277868754025,0.07223395672019635,4.565187831204228
contemporaneous,router__bytes_total__roll30_std,1340,0.015838262750834515,0.07231059746454929,4.565563698628454
contemporaneous,router__bytes_total__roll30_std,1341,0.01585758321924419,0.07250486229627577,4.5722517292727485
contemporaneous,router__bytes_total__roll30_z,1337,0.015925489217152745,0.0795798058714028,4.99700855567378
contemporaneous,router__bytes_total__roll30_z,1338,0.015933447319065683,0.07961870224280507,4.996953932720807
contemporaneous,router__bytes_total__roll30_z,1339,0.01601057579483259,0.0800188535826738,4.9978748177501435
contemporaneous,router__bytes_total__roll30_z,1340,0.01590279212902425,0.0794735725704396,4.997460315499696
contemporaneous,router__bytes_total__roll30_z,1341,0.0160276166989809,0.0800852434543953,4.996703187909868
contemporaneous,router__dns_pkt__roll300_mean,1337,0.01589313514150027,0.07946513275400781,4.9999658372316915
contemporaneous,router__dns_pkt__roll300_mean,1338,0.015889465070098648,0.0794458709089217,4.9999084650386205
contemporaneous,router__dns_pkt__roll300_mean,1339,0.01592029325509665,0.0795959791567567,4.999655338087143
contemporaneous,router__dns_pkt__roll300_mean,1340,0.015882313493243778,0.07941052063557119,4.999934088276992
contemporaneous,router__dns_pkt__roll300_mean,1341,0.01592143915939178,0.07960710523597657,4.999994312010276
contemporaneous,router__dns_pkt__roll300_std,1337,0.015986019052905955,0.0799287441981883,4.99991548450324
contemporaneous,router__dns_pkt__roll300_std,1338,0.015995653078315002,0.07997576796187772,4.999843868225632
contemporaneous,router__dns_pkt__roll300_std,1339,0.0158877307717059,0.07943520927363695,4.999783192141027
contemporaneous,router__dns_pkt__roll300_std,1340,0.015984705789969283,0.0799214231736622,4.999868263062712
contemporaneous,router__dns_pkt__roll300_std,1341,0.01592990317273563,0.07964795769991577,4.999902186237701
contemporaneous,router__dns_pkt__roll300_z,1337,0.015898580042417156,0.07949183959724838,4.999933288706629
contemporaneous,router__dns_pkt__roll300_z,1338,0.01596902710035098,0.07984504324591223,4.999994222826344
contemporaneous,router__dns_pkt__roll300_z,1339,0.01597686786597042,0.07987933698966752,4.999686901073068
contemporaneous,router__dns_pkt__roll300_z,1340,0.01585809384555638,0.07928954295148659,4.999941589682573
contemporaneous,router__dns_pkt__roll300_z,1341,0.015921202257559792,0.07960496945026382,4.999934562885498
contemporaneous,router__dns_pkt__roll30_mean,1337,0.015550253091933313,0.077450531783692,4.980660528533097
contemporaneous,router__dns_pkt__roll30_mean,1338,0.01548288013076159,0.07708822716032089,4.978933280453485
contemporaneous,router__dns_pkt__roll30_mean,1339,0.015448700651664633,0.07696908928425991,4.982237083865452
contemporaneous,router__dns_pkt__roll30_mean,1340,0.015577432038453236,0.07757866577399612,4.980196067136834
contemporaneous,router__dns_pkt__roll30_mean,1341,0.015516025398317621,0.0772679435054422,4.979879931997291
contemporaneous,router__dns_pkt__roll30_std,1337,0.015486804418948995,0.07743059234696315,4.9997785374123
contemporaneous,router__dns_pkt__roll30_std,1338,0.01552755765812874,0.07763433996884903,4.9997779224607894
contemporaneous,router__dns_pkt__roll30_std,1339,0.0154111585248131,0.07705548250713225,4.999979877117431
contemporaneous,router__dns_pkt__roll30_std,1340,0.015503923945928902,0.07751862324431143,4.99993572689491
contemporaneous,router__dns_pkt__roll30_std,1341,0.015498546253213374,0.07749100373731488,4.999888536077916
contemporaneous,router__dns_pkt__roll30_z,1337,0.015953427787832812,0.07976465800721762,4.999844489097927
contemporaneous,router__dns_pkt__roll30_z,1338,0.01588340934354403,0.07941598354092252,4.999933063690884
contemporaneous,router__dns_pkt__roll30_z,1339,0.015903881112170108,0.07951786505878357,4.999903136721401
contemporaneous,router__dns_pkt__roll30_z,1340,0.016005712425864255,0.0800257974848252,4.999827271387708
contemporaneous,router__dns_pkt__roll30_z,1341,0.015898167736816734,0.07948821391886383,4.9998349014010115
contemporaneous,router__dst_ip_entropy_norm,1337,0.012781535677823749,0.06048203300492222,4.7319848357392535
contemporaneous,router__dst_ip_entropy_norm,1338,0.012861399159335424,0.06082641152220843,4.729377478192774
contemporaneous,router__dst_ip_entropy_norm,1339,0.012938541596663874,0.06121552033775259,4.731253509556026
contemporaneous,router__dst_ip_entropy_norm,1340,0.012865158229135637,0.06075438925430102,4.72239735977059
contemporaneous,router__dst_ip_entropy_norm,1341,0.012868365379505453,0.06081929800506542,4.726264464166372
contemporaneous,router__dst_ip_per_pkt,1337,0.013966466918543063,0.06915301522695022,4.951360686297608
contemporaneous,router__dst_ip_per_pkt,1338,0.01392428174954689,0.06894767920463446,4.951614772293593
contemporaneous,router__dst_ip_per_pkt,1339,0.013919163428105447,0.06894849761574824,4.953494365654769
contemporaneous,router__dst_ip_per_pkt,1340,0.013887963353557077,0.06880235953371176,4.954100020438896
contemporaneous,router__dst_ip_per_pkt,1341,0.013926570243617821,0.06896438178106877,4.952000426140335
contemporaneous,router__dst_port_entropy,1337,0.0129369055968322,0.06464144900770014,4.99667007105073
contemporaneous,router__dst_port_entropy,1338,0.01294886829653625,0.06471092865586354,4.997419633434172
contemporaneous,router__dst_port_entropy,1339,0.012928490081826704,0.06460103378466182,4.996796484027944
contemporaneous,router__dst_port_entropy,1340,0.012889530143873642,0.06441910059658416,4.997785014467915
contemporaneous,router__dst_port_entropy,1341,0.01287650260746944,0.06434876538412336,4.997379128925562
contemporaneous,router__dst_port_entropy_norm,1337,0.012705493184750257,0.06111232767527326,4.809913852743883
contemporaneous,router__dst_port_entropy_norm,1338,0.012792487153238913,0.061533260373566295,4.810109217736191
contemporaneous,router__dst_port_entropy_norm,1339,0.012671926874082055,0.06091435231358995,4.807031552413574
contemporaneous,router__dst_port_entropy_norm,1340,0.012708926975229861,0.06100943671874268,4.80051831579898
contemporaneous,router__dst_port_entropy_norm,1341,0.012807233806466712,0.061755003885552946,4.821884633227451
contemporaneous,router__dst_port_per_pkt,1337,0.01397236586963795,0.06923501883975994,4.9551392717398075
contemporaneous,router__dst_port_per_pkt,1338,0.013855279241078006,0.06866841401385093,4.956119095042375
contemporaneous,router__dst_port_per_pkt,1339,0.01385996108619339,0.06866538520474202,4.954226406388911
contemporaneous,router__dst_port_per_pkt,1340,0.013818941461173243,0.06844753245112757,4.953167552192258
contemporaneous,router__dst_port_per_pkt,1341,0.013875524550920506,0.06872805902535647,4.953186365901896
contemporaneous,router__dst_port_per_tcp,1337,0.014187301923899383,0.0705400125214834,4.972052677800168
contemporaneous,router__dst_port_per_tcp,1338,0.014285245245683047,0.07107338418708985,4.975300246145091
contemporaneous,router__dst_port_per_tcp,1339,0.01421229455088667,0.07067554042998328,4.97284517830191
contemporaneous,router__dst_port_per_tcp,1340,0.01426629446054211,0.07094409449867821,4.972846641774866
contemporaneous,router__dst_port_per_tcp,1341,0.014118425141280241,0.07020354115763552,4.972476778048741
contemporaneous,router__dst_port_unique__roll300_mean,1337,0.015945342879324427,0.07972608606637553,4.999960594748488
contemporaneous,router__dst_port_unique__roll300_mean,1338,0.015901461862442227,0.0795066736328536,4.999960023841642
contemporaneous,router__dst_port_unique__roll300_mean,1339,0.016000594203367628,0.08000054219596904,4.999848204333024
contemporaneous,router__dst_port_unique__roll300_mean,1340,0.015982382186785205,0.07991191079993767,4.999999991616497
contemporaneous,router__dst_port_unique__roll300_mean,1341,0.01592183124741704,0.07960680007431138,4.999852016847987
contemporaneous,router__dst_port_unique__roll300_std,1337,0.015998413316798993,0.07999081000266803,4.9999214558780265
contemporaneous,router__dst_port_unique__roll300_std,1338,0.015926375674330896,0.0796318800271197,5.00000010394488
contemporaneous,router__dst_port_unique__roll300_std,1339,0.01600238901500122,0.08000834944957237,4.999775306960082
contemporaneous,router__dst_port_unique__roll300_std,1340,0.015923831388445813,0.0796180607523412,4.99993116041855
contemporaneous,router__dst_port_unique__roll300_std,1341,0.016009387026606002,0.08004537668778204,4.999902654283678
contemporaneous,router__dst_port_unique__roll300_z,1337,0.015913825357858877,0.07956912674598941,4.999999997278783
contemporaneous,router__dst_port_unique__roll300_z,1338,0.015927887818923733,0.07963943901568322,4.999999995044199
contemporaneous,router__dst_port_unique__roll300_z,1339,0.015953341857117956,0.07976670998231285,5.0000000436725465
contemporaneous,router__dst_port_unique__roll300_z,1340,0.015914419180706376,0.07957209597626365,5.000000004570181
contemporaneous,router__dst_port_unique__roll300_z,1341,0.01588422390711478,0.07942111927779125,4.999999983771152
contemporaneous,router__dst_port_unique__roll30_mean,1337,0.015832753629645292,0.07916142941875816,4.9998522853621665
contemporaneous,router__dst_port_unique__roll30_mean,1338,0.015984759977745018,0.07992137321560558,4.999848188329203
contemporaneous,router__dst_port_unique__roll30_mean,1339,0.015903606355868207,0.07951711610413263,4.999942423423473
contemporaneous,router__dst_port_unique__roll30_mean,1340,0.01602828293139583,0.0801385640671739,4.999822152515185
contemporaneous,router__dst_port_unique__roll30_mean,1341,0.0159378050002587,0.07968902696227723,5.000000123039762
contemporaneous,router__dst_port_unique__roll30_std,1337,0.01594827560312004,0.07974138088280482,5.000000179781481
contemporaneous,router__dst_port_unique__roll30_std,1338,0.01585996675421422,0.07929983235761968,4.999999910879295
contemporaneous,router__dst_port_unique__roll30_std,1339,0.015973481826508026,0.07986740999756109,5.000000054153563
contemporaneous,router__dst_port_unique__roll30_std,1340,0.015919846353799234,0.07959922926737635,4.99999984286156
contemporaneous,router__dst_port_unique__roll30_std,1341,0.015912301687221256,0.07956150525814441,4.999999800282704
contemporaneous,router__dst_port_unique__roll30_z,1337,0.01593955687541966,0.07969340391565591,4.999725182984908
contemporaneous,router__dst_port_unique__roll30_z,1338,0.01588840736423416,0.07943842150002575,4.999772455409647
contemporaneous,router__dst_port_unique__roll30_z,1339,0.016002907411337256,0.08000772431254541,4.999574280849989
contemporaneous,router__dst_port_unique__roll30_z,1340,0.016051207249791838,0.08025457659690935,4.999909062787171
contemporaneous,router__dst_port_unique__roll30_z,1341,0.015975293053064426,0.07986816564529095,4.999480471500359
contemporaneous,router__ip_dst_entropy,1337,0.013145266703943836,0.0656868386665236,4.996995507654193
contemporaneous,router__ip_dst_entropy,1338,0.013084028951573564,0.06536236372664357,4.995583850246884
contemporaneous,router__ip_dst_entropy,1339,0.013110662554348352,0.06551699221113334,4.997229692972582
contemporaneous,router__ip_dst_entropy,1340,0.013024741423859823,0.06506520561276152,4.995508432403086
contemporaneous,router__ip_dst_entropy,1341,0.01306620471465853,0.06529600392342878,4.997319830002007
contemporaneous,router__ip_src_entropy,1337,0.01315253154211533,0.06572274770815938,4.99696560298757
contemporaneous,router__ip_src_entropy,1338,0.013048743962766889,0.06521720197561791,4.997967786149211
contemporaneous,router__ip_src_entropy,1339,0.013150734505454786,0.06571328510105899,4.99692888437538
contemporaneous,router__ip_src_entropy,1340,0.013000776893034551,0.06495909434927845,4.9965548123575365
contemporaneous,router__ip_src_entropy,1341,0.013074989055912442,0.06533820354097919,4.9971899220392535
contemporaneous,router__pkt_total__roll300_mean,1337,0.015972332838821355,0.07985860508606206,4.999808474561882
contemporaneous,router__pkt_total__roll300_mean,1338,0.015892960828057565,0.07945961007353185,4.999673184448627
contemporaneous,router__pkt_total__roll300_mean,1339,0.015957898526080445,0.07978543656998041,4.999745827408591
contemporaneous,router__pkt_total__roll300_mean,1340,0.01604167573723542,0.08020799754284733,4.999976240429241
contemporaneous,router__pkt_total__roll300_mean,1341,0.01585470565499519,0.0792721995236109,4.999916191987794
contemporaneous,router__pkt_total__roll300_std,1337,0.015976206585948484,0.07406400101611761,4.635894047668296
contemporaneous,router__pkt_total__roll300_std,1338,0.01590276771289604,0.07368566101417634,4.633511747418809
contemporaneous,router__pkt_total__roll300_std,1339,0.015854373123132447,0.07340684833652876,4.6300694304604155
contemporaneous,router__pkt_total__roll300_std,1340,0.015966044161560018,0.07392192167601778,4.629945960815568
contemporaneous,router__pkt_total__roll300_std,1341,0.016006978649629126,0.07421525119862817,4.636430948219432
contemporaneous,router__pkt_total__roll300_z,1337,0.01595736806221786,0.0797841708874375,4.999832715292309
contemporaneous,router__pkt_total__roll300_z,1338,0.01604912219490458,0.080244936315107,4.999957962846334
contemporaneous,router__pkt_total__roll300_z,1339,0.015948781436140317,0.07973817308202842,4.999640467913105
contemporaneous,router__pkt_total__roll300_z,1340,0.01594833191822823,0.07973839010405562,4.999794995043852
contemporaneous,router__pkt_total__roll300_z,1341,0.0159818760072083,0.07990936599482436,4.999999121428727
contemporaneous,router__pkt_total__roll30_mean,1337,0.015940885684312303,0.0797026071748063,4.999885749964507
contemporaneous,router__pkt_total__roll30_mean,1338,0.01588468785632747,0.07942107674903363,4.9998512698124715
contemporaneous,router__pkt_total__roll30_mean,1339,0.015855759512203152,0.07927778423413823,4.999936090927921
contemporaneous,router__pkt_total__roll30_mean,1340,0.015944169532567252,0.0797195186737742,4.999916647332473
contemporaneous,router__pkt_total__roll30_mean,1341,0.015973599421133026,0.0798591661311572,4.999447151873845
contemporaneous,router__pkt_total__roll30_std,1337,0.015934819352709916,0.0794258521211661,4.984421245268697
contemporaneous,router__pkt_total__roll30_std,1338,0.015938098571023383,0.07942374619139544,4.983263583009429
contemporaneous,router__pkt_total__roll30_std,1339,0.016001389091089804,0.07973515427974255,4.983014526166493
contemporaneous,router__pkt_total__roll30_std,1340,0.015960454863945858,0.0795158342938488,4.982053141447269
contemporaneous,router__pkt_total__roll30_std,1341,0.015959148682973563,0.07952385532197223,4.982963496468602
contemporaneous,router__pkt_total__roll30_z,1337,0.015993437670862476,0.07993974132246741,4.998283856641091
contemporaneous,router__pkt_total__roll30_z,1338,0.016039828368100768,0.08017435261272665,4.998454520384614
contemporaneous,router__pkt_total__roll30_z,1339,0.01597131420744933,0.07982742446794508,4.998175067566577
contemporaneous,router__pkt_total__roll30_z,1340,0.016024215148869612,0.0800927610300132,4.998233004607601
contemporaneous,router__pkt_total__roll30_z,1341,0.016001583682289662,0.07998127066037436,4.9983346803914515
contemporaneous,router__tcp_share,1337,0.011264520229954807,0.05589734877389776,4.962248514167036
contemporaneous,router__tcp_share,1338,0.011333334168514408,0.05627967531171548,4.9658533380290075
contemporaneous,router__tcp_share,1339,0.011309437662206307,0.056146324994875825,4.964554973630978
contemporaneous,router__tcp_share,1340,0.011204020249367702,0.05562692085155895,4.9649072041527464
contemporaneous,router__tcp_share,1341,0.011304654558798708,0.05612028386438479,4.96435194657982
contemporaneous,router__udp_share,1337,0.012215626673558333,0.06039164748484394,4.943802647109896
contemporaneous,router__udp_share,1338,0.012185312662745444,0.0602441258380821,4.943995078785991
contemporaneous,router__udp_share,1339,0.012118933891557934,0.05995424562798585,4.947155101633986
contemporaneous,router__udp_share,1340,0.01213178943731545,0.05997858489270873,4.943919048596753
contemporaneous,router__udp_share,1341,0.01212886389700129,0.05993490016444438,4.941509829231618
contemporaneous,zigbee__ack_rate,1337,0.013600333550931818,0.0680010580824083,4.999955172257467
contemporaneous,zigbee__ack_rate,1338,0.013592508488815692,0.06796207127322318,4.999965335989625
contemporaneous,zigbee__ack_rate,1339,0.01360708411203168,0.06803510272088312,4.999976641632207
contemporaneous,zigbee__ack_rate,1340,0.013562456959005119,0.0678122851338016,5.000000024978955
contemporaneous,zigbee__ack_rate,1341,0.01360234197934742,0.06800950398689791,4.999837828673728
contemporaneous,zigbee__cmd_rate,1337,0.011150788283173669,0.0557528984616034,4.999906468113424
contemporaneous,zigbee__cmd_rate,1338,0.011164509782176335,0.05582113711295917,4.999873545910205
contemporaneous,zigbee__cmd_rate,1339,0.011127266001544064,0.05563617359815602,4.999985943576411
contemporaneous,zigbee__cmd_rate,1340,0.011060229005992418,0.05530009920904481,4.999905443104594
contemporaneous,zigbee__cmd_rate,1341,0.011069463329889936,0.05534647931288525,4.999924356173422
contemporaneous,zigbee__data_rate,1337,0.013028168770261654,0.06512053319586779,4.998441019931608
contemporaneous,zigbee__data_rate,1338,0.012998159137420954,0.06496293422123903,4.997856506789063
contemporaneous,zigbee__data_rate,1339,0.01296643934487297,0.06480626755741861,4.998000286257731
contemporaneous,zigbee__data_rate,1340,0.01303223000518981,0.0651461659613802,4.998850230193691
contemporaneous,zigbee__data_rate,1341,0.013046097520056706,0.0652070303805048,4.998201974211623
temporal,iot__mi_box__media_player__state__volume_level,1337,0.0,0.006368283274591902,
temporal,iot__mi_box__media_player__state__volume_level,1338,0.0,0.006417402282762607,
temporal,iot__mi_box__media_player__state__volume_level,1339,0.0,0.0059445777649761835,
temporal,iot__mi_box__media_player__state__volume_level,1340,0.0,0.006362354447938847,
temporal,iot__mi_box__media_player__state__volume_level,1341,0.0,0.006043503312476396,
temporal,iot__motion_sensor_pid_062__sensor__temperature__value,1337,0.015828933671456213,0.07912730590305528,4.998903119149643
temporal,iot__motion_sensor_pid_062__sensor__temperature__value,1338,0.015905648781928284,0.07949257433591501,4.9977574273004866
temporal,iot__motion_sensor_pid_062__sensor__temperature__value,1339,0.015961236724558656,0.0798052534669885,4.999941724076847
temporal,iot__motion_sensor_pid_062__sensor__temperature__value,1340,0.01601760918333652,0.08002247586736233,4.995906377252075
temporal,iot__motion_sensor_pid_062__sensor__temperature__value,1341,0.0153896090782286,0.07694640876329518,4.999893653708844
temporal,iot__multipurpose_sensor_pid_003__sensor__temperature__value,1337,0.015942993412378335,0.07971497770369053,5.000000667490639
temporal,iot__multipurpose_sensor_pid_003__sensor__temperature__value,1338,0.015937912142640672,0.07968956272651667,5.000000126322274
temporal,iot__multipurpose_sensor_pid_003__sensor__temperature__value,1339,0.015833348339833964,0.07916673888355873,4.9999998221721
temporal,iot__multipurpose_sensor_pid_003__sensor__temperature__value,1340,0.016025364462689064,0.0801268266428258,5.000000270158004
temporal,iot__multipurpose_sensor_pid_003__sensor__temperature__value,1341,0.015860383458981237,0.07930192972295294,5.0000007835905595
temporal,iot__multipurpose_sensor_pid_006__sensor__temperature__value,1337,0.01581477442384918,0.07845597758358715,4.960929285546624
temporal,iot__multipurpose_sensor_pid_006__sensor__temperature__value,1338,0.015944131213165534,0.07819502773538684,4.904314113447518
temporal,iot__multipurpose_sensor_pid_006__sensor__temperature__value,1339,0.01574734239116578,0.07809841318281883,4.959466254231688
temporal,iot__multipurpose_sensor_pid_006__sensor__temperature__value,1340,0.015993531089109992,0.0792885880964675,4.95754112426462
temporal,iot__multipurpose_sensor_pid_006__sensor__temperature__value,1341,0.015770813957358288,0.07883959553688083,4.999082212880721
temporal,iot__temperature_and_humidity_pid_001__sensor__humidity__value,1337,0.016001456668920718,0.07973590942704555,4.983040674160302
temporal,iot__temperature_and_humidity_pid_001__sensor__humidity__value,1338,0.01581781679849147,0.07783212850661976,4.920535463152066
temporal,iot__temperature_and_humidity_pid_001__sensor__humidity__value,1339,0.016040407615797413,0.07943922803092542,4.9524444723393195
temporal,iot__temperature_and_humidity_pid_001__sensor__humidity__value,1340,0.015893028429153886,0.07859615416528475,4.945322693886923
temporal,iot__temperature_and_humidity_pid_001__sensor__humidity__value,1341,0.01594452467481328,0.07968270293772611,4.9974962918522525
temporal,iot__temperature_and_humidity_pid_001__sensor__temperature__value,1337,0.016054492296491352,0.08027245997474307,4.999999906087737
temporal,iot__temperature_and_humidity_pid_001__sensor__temperature__value,1338,0.015953322038196383,0.0797167912982759,4.996877208860528
temporal,iot__temperature_and_humidity_pid_001__sensor__temperature__value,1339,0.01593239466349284,0.07965912971496582,4.99982152070932
temporal,iot__temperature_and_humidity_pid_001__sensor__temperature__value,1340,0.01598982356843494,0.07994912400018601,5.000000385120654
temporal,iot__temperature_and_humidity_pid_001__sensor__temperature__value,1341,0.015987413388206844,0.07993707260858444,5.000000354500762
temporal,iot__temperature_and_humidity_pid_070__sensor__humidity__value,1337,0.01594795080079434,0.07973355487551309,4.99961128996847
temporal,iot__temperature_and_humidity_pid_070__sensor__humidity__value,1338,0.0159910055163886,0.07920216216093479,4.952919444606742
temporal,iot__temperature_and_humidity_pid_070__sensor__humidity__value,1339,0.015942772966516954,0.07886654659671327,4.9468525182130465
temporal,iot__temperature_and_humidity_pid_070__sensor__humidity__value,1340,0.015805007100655438,0.07776481475041959,4.92026446145631
temporal,iot__temperature_and_humidity_pid_070__sensor__humidity__value,1341,0.015973302871809043,0.0789820454101553,4.944628299107075
temporal,iot__temperature_and_humidity_pid_070__sensor__temperature__value,1337,0.015724916108050734,0.07858650040725061,4.997578357000991
temporal,iot__temperature_and_humidity_pid_070__sensor__temperature__value,1338,0.015962717285912566,0.07979933452357547,4.999107175443123
temporal,iot__temperature_and_humidity_pid_070__sensor__temperature__value,1339,0.01593181513882362,0.07965907431076555,4.999999913170436
temporal,iot__temperature_and_humidity_pid_070__sensor__temperature__value,1340,0.015940300434833823,0.0796975663893953,4.999753092183557
temporal,iot__temperature_and_humidity_pid_070__sensor__temperature__value,1341,0.016020525977459194,0.0800823645477123,4.998735039061003
temporal,iot__temperature_and_humidity_pid_073__sensor__humidity__value,1337,0.015909119013292537,0.07954559716843898,5.000000132123991
temporal,iot__temperature_and_humidity_pid_073__sensor__humidity__value,1338,0.016020986676324803,0.07967070840666822,4.972896489852434
temporal,iot__temperature_and_humidity_pid_073__sensor__humidity__value,1339,0.015930734868214304,0.07926336368627476,4.975499519763177
temporal,iot__temperature_and_humidity_pid_073__sensor__humidity__value,1340,0.01594130773114668,0.07894143557974626,4.952004999282948
temporal,iot__temperature_and_humidity_pid_073__sensor__humidity__value,1341,0.015651344287988117,0.07825672455058856,5.000000198746378
temporal,iot__temperature_and_humidity_pid_073__sensor__temperature__value,1337,0.015917509716771756,0.07958754103231658,4.999999525582686
temporal,iot__temperature_and_humidity_pid_073__sensor__temperature__value,1338,0.015852956461207195,0.07900766491912908,4.983781108114687
temporal,iot__temperature_and_humidity_pid_073__sensor__temperature__value,1339,0.01597258503432254,0.07986292103253716,4.999999740863766
temporal,iot__temperature_and_humidity_pid_073__sensor__temperature__value,1340,0.016034911246672685,0.08009367008194461,4.99495562213133
temporal,iot__temperature_and_humidity_pid_073__sensor__temperature__value,1341,0.015499790379014196,0.07725218008236208,4.984079022575491
temporal,iot__twinguard_087__sensor__humidity__value,1337,0.015899274588623436,0.07941316638689909,4.9947666444934775
temporal,iot__twinguard_087__sensor__humidity__value,1338,0.015761679428430847,0.07774815923064664,4.93273318897762
temporal,iot__twinguard_087__sensor__humidity__value,1339,0.016044459408177853,0.07998684420281205,4.98532497530224
temporal,iot__twinguard_087__sensor__humidity__value,1340,0.015984661706297573,0.07967675586577863,4.984575671963574
temporal,iot__twinguard_087__sensor__humidity__value,1341,0.01600292697214204,0.07985640020111677,4.990112142618104
temporal,iot__twinguard_087__sensor__temperature__value,1337,0.015704675014490542,0.07847549194804204,4.996951027361821
temporal,iot__twinguard_087__sensor__temperature__value,1338,0.015918524218695246,0.0786593368819078,4.94137118499513
temporal,iot__twinguard_087__sensor__temperature__value,1339,0.015980376165241682,0.0797735827386875,4.991971522685431
temporal,iot__twinguard_087__sensor__temperature__value,1340,0.01584434891560487,0.07829628059684231,4.941590280161618
temporal,iot__twinguard_087__sensor__temperature__value,1341,0.015746931933279775,0.07862971020580733,4.9933352439042595
temporal,iot__twinguard_088__sensor__humidity__value,1337,0.015856821601371262,0.07916822749513142,4.992692071927272
temporal,iot__twinguard_088__sensor__humidity__value,1338,0.015903954400701668,0.0782222202033107,4.918413259526172
temporal,iot__twinguard_088__sensor__humidity__value,1339,0.015901989308843224,0.07860865932637216,4.943322360470791
temporal,iot__twinguard_088__sensor__humidity__value,1340,0.015920555509561864,0.07773858299434656,4.882906438010713
temporal,iot__twinguard_088__sensor__humidity__value,1341,0.015941956239669614,0.07884382983850541,4.945680985016892
temporal,iot__twinguard_088__sensor__temperature__value,1337,0.015985871723720006,0.07967458340781075,4.984062476216969
temporal,iot__twinguard_088__sensor__temperature__value,1338,0.016019587952750068,0.080011615725926,4.9946113446813385
temporal,iot__twinguard_088__sensor__temperature__value,1339,0.015359052467346191,0.07679078216552734,4.99970830419304
temporal,iot__twinguard_088__sensor__temperature__value,1340,0.01594555492401123,0.07969033483777728,4.997652023873908
temporal,iot__twinguard_088__sensor__temperature__value,1341,0.015848263577052525,0.07923923748561314,4.999868730120535
temporal,iot__unknown_70_ee_50_7a_e5_2c__sensor__outdoor_temperature__value,1337,0.01595379086454106,0.07903071119349685,4.9537261622973086
temporal,iot__unknown_70_ee_50_7a_e5_2c__sensor__outdoor_temperature__value,1338,0.015988292612944377,0.07992665987672415,4.999074123275317
temporal,iot__unknown_70_ee_50_7a_e5_2c__sensor__outdoor_temperature__value,1339,0.015986939418960372,0.0799347032090529,5.000000382452881
temporal,iot__unknown_70_ee_50_7a_e5_2c__sensor__outdoor_temperature__value,1340,0.015774044847474,0.0783035073796244,4.964072825757411
temporal,iot__unknown_70_ee_50_7a_e5_2c__sensor__outdoor_temperature__value,1341,0.015807134814900443,0.07856980675911668,4.970528035545924
temporal,iot__unknown_70_ee_50_7a_e5_2c__sensor__temperature__value,1337,0.01586310918535505,0.07873150646754673,4.963182535503965
temporal,iot__unknown_70_ee_50_7a_e5_2c__sensor__temperature__value,1338,0.01591782490321568,0.07911708450317383,4.970345193782776
temporal,iot__unknown_70_ee_50_7a_e5_2c__sensor__temperature__value,1339,0.015846600908551896,0.07915083515712193,4.99481469962475
temporal,iot__unknown_70_ee_50_7a_e5_2c__sensor__temperature__value,1340,0.015972904652186804,0.07913348048618861,4.954232320879388
temporal,iot__unknown_70_ee_50_7a_e5_2c__sensor__temperature__value,1341,0.015534381618422324,0.07742280971334216,4.983964705844869
temporal,iot__withings_deep_sleep__sensor__state__value,1337,0.0,0.00440476359592537,
temporal,iot__withings_deep_sleep__sensor__state__value,1338,0.0,0.0076303622926272895,
temporal,iot__withings_deep_sleep__sensor__state__value,1339,0.0,0.00853095844548822,
temporal,iot__withings_deep_sleep__sensor__state__value,1340,0.0,0.006834528614556788,
temporal,iot__withings_deep_sleep__sensor__state__value,1341,0.0,0.006000598466088719,
temporal,iot__withings_light_sleep__sensor__state__value,1337,0.002975017245299056,0.028616091847730254,9.618798644931449
temporal,iot__withings_light_sleep__sensor__state__value,1338,0.0018456638411344106,0.030084741925969806,16.300228273139194
temporal,iot__withings_light_sleep__sensor__state__value,1339,0.0023498385161300817,0.029253940040326172,12.449340599159171
temporal,iot__withings_light_sleep__sensor__state__value,1340,0.0029822597810014208,0.026909274037685563,9.023115360074241
temporal,iot__withings_light_sleep__sensor__state__value,1341,0.002789628852734493,0.029170128778067333,10.456634311576517
temporal,iot__withings_rem_sleep__sensor__state__value,1337,3.269840973023861e-05,0.03804518689534815,1163.5179572713282
temporal,iot__withings_rem_sleep__sensor__state__value,1338,0.00012530343996164822,0.037463629919038975,298.9832516210689
temporal,iot__withings_rem_sleep__sensor__state__value,1339,0.00019815123640961203,0.04263675867987786,215.17281169894136
temporal,iot__withings_rem_sleep__sensor__state__value,1340,0.00021529409243940389,0.04427435068668893,205.64591524567854
temporal,iot__withings_rem_sleep__sensor__state__value,1341,0.00012996263495499154,0.04169411341567568,320.81615943009405
temporal,iot__withings_time_to_sleep__sensor__state__value,1337,0.0,0.02515863181671712,
temporal,iot__withings_time_to_sleep__sensor__state__value,1338,0.0,0.023450741502732186,
temporal,iot__withings_time_to_sleep__sensor__state__value,1339,0.0,0.020772489375218157,
temporal,iot__withings_time_to_sleep__sensor__state__value,1340,0.0,0.019500417709086004,
temporal,iot__withings_time_to_sleep__sensor__state__value,1341,0.0,0.023042214321394465,
temporal,iot__withings_wakeup_time__sensor__state__value,1337,0.003452866701780211,0.02942002054167826,8.520462294854893
temporal,iot__withings_wakeup_time__sensor__state__value,1338,0.003457101597878707,0.038149489675368825,11.035108050853212
temporal,iot__withings_wakeup_time__sensor__state__value,1339,0.0032081711532887212,0.035514930056318485,11.070148180813812
temporal,iot__withings_wakeup_time__sensor__state__value,1340,0.0017673664255542301,0.023595167679495262,13.350467304535352
temporal,iot__withings_wakeup_time__sensor__state__value,1341,0.003254192568641582,0.029744313925791962,9.140305405530539
temporal,ota24__rssi_mean,1337,0.015958367227147836,0.0797918456053093,5.000000593392167
temporal,ota24__rssi_mean,1338,0.016004806672777695,0.08002401836937091,4.999999063124106
temporal,ota24__rssi_mean,1339,0.01596788558432147,0.07983940358050409,4.999998475621388
temporal,ota24__rssi_mean,1340,0.015958485163002554,0.07979242038007582,4.9999996594327785
temporal,ota24__rssi_mean,1341,0.016025128602607353,0.0801256359752992,4.999999560831133
temporal,ota5__rssi_mean,1337,0.015959182772919345,0.07979590869008167,4.999999675765662
temporal,ota5__rssi_mean,1338,0.015961484250367666,0.07980741611308187,4.999999678052719
temporal,ota5__rssi_mean,1339,0.015988359387651575,0.0799418018523623,5.00000030735514
temporal,ota5__rssi_mean,1340,0.01601773598607427,0.08008867243393174,4.999999531991311
temporal,ota5__rssi_mean,1341,0.01596458324328228,0.07982292049291137,5.0000002678742
temporal,router__arp_pkt__roll300_mean,1337,0.01594055833147929,0.07970279663456489,5.000000312233007
temporal,router__arp_pkt__roll300_mean,1338,0.016012671293050784,0.08006283908339736,4.9999676892226725
temporal,router__arp_pkt__roll300_mean,1339,0.015929812270911083,0.07964907018790462,5.000000554516843
temporal,router__arp_pkt__roll300_mean,1340,0.015898645584349478,0.07949322273065426,4.999999673488342
temporal,router__arp_pkt__roll300_mean,1341,0.015917909937920117,0.07958954987047867,5.000000011363181
temporal,router__arp_pkt__roll300_std,1337,0.016028216822412605,0.08014108323718724,4.9999999454165245
temporal,router__arp_pkt__roll300_std,1338,0.01595069029960297,0.07975345650319898,5.000000313791067
temporal,router__arp_pkt__roll300_std,1339,0.015972088904318994,0.07986044570319968,5.000000073979347
temporal,router__arp_pkt__roll300_std,1340,0.01602023657027085,0.08010119505255278,5.000000761611632
temporal,router__arp_pkt__roll300_std,1341,0.015928945582912,0.07964472089733383,4.9999995594670015
temporal,router__arp_pkt__roll300_z,1337,0.015949358654994226,0.07974679364466389,5.000000023179162
temporal,router__arp_pkt__roll300_z,1338,0.01596405614850642,0.07982028122159895,5.000000030009094
temporal,router__arp_pkt__roll300_z,1339,0.015906754123532114,0.07953377115498271,5.0000000337794965
temporal,router__arp_pkt__roll300_z,1340,0.01599399367179775,0.07996535402438407,4.999711495784019
temporal,router__arp_pkt__roll300_z,1341,0.015966037506168266,0.0798301875379136,5.000000000442957
temporal,router__arp_pkt__roll30_mean,1337,0.015883556593712014,0.07941778138490915,4.999999900296202
temporal,router__arp_pkt__roll30_mean,1338,0.015937673839394716,0.07968836919021396,4.999999999575872
temporal,router__arp_pkt__roll30_mean,1339,0.015973250606855716,0.07986625599090899,5.000000185098855
temporal,router__arp_pkt__roll30_mean,1340,0.01596339612407667,0.0798169819852981,5.00000008550278
temporal,router__arp_pkt__roll30_mean,1341,0.015929446651460753,0.07964723472412556,5.0000000920824075
temporal,router__arp_pkt__roll30_std,1337,0.016032543175208455,0.08016272061156203,5.000000295369219
temporal,router__arp_pkt__roll30_std,1338,0.01593522443558752,0.07967612145417627,4.99999995458104
temporal,router__arp_pkt__roll30_std,1339,0.015888524597349685,0.07944262399353812,5.000000063365839
temporal,router__arp_pkt__roll30_std,1340,0.015909646963396508,0.07954823810170669,5.000000206461159
temporal,router__arp_pkt__roll30_std,1341,0.01602252273406967,0.080112612526255,4.99999992859468
temporal,router__arp_pkt__roll30_z,1337,0.015895590089654875,0.07947795060255967,5.00000000970617
temporal,router__arp_pkt__roll30_z,1338,0.01587215335318998,0.07936076707813161,5.000000019668517
temporal,router__arp_pkt__roll30_z,1339,0.015980336917583996,0.07990168475849518,5.000000010674068
temporal,router__arp_pkt__roll30_z,1340,0.01599004474212006,0.07995022416410433,5.000000028361648
temporal,router__arp_pkt__roll30_z,1341,0.015979877663904456,0.07989938742965076,4.999999944312996
temporal,router__arp_reply_rate,1337,0.011338882441894488,0.05669363805483152,4.9999317256665385
temporal,router__arp_reply_rate,1338,0.01131027800001353,0.0565513905413626,5.000000047858677
temporal,router__arp_reply_rate,1339,0.011357255522727235,0.05678580629380328,4.999958500552184
temporal,router__arp_reply_rate,1340,0.011380133927943955,0.05690066984763747,5.000000018270232
temporal,router__arp_reply_rate,1341,0.011327646734930795,0.0566344547895612,4.999666401576497
temporal,router__arp_req_rate,1337,0.011410869442363527,0.05695879788265034,4.991626463728298
temporal,router__arp_req_rate,1338,0.011391052893427232,0.056843858531607706,4.990219873740316
temporal,router__arp_req_rate,1339,0.011407977074475334,0.05694999821609134,4.992120675234662
temporal,router__arp_req_rate,1340,0.011366986310753386,0.05670592313071568,4.988650604520461
temporal,router__arp_req_rate,1341,0.01132247850442799,0.05652678027694931,4.992438736345831
temporal,router__arp_share,1337,0.012198844969673377,0.06032262465184314,4.944945591308574
temporal,router__arp_share,1338,0.012267148444557306,0.06055262820257875,4.936161690408562
temporal,router__arp_share,1339,0.012181474482871947,0.06021069266424807,4.942808257646376
temporal,router__arp_share,1340,0.012176845421491375,0.060132495193899585,4.938265463054123
temporal,router__arp_share,1341,0.01214059325307698,0.0600771007866515,4.9484485258926885
temporal,router__avg_pkt_bytes,1337,0.01550674830545368,0.07753374230176513,5.000000049945785
temporal,router__avg_pkt_bytes,1338,0.01551911718240522,0.07759558411511842,4.99999988421328
temporal,router__avg_pkt_bytes,1339,0.015493665945316556,0.07746832978825444,5.0000000039804435
temporal,router__avg_pkt_bytes,1340,0.015549239960460539,0.07774620282907439,5.000000194657212
temporal,router__avg_pkt_bytes,1341,0.015580377976642397,0.07790188907347471,4.999999948028393
temporal,router__bytes_total__roll300_mean,1337,0.01602685986533193,0.07664487746771222,4.782276635082118
temporal,router__bytes_total__roll300_mean,1338,0.015922735692721807,0.07697712156241336,4.834415583347224
temporal,router__bytes_total__roll300_mean,1339,0.0159633070398217,0.07685227488268535,4.814307880627205
temporal,router__bytes_total__roll300_mean,1340,0.01600420486544525,0.0772812693049431,4.828810300460564
temporal,router__bytes_total__roll300_mean,1341,0.016126287303722623,0.07786122245681638,4.828217492990017
temporal,router__bytes_total__roll300_std,1337,0.015790164461722593,0.06960560401007636,4.408162066887231
temporal,router__bytes_total__roll300_std,1338,0.015840861179930697,0.07122070525160579,4.496012208088637
temporal,router__bytes_total__roll300_std,1339,0.015729061875149913,0.07149107855971462,4.545158454278968
temporal,router__bytes_total__roll300_std,1340,0.01578023768391334,0.07106734459665327,4.503566170559053
temporal,router__bytes_total__roll300_std,1341,0.015843192506344753,0.0722790388300669,4.562151144797437
temporal,router__bytes_total__roll300_z,1337,0.01590535740378605,0.07952627854754465,4.999968031439175
temporal,router__bytes_total__roll300_z,1338,0.015974534135686707,0.07987187251100109,4.999950035010369
temporal,router__bytes_total__roll300_z,1339,0.015941963807378348,0.0797089343191341,4.999944503841037
temporal,router__bytes_total__roll300_z,1340,0.016044035694723555,0.08021965338063455,4.999967271764211
temporal,router__bytes_total__roll300_z,1341,0.015877547121107255,0.07938536678585172,4.999850806949809
temporal,router__bytes_total__roll30_mean,1337,0.01595533649533999,0.07792469485674894,4.883926758893997
temporal,router__bytes_total__roll30_mean,1338,0.01598096143970479,0.07833631415324886,4.901852397855229
temporal,router__bytes_total__roll30_mean,1339,0.015928005201951735,0.07787533683544619,4.889208400428181
temporal,router__bytes_total__roll30_mean,1340,0.016014606285073976,0.07848782302059197,4.901014837545188
temporal,router__bytes_total__roll30_mean,1341,0.015962716150907476,0.07810027317602289,4.892668167352141
temporal,router__bytes_total__roll30_std,1337,0.01583198563972959,0.07198903189849908,4.547062733422783
temporal,router__bytes_total__roll30_std,1338,0.015845639304824504,0.07250618015490597,4.575781308667684
temporal,router__bytes_total__roll30_std,1339,0.015836774119380864,0.07217980764288302,4.557734239231852
temporal,router__bytes_total__roll30_std,1340,0.015851428495621395,0.07274641109367364,4.589265321656544
temporal,router__bytes_total__roll30_std,1341,0.01587913706905751,0.07249967747677946,4.565718978398024
temporal,router__bytes_total__roll30_z,1337,0.015928368265573832,0.0796142727406133,4.998269214598997
temporal,router__bytes_total__roll30_z,1338,0.015932492233209288,0.07962540494430662,4.997674172929293
temporal,router__bytes_total__roll30_z,1339,0.016005923972263903,0.07997933547651816,4.9968583891258955
temporal,router__bytes_total__roll30_z,1340,0.015900039682657557,0.07944895772357745,4.996777323155601
temporal,router__bytes_total__roll30_z,1341,0.01602647995130888,0.0800937549380422,4.997588689555061
temporal,router__dns_pkt__roll300_mean,1337,0.015904837255434245,0.07952418628566865,5.000000000534267
temporal,router__dns_pkt__roll300_mean,1338,0.015898898552488216,0.0794944925965151,4.999999989563681
temporal,router__dns_pkt__roll300_mean,1339,0.01593089954484532,0.07965449799384451,5.000000016924211
temporal,router__dns_pkt__roll300_mean,1340,0.01588224453913821,0.07941122197285624,4.999999954487868
temporal,router__dns_pkt__roll300_mean,1341,0.0159215866882194,0.07960793370339124,5.000000016474127
temporal,router__dns_pkt__roll300_std,1337,0.015997979360873844,0.07998989830171467,5.000000093595911
temporal,router__dns_pkt__roll300_std,1338,0.016006237855361267,0.0800311919163294,5.0000001649059005
temporal,router__dns_pkt__roll300_std,1339,0.01589959810241647,0.07949798459630254,4.999999627928973
temporal,router__dns_pkt__roll300_std,1340,0.015984559501634462,0.07992279085365629,4.999999583690998
temporal,router__dns_pkt__roll300_std,1341,0.015936695850469633,0.0796834810161087,5.000000110672912
temporal,router__dns_pkt__roll300_z,1337,0.015898579532347478,0.07949289895978372,5.000000081645428
temporal,router__dns_pkt__roll300_z,1338,0.01596902741364098,0.0798432310905998,4.999880645354553
temporal,router__dns_pkt__roll300_z,1339,0.015976868622570087,0.07988423665128623,4.999993336518768
temporal,router__dns_pkt__roll300_z,1340,0.015858092595592222,0.07928775324142126,4.999829125947934
temporal,router__dns_pkt__roll300_z,1341,0.015921202598058595,0.07960496996890908,4.9999344885301555
temporal,router__dns_pkt__roll30_mean,1337,0.015429132359872895,0.07678709634864515,4.976760491623504
temporal,router__dns_pkt__roll30_mean,1338,0.015506559271074876,0.07719461093195469,4.978190814770204
temporal,router__dns_pkt__roll30_mean,1339,0.015467923905271151,0.07705461319556357,4.981574364307866
temporal,router__dns_pkt__roll30_mean,1340,0.015623162989026796,0.07783152666960362,4.981803411016704
temporal,router__dns_pkt__roll30_mean,1341,0.015592191778154236,0.07771243902927909,4.984061261878508
temporal,router__dns_pkt__roll30_std,1337,0.01538776946972851,0.07693683889254148,4.999869477112649
temporal,router__dns_pkt__roll30_std,1338,0.01557476994069949,0.0778724824027673,4.9999122105343865
temporal,router__dns_pkt__roll30_std,1339,0.015434638571875612,0.07716740571381286,4.999625054675674
temporal,router__dns_pkt__roll30_std,1340,0.015568733425861729,0.07784276223827982,4.999941877672122
temporal,router__dns_pkt__roll30_std,1341,0.015543122874973466,0.07771380208880906,4.999883402706596
temporal,router__dns_pkt__roll30_z,1337,0.015945479079728028,0.07972582974512855,4.999901812074523
temporal,router__dns_pkt__roll30_z,1338,0.015886653068907117,0.07943083410893154,4.9998469636371174
temporal,router__dns_pkt__roll30_z,1339,0.015897297431652014,0.07948329813750117,4.999799398559874
temporal,router__dns_pkt__roll30_z,1340,0.016005151759641387,0.0800242843344254,4.9999078756763025
temporal,router__dns_pkt__roll30_z,1341,0.015891998752698006,0.07945698546340259,4.999810703478256
temporal,router__dst_ip_entropy_norm,1337,0.01279999319440692,0.06066222837987812,4.739239111969611
temporal,router__dst_ip_entropy_norm,1338,0.012926288128454344,0.06129580060526426,4.741949119201142
temporal,router__dst_ip_entropy_norm,1339,0.01284783618647792,0.060830286786693236,4.734671730226125
temporal,router__dst_ip_entropy_norm,1340,0.012902652348803905,0.06089177848047185,4.719322572937231
temporal,router__dst_ip_entropy_norm,1341,0.012913598100632195,0.060945381479717065,4.719473302853791
temporal,router__dst_ip_per_pkt,1337,0.013923910794726952,0.06897084278217959,4.9534102738074965
temporal,router__dst_ip_per_pkt,1338,0.013967966588382293,0.06911972320986161,4.948445628968729
temporal,router__dst_ip_per_pkt,1339,0.013889923572849077,0.06890403323743073,4.960720833059073
temporal,router__dst_ip_per_pkt,1340,0.013938496908322117,0.06897579226642266,4.948581810513584
temporal,router__dst_ip_per_pkt,1341,0.013920772993455602,0.06902073925476764,4.958111111158518
temporal,router__dst_port_entropy,1337,0.012918523176856085,0.06455359858154207,4.996979739695923
temporal,router__dst_port_entropy,1338,0.012948105046555723,0.06471695611376833,4.998179724451915
temporal,router__dst_port_entropy,1339,0.012867154815121951,0.06428043864127683,4.99569948173252
temporal,router__dst_port_entropy,1340,0.012930970794226225,0.06459507458771421,4.995377038246533
temporal,router__dst_port_entropy,1341,0.012848794607783907,0.0641994063132215,4.99653144695215
temporal,router__dst_port_entropy_norm,1337,0.012684519735295309,0.06092221324103562,4.802878982600856
temporal,router__dst_port_entropy_norm,1338,0.01279143479624225,0.061595816161149515,4.8153953909255405
temporal,router__dst_port_entropy_norm,1339,0.012595142294029183,0.060610349531110844,4.812200459207484
temporal,router__dst_port_entropy_norm,1340,0.012764634322452985,0.061320044604228144,4.803901393114429
temporal,router__dst_port_entropy_norm,1341,0.012717398019051246,0.06110430359110721,4.80478030958614
temporal,router__dst_port_per_pkt,1337,0.013905643664890775,0.0688668416777937,4.952438257257373
temporal,router__dst_port_per_pkt,1338,0.013893393951980271,0.06870814143528359,4.945382076745214
temporal,router__dst_port_per_pkt,1339,0.013783291927102497,0.0683399577196116,4.958173858687032
temporal,router__dst_port_per_pkt,1340,0.01385373636762257,0.06862144233285064,4.953280509453402
temporal,router__dst_port_per_pkt,1341,0.01381540434079225,0.0685026695415262,4.958426684571281
temporal,router__dst_port_per_tcp,1337,0.01421639503819654,0.07069773327565711,4.972971916277424
temporal,router__dst_port_per_tcp,1338,0.014220784532336432,0.07061295819014406,4.9654755706043
temporal,router__dst_port_per_tcp,1339,0.014159827219559355,0.07042153426140463,4.973332878252176
temporal,router__dst_port_per_tcp,1340,0.014302542528558539,0.07115953294348132,4.975306509412143
temporal,router__dst_port_per_tcp,1341,0.014080323303179498,0.07002733206802238,4.973417908110775
temporal,router__dst_port_unique__roll300_mean,1337,0.015946384942028345,0.07973192449364384,4.999999986423388
temporal,router__dst_port_unique__roll300_mean,1338,0.01591590454828707,0.07957952217197554,4.999999964220708
temporal,router__dst_port_unique__roll300_mean,1339,0.016008642419247657,0.08004321222152198,5.000000007826004
temporal,router__dst_port_unique__roll300_mean,1340,0.015977562146721355,0.07988780905896313,4.999999895187787
temporal,router__dst_port_unique__roll300_mean,1341,0.0159253951773806,0.07962228911355428,4.999705704423876
temporal,router__dst_port_unique__roll300_std,1337,0.016005510650310126,0.0800275508149718,4.999999847766255
temporal,router__dst_port_unique__roll300_std,1338,0.01593288584236111,0.07966443009838935,5.000000055644898
temporal,router__dst_port_unique__roll300_std,1339,0.01600923270055406,0.08004616430457363,5.000000050083807
temporal,router__dst_port_unique__roll300_std,1340,0.015923002731580312,0.07961501347155593,4.99999998829708
temporal,router__dst_port_unique__roll300_std,1341,0.016016265430647027,0.08006737312941987,4.999128759205716
temporal,router__dst_port_unique__roll300_z,1337,0.01591382526415311,0.07956912669679982,5.000000023629408
temporal,router__dst_port_unique__roll300_z,1338,0.01592793247231267,0.07963966306781205,5.000000044340262
temporal,router__dst_port_unique__roll300_z,1339,0.015953341960976503,0.07976670979990454,4.999999999687967
temporal,router__dst_port_unique__roll300_z,1340,0.015914419175030878,0.07957132456076017,4.9999515336132765
temporal,router__dst_port_unique__roll300_z,1341,0.015884243850145353,0.07942121860745593,4.999999959502584
temporal,router__dst_port_unique__roll30_mean,1337,0.01583993969135332,0.07919898791975455,4.999955142694613
temporal,router__dst_port_unique__roll30_mean,1338,0.016005331998681982,0.08002632113964118,4.999978828694791
temporal,router__dst_port_unique__roll30_mean,1339,0.015925515657032183,0.07962757987049017,5.000000099546495
temporal,router__dst_port_unique__roll30_mean,1340,0.01603848585312075,0.08019243125658806,5.000000124137923
temporal,router__dst_port_unique__roll30_mean,1341,0.015965956114129057,0.0798287688366152,4.999936631791867
temporal,router__dst_port_unique__roll30_std,1337,0.01595545870893951,0.07977729550643615,5.000000122950937
temporal,router__dst_port_unique__roll30_std,1338,0.01587684543087685,0.07938422758452875,5.000000027092567
temporal,router__dst_port_unique__roll30_std,1339,0.01599231631577133,0.0799615830379941,5.000000091239907
temporal,router__dst_port_unique__roll30_std,1340,0.015934849181294976,0.07967424452329273,4.999999913197663
temporal,router__dst_port_unique__roll30_std,1341,0.01592855916399889,0.07964279399869874,4.999999885658477
temporal,router__dst_port_unique__roll30_z,1337,0.015938846454102193,0.07968968088669612,4.999714447100802
temporal,router__dst_port_unique__roll30_z,1338,0.01588908626663856,0.07943845475069429,4.999560919842625
temporal,router__dst_port_unique__roll30_z,1339,0.016002904303209935,0.0800086578644775,4.999633588287408
temporal,router__dst_port_unique__roll30_z,1340,0.016051123766359397,0.0802458400849566,4.999390774939953
temporal,router__dst_port_unique__roll30_z,1341,0.015976479008699994,0.07988063724371368,4.999889975770923
temporal,router__ip_dst_entropy,1337,0.013096573984450834,0.06543996032833874,4.996723601610133
temporal,router__ip_dst_entropy,1338,0.01303804080790598,0.06515824554861654,4.997548827206157
temporal,router__ip_dst_entropy,1339,0.013015450328841228,0.06503565311350358,4.996803911531944
temporal,router__ip_dst_entropy,1340,0.013020537904271249,0.06503352873063897,4.994688330756706
temporal,router__ip_dst_entropy,1341,0.013073279450827856,0.0653024738675311,4.995110378627749
temporal,router__ip_src_entropy,1337,0.013127127438498951,0.06560336585977379,4.997541630271195
temporal,router__ip_src_entropy,1338,0.013043033673601193,0.06517296423824398,4.9967642397606165
temporal,router__ip_src_entropy,1339,0.013025415100205714,0.06507547872018453,4.996038761110713
temporal,router__ip_src_entropy,1340,0.013032907525808221,0.06510356323055239,4.995321504555451
temporal,router__ip_src_entropy,1341,0.013103465178162547,0.06546511450138918,4.996015451736342
temporal,router__pkt_total__roll300_mean,1337,0.015979267036736484,0.0798963299836712,4.999999674577613
temporal,router__pkt_total__roll300_mean,1338,0.015906451544572695,0.07953226287071925,5.000000323633198
temporal,router__pkt_total__roll300_mean,1339,0.015959920029798215,0.07979960027072731,5.000000007627622
temporal,router__pkt_total__roll300_mean,1340,0.016039212774477337,0.08019607320065575,5.000000581591453
temporal,router__pkt_total__roll300_mean,1341,0.01586013156920702,0.07930065500533084,4.999999820890246
temporal,router__pkt_total__roll300_std,1337,0.015983784117702432,0.07305970931850894,4.570864369820506
temporal,router__pkt_total__roll300_std,1338,0.015911955475640213,0.0735631766750534,4.623138670019035
temporal,router__pkt_total__roll300_std,1339,0.015859704030391955,0.07373287917932891,4.649070312915965
temporal,router__pkt_total__roll300_std,1340,0.015971040620656664,0.07422439659167399,4.64743646670546
temporal,router__pkt_total__roll300_std,1341,0.016010820488434118,0.07462598357502326,4.660971848940004
temporal,router__pkt_total__roll300_z,1337,0.015957415033951865,0.07978579104108949,4.999919527776454
temporal,router__pkt_total__roll300_z,1338,0.016048493758620223,0.0802404630533512,4.999875020062313
temporal,router__pkt_total__roll300_z,1339,0.015949036601705147,0.0797390581875558,4.99961597548975
temporal,router__pkt_total__roll300_z,1340,0.0159483736354762,0.07973950006681671,4.999851513977637
temporal,router__pkt_total__roll300_z,1341,0.015981388454939783,0.07990432736874829,4.999836378049505
temporal,router__pkt_total__roll30_mean,1337,0.015945599738607243,0.07972361480228726,4.999725072068733
temporal,router__pkt_total__roll30_mean,1338,0.015899569232260446,0.07949394625450897,4.999754716197886
temporal,router__pkt_total__roll30_mean,1339,0.01587796636406134,0.0793898062308993,4.999998388369971
temporal,router__pkt_total__roll30_mean,1340,0.015952502118926477,0.07976253353751758,5.00000143819979
temporal,router__pkt_total__roll30_mean,1341,0.015987247085309596,0.07993578119568204,4.99997158792483
temporal,router__pkt_total__roll30_std,1337,0.015942720294991254,0.07943051513108583,4.982243535693255
temporal,router__pkt_total__roll30_std,1338,0.015956082224239086,0.0794590996099619,4.979862756614189
temporal,router__pkt_total__roll30_std,1339,0.016014487486632565,0.07979037985986401,4.982387349358869
temporal,router__pkt_total__roll30_std,1340,0.015960565816505706,0.07956974218923445,4.985396075804967
temporal,router__pkt_total__roll30_std,1341,0.01597954563640687,0.07963035489209029,4.983267778945173
temporal,router__pkt_total__roll30_z,1337,0.01599411802264285,0.07994989797635656,4.998706265839204
temporal,router__pkt_total__roll30_z,1338,0.016038894929954955,0.08016758748590239,4.998323627407635
temporal,router__pkt_total__roll30_z,1339,0.015971646773726603,0.07983676379870648,4.998655738495178
temporal,router__pkt_total__roll30_z,1340,0.016024888271950442,0.08008721947456122,4.997677245260041
temporal,router__pkt_total__roll30_z,1341,0.01600079163162177,0.07996255546445473,4.997412459670289
temporal,router__tcp_share,1337,0.011330094192965599,0.05623777833900799,4.963575534431459
temporal,router__tcp_share,1338,0.011356590963873987,0.05627925531629941,4.955646945049547
temporal,router__tcp_share,1339,0.011181980232708685,0.055524780843345056,4.965558844481603
temporal,router__tcp_share,1340,0.011245524270136085,0.055786357224231524,4.960760911110144
temporal,router__tcp_share,1341,0.011297247169737757,0.05612515345943183,4.968038019897078
temporal,router__udp_share,1337,0.012172427887744124,0.06015752085205064,4.94211355424176
temporal,router__udp_share,1338,0.012136769531966041,0.059937880610775776,4.93853660588267
temporal,router__udp_share,1339,0.012115110359801829,0.05996272590607502,4.949416400285755
temporal,router__udp_share,1340,0.012288337698517941,0.06069890196349036,4.939553538702885
temporal,router__udp_share,1341,0.012033999763355124,0.059570161590674235,4.9501547915990525
temporal,zigbee__ack_rate,1337,0.0133862059231064,0.06693039298163646,4.999952441050198
temporal,zigbee__ack_rate,1338,0.013836235117855108,0.06918052609014169,4.999953058102272
temporal,zigbee__ack_rate,1339,0.013580574246016809,0.06790180736274536,4.999921662565999
temporal,zigbee__ack_rate,1340,0.013749734106579689,0.06874796659897815,4.99994880381578
temporal,zigbee__ack_rate,1341,0.013933709199021255,0.06966775496611505,4.9999432291158135
temporal,zigbee__cmd_rate,1337,0.011048199904895696,0.05524028397625651,4.999935233954116
temporal,zigbee__cmd_rate,1338,0.011205581962690534,0.056027611296898816,4.999973360013353
temporal,zigbee__cmd_rate,1339,0.01110879942052455,0.05554277902986973,4.9998903506394425
temporal,zigbee__cmd_rate,1340,0.011128797015165883,0.055643985276705776,5.000000018050141
temporal,zigbee__cmd_rate,1341,0.011150176851165346,0.055749642579940584,4.999888640700258
temporal,zigbee__data_rate,1337,0.012783355518514469,0.0638938321287267,4.998205051575667
temporal,zigbee__data_rate,1338,0.013197820082959008,0.06597024418916511,4.99857126210909
temporal,zigbee__data_rate,1339,0.012979118309587397,0.0648737131564379,4.998314339157929
temporal,zigbee__data_rate,1340,0.013155910730702701,0.06575475739313587,4.998115200012739
temporal,zigbee__data_rate,1341,0.01330278726949061,0.06649124525421463,4.9982942602344345
