role,control,sigma_iqr,seed,scope,anchor_id,n_features,elapsed_seconds,c2st_rf_auc,c2st_rf_sd,c2st_linear_auc,c2st_linear_sd,c2st_max_auc,c2st_null_mean,c2st_null_p95,c2st_excess_over_null_mean,c2st_excess_over_null_p95,c2st_permutation_p,c2st_n_per_class,c2st_n_groups,c2st_block_size
contemporaneous,mild,0.02,1337,all_modal,real_resample,635,78.2502772808075,0.9995665361683578,7.33635346590791e-05,0.9807451068570736,0.0010290614586336,0.9995665361683578,0.5046349243608828,0.5107842243836133,0.494931611807475,0.4887823117847445,0.05,25000,234,300
contemporaneous,mild,0.02,1337,mask_only,real_resample,439,50.17764687538147,0.5029722431095749,0.0006256255195875,0.5021981175384896,0.0003913386870602,0.5029722431095749,0.5036178025794363,0.5085857517510233,-0.0006455594698614,0.0,0.55,25000,234,300
contemporaneous,mild,0.02,1337,protocol_value,real_resample,155,42.28056740760803,0.989112513080596,0.0007134713079317,0.5631370651890623,0.0031180149268511,0.989112513080596,0.5030447792277695,0.5077458995321482,0.4860677338528266,0.4813666135484479,0.05,25000,234,300
contemporaneous,mild,0.02,1338,all_modal,real_resample,635,63.104085206985474,0.9995144049124494,0.0001106028246133,0.9822741326331442,0.0003692963337149,0.9995144049124494,0.502588929340027,0.5049205669940839,0.4969254755724224,0.4945938379183654,0.05,25000,234,300
contemporaneous,mild,0.02,1338,mask_only,real_resample,439,42.43152976036072,0.5025662459066907,0.0007865254888057,0.5036836947052966,0.0036472722338369,0.5036836947052966,0.5027906466401625,0.5060865907058456,0.0008930480651341,0.0,0.35,25000,234,300
contemporaneous,mild,0.02,1338,protocol_value,real_resample,155,49.03799557685852,0.9892066918870784,0.0001953030031008,0.5730296053620915,0.004975944791049,0.9892066918870784,0.5031383677377723,0.5072922849177175,0.4860683241493062,0.481914406969361,0.05,25000,234,300
contemporaneous,mild,0.02,1339,all_modal,real_resample,635,78.59348034858704,0.9995268368842132,8.685300298694068e-05,0.9819796478237544,0.0004008233907338,0.9995268368842132,0.5035963786467769,0.510348292460397,0.4959304582374364,0.4891785444238162,0.05,25000,234,300
contemporaneous,mild,0.02,1339,mask_only,real_resample,439,62.70838022232056,0.5024799363993963,0.0027546370819576,0.5021710130856936,0.0016034621295694,0.5024799363993963,0.504242073034294,0.5089411680040506,-0.0017621366348977,0.0,0.65,25000,234,300
contemporaneous,mild,0.02,1339,protocol_value,real_resample,155,44.27156519889832,0.989452019613101,0.0004953570100386,0.5768307067101088,0.005264649147144,0.989452019613101,0.5048934576202884,0.5105818694155283,0.4845585619928126,0.4788701501975727,0.05,25000,234,300
contemporaneous,mild,0.02,1340,all_modal,real_resample,635,78.96163153648376,0.999536177789694,1.643313139929474e-05,0.981818516904978,0.0005523231477556,0.999536177789694,0.5033658819600678,0.5059893770174204,0.4961702958296262,0.4935468007722736,0.05,25000,234,300
contemporaneous,mild,0.02,1340,mask_only,real_resample,439,69.74414253234863,0.5031730622668704,0.0023775126500772,0.5014723653538372,0.0012194234677656,0.5031730622668704,0.503642000504508,0.5069002480519906,-0.0004689382376376,0.0,0.6,25000,234,300
contemporaneous,mild,0.02,1340,protocol_value,real_resample,155,51.70711541175842,0.9895466671837244,0.0007484775060567,0.5736314441577482,0.0024732764282258,0.9895466671837244,0.5044236284608288,0.5100687179534901,0.4851230387228957,0.4794779492302344,0.05,25000,234,300
contemporaneous,mild,0.02,1341,all_modal,real_resample,635,61.14273500442505,0.9996103324963364,6.0218521826046666e-05,0.9819513847539668,0.000441053376769,0.9996103324963364,0.502839946491617,0.5063676911762167,0.4967703860047193,0.4932426413201196,0.05,25000,234,300
contemporaneous,mild,0.02,1341,mask_only,real_resample,439,64.13311815261841,0.5007661883909094,0.0008615322118921,0.503668546885799,0.003078855648914,0.503668546885799,0.504576633941838,0.5085592115631378,-0.000908087056039,0.0,0.65,25000,234,300
contemporaneous,mild,0.02,1341,protocol_value,real_resample,155,47.61889719963074,0.9883620014921912,0.0005056335615023,0.5639394615142007,0.0027815298867998,0.9883620014921912,0.5044348607004612,0.5082557940130795,0.4839271407917299,0.4801062074791116,0.05,25000,234,300
contemporaneous,strong,0.1,1337,all_modal,real_resample,635,61.46535992622376,0.999910699394522,2.437781588664056e-05,0.9868813043365372,0.0005651220504627,0.999910699394522,0.5039428203688867,0.5076190159605383,0.4959678790256353,0.4922916834339838,0.05,25000,234,300
contemporaneous,strong,0.1,1337,mask_only,real_resample,439,41.762603759765625,0.5029722431095749,0.0006256255195875,0.5021981175384896,0.0003913386870602,0.5029722431095749,0.5036178025794363,0.5085857517510233,-0.0006455594698614,0.0,0.55,25000,234,300
contemporaneous,strong,0.1,1337,protocol_value,real_resample,155,38.7037980556488,0.9924240282251304,0.0005293244408135,0.6008656965723146,0.0021722525151823,0.9924240282251304,0.5033424951805291,0.5072678276585167,0.4890815330446013,0.4851562005666137,0.05,25000,234,300
contemporaneous,strong,0.1,1338,all_modal,real_resample,635,67.57619333267212,0.999933923802796,1.6488862200134837e-05,0.9872032414494544,0.0004138439555954,0.999933923802796,0.5029295328362469,0.5084512025030383,0.497004390966549,0.4914827212997575,0.05,25000,234,300
contemporaneous,strong,0.1,1338,mask_only,real_resample,439,43.09234499931336,0.5025662459066907,0.0007865254888057,0.5036836947052966,0.0036472722338369,0.5036836947052966,0.5027906466401625,0.5060865907058456,0.0008930480651341,0.0,0.35,25000,234,300
contemporaneous,strong,0.1,1338,protocol_value,real_resample,155,31.20553994178772,0.9925731284332328,0.0003093476211539,0.6030354325762901,0.0042681059690696,0.9925731284332328,0.5025173858412021,0.5050369237543507,0.4900557425920306,0.487536204678882,0.05,25000,234,300
contemporaneous,strong,0.1,1339,all_modal,real_resample,635,64.50482058525085,0.999910229650974,4.092559381906962e-05,0.9874692924264966,0.0002993911889444,0.999910229650974,0.5031825451131168,0.5084280836404751,0.4967276845378572,0.4914821460104989,0.05,25000,234,300
contemporaneous,strong,0.1,1339,mask_only,real_resample,439,46.01689457893372,0.5024799363993963,0.0027546370819576,0.5021710130856936,0.0016034621295694,0.5024799363993963,0.504242073034294,0.5089411680040506,-0.0017621366348977,0.0,0.65,25000,234,300
contemporaneous,strong,0.1,1339,protocol_value,real_resample,155,32.47991132736206,0.9932551976901116,0.0001967389705952,0.6051774437765293,0.0038415997646202,0.9932551976901116,0.5039215694381652,0.5085074994765857,0.4893336282519462,0.4847476982135258,0.05,25000,234,300
contemporaneous,strong,0.1,1340,all_modal,real_resample,635,72.81508874893188,0.9999406946905788,2.69251038855533e-05,0.9874981571010998,0.0007022406924662,0.9999406946905788,0.5032604178436776,0.5064930433818535,0.4966802768469012,0.4934476513087252,0.05,25000,234,300
contemporaneous,strong,0.1,1340,mask_only,real_resample,439,66.94049668312073,0.5031730622668704,0.0023775126500772,0.5014723653538372,0.0012194234677656,0.5031730622668704,0.503642000504508,0.5069002480519906,-0.0004689382376376,0.0,0.6,25000,234,300
contemporaneous,strong,0.1,1340,protocol_value,real_resample,155,33.06519794464111,0.9928595089693776,0.0002325093949739,0.6020792275600041,0.0046776367166388,0.9928595089693776,0.503166588374696,0.5100174766208783,0.4896929205946815,0.4828420323484992,0.05,25000,234,300
contemporaneous,strong,0.1,1341,all_modal,real_resample,635,66.1202301979065,0.999910947439406,7.198004481533969e-06,0.9875969791033667,0.0004227987379774,0.999910947439406,0.502746909103764,0.5053640592939558,0.4971640383356419,0.4945468881454501,0.05,25000,234,300
contemporaneous,strong,0.1,1341,mask_only,real_resample,439,55.06534028053284,0.5007661883909094,0.0008615322118921,0.503668546885799,0.003078855648914,0.503668546885799,0.504576633941838,0.5085592115631378,-0.000908087056039,0.0,0.65,25000,234,300
contemporaneous,strong,0.1,1341,protocol_value,real_resample,155,33.661025524139404,0.9921918155903016,0.0006316744976138,0.6030283961888054,0.0038343014748352,0.9921918155903016,0.5039330188831733,0.5082738531237357,0.4882587967071281,0.4839179624665657,0.05,25000,234,300
temporal,mild,0.02,1337,all_modal,real_block,635,73.88369941711426,0.999455180211263,0.0001787206275629,0.9681194046554404,0.0062243024920898,0.999455180211263,0.5038977278040259,0.5090507444348079,0.4955574524072371,0.4904044357764551,0.05,25000,234,300
temporal,mild,0.02,1337,mask_only,real_block,439,22.86311101913452,0.5021656307016227,0.0011465381219708,0.5018322219703167,0.0020500254641558,0.5021656307016227,0.5025606244519828,0.5051216106785597,-0.0003949937503601,0.0,0.5,25000,234,300
temporal,mild,0.02,1337,protocol_value,real_block,155,61.67684960365296,0.9901327001209386,0.0009469217692911,0.5725918630581807,0.0047912591070834,0.9901327001209386,0.5031561472949378,0.5072569797045217,0.4869765528260007,0.4828757204164169,0.05,25000,234,300
temporal,mild,0.02,1338,all_modal,real_block,635,41.775805711746216,0.9999989917508146,1.3300334371181522e-06,0.9966852908449756,0.0015984712193714,0.9999989917508146,0.5031727677960933,0.509763256921441,0.4968262239547213,0.4902357348293736,0.05,25000,234,300
temporal,mild,0.02,1338,mask_only,real_block,439,24.91563415527344,0.501320008884384,0.0007651628981619,0.5028428148353367,0.0019417206488764,0.5028428148353367,0.5039262846258626,0.5084209596067454,-0.0010834697905259,0.0,0.6,25000,234,300
temporal,mild,0.02,1338,protocol_value,real_block,155,54.25579786300659,0.9880100056914318,0.0002484214989527,0.5597615767179275,0.0035357164954643,0.9880100056914318,0.5028157870438459,0.5057570073650213,0.4851942186475859,0.4822529983264105,0.05,25000,234,300
temporal,mild,0.02,1339,all_modal,real_block,635,69.21331596374512,0.9999810182379733,2.0124813010191988e-05,0.9827662438803848,0.0076334323731391,0.9999810182379733,0.5036240726202745,0.5090225956619384,0.4963569456176987,0.4909584225760348,0.05,25000,234,300
temporal,mild,0.02,1339,mask_only,real_block,439,22.36659145355225,0.5023370713379736,0.00067573003323,0.5021503263785927,0.0025352068108964,0.5023370713379736,0.5031438199410224,0.5076711780250022,-0.0008067486030488,0.0,0.6,25000,234,300
temporal,mild,0.02,1339,protocol_value,real_block,155,49.33710050582886,0.988921544107089,9.930008425288516e-05,0.5700673086370173,0.0016465070388197,0.988921544107089,0.5049457335025036,0.5099527234841236,0.4839758106045854,0.4789688206229654,0.05,25000,234,300
temporal,mild,0.02,1340,all_modal,real_block,635,55.76344633102417,0.9993991328222817,0.0002936619458574,0.945133806962398,0.0176200461192756,0.9993991328222817,0.5029402357724764,0.5071764115677636,0.4964588970498053,0.492222721254518,0.05,25000,234,300
temporal,mild,0.02,1340,mask_only,real_block,439,30.428688287734985,0.5052330929887193,0.0029151267908624,0.5039189298764544,0.0014845650154549,0.5052330929887193,0.5046698182132262,0.5084876642003355,0.0005632747754931,0.0,0.45,25000,234,300
temporal,mild,0.02,1340,protocol_value,real_block,155,56.012869119644165,0.9887768757232795,0.0009053072354787,0.5616686356035303,0.0051188107692435,0.9887768757232795,0.5034682581888086,0.5079669518244424,0.4853086175344711,0.4808099238988372,0.05,25000,234,300
temporal,mild,0.02,1341,all_modal,real_block,635,81.23869466781616,0.9999043201409602,9.079434398712305e-05,0.9837163359018376,0.0049391260675771,0.9999043201409602,0.5034389389570534,0.5087008290543285,0.4964653811839068,0.4912034910866317,0.05,25000,234,300
temporal,mild,0.02,1341,mask_only,real_block,439,24.66010689735413,0.5028543528358065,0.0032677199643245,0.5014143924070403,0.0005210195720995,0.5028543528358065,0.5026355981404182,0.5071493867001733,0.0002187546953882,0.0,0.3,25000,234,300
temporal,mild,0.02,1341,protocol_value,real_block,155,41.02034878730774,0.9883711207978836,0.0003712453283511,0.5607974047897665,0.0010911595188592,0.9883711207978836,0.5038806110822733,0.5078482988406355,0.4844905097156103,0.4805228219572481,0.05,25000,234,300
temporal,strong,0.1,1337,all_modal,real_block,635,78.10306191444397,0.9997711035013926,0.0002863462879718,0.9799901197923956,0.0043053423560253,0.9997711035013926,0.5030670329178071,0.5062375426839762,0.4967040705835855,0.4935335608174164,0.05,25000,234,300
temporal,strong,0.1,1337,mask_only,real_block,439,23.320542097091675,0.5021656307016227,0.0011465381219708,0.5018322219703167,0.0020500254641558,0.5021656307016227,0.5025606244519828,0.5051216106785597,-0.0003949937503601,0.0,0.5,25000,234,300
temporal,strong,0.1,1337,protocol_value,real_block,155,35.58519124984741,0.9931635033297276,0.0007150665821776,0.6086391954697505,0.0055665315969559,0.9931635033297276,0.5031801609602867,0.5073581010795072,0.4899833423694408,0.4858054022502204,0.05,25000,234,300
temporal,strong,0.1,1338,all_modal,real_block,635,51.123178243637085,0.9999994044185376,5.537591547875338e-07,0.9980261114739052,0.0011444958981775,0.9999994044185376,0.5041403897907827,0.5098594778525692,0.4958590146277549,0.4901399265659684,0.05,25000,234,300
temporal,strong,0.1,1338,mask_only,real_block,439,23.88421392440796,0.501320008884384,0.0007651628981619,0.5028428148353367,0.0019417206488764,0.5028428148353367,0.5039262846258626,0.5084209596067454,-0.0010834697905259,0.0,0.6,25000,234,300
temporal,strong,0.1,1338,protocol_value,real_block,155,37.91950488090515,0.9915429088216928,0.0001016032820104,0.5978714448631038,0.0026459230089838,0.9915429088216928,0.5033145311239856,0.5078896438972378,0.4882283776977073,0.4836532649244551,0.05,25000,234,300
temporal,strong,0.1,1339,all_modal,real_block,635,80.68765902519226,0.9999986840147584,1.096838797203663e-06,0.9868838307747476,0.0056730180912336,0.9999986840147584,0.5034937416713438,0.5083455107507097,0.4965049423434147,0.4916531732640488,0.05,25000,234,300
temporal,strong,0.1,1339,mask_only,real_block,439,23.28492522239685,0.5023370713379736,0.00067573003323,0.5021503263785927,0.0025352068108964,0.5023370713379736,0.5031438199410224,0.5076711780250022,-0.0008067486030488,0.0,0.6,25000,234,300
temporal,strong,0.1,1339,protocol_value,real_block,155,33.77729058265686,0.9925888091766186,0.0007499705266012,0.6057824094332425,0.002110544445418,0.9925888091766186,0.5037454585294081,0.5098910085507378,0.4888433506472105,0.4826978006258808,0.05,25000,234,300
temporal,strong,0.1,1340,all_modal,real_block,635,80.2017560005188,0.9996068752074648,0.0005492030228919,0.9606143389482844,0.0127309528670979,0.9996068752074648,0.5039878693153412,0.5085320205974229,0.4956190058921235,0.4910748546100418,0.05,25000,234,300
temporal,strong,0.1,1340,mask_only,real_block,439,30.040066242218018,0.5052330929887193,0.0029151267908624,0.5039189298764544,0.0014845650154549,0.5052330929887193,0.5046698182132262,0.5084876642003355,0.0005632747754931,0.0,0.45,25000,234,300
temporal,strong,0.1,1340,protocol_value,real_block,155,35.798550605773926,0.9916520575796266,0.0001127788850924,0.5972919033102922,0.0041888974773485,0.9916520575796266,0.5033076339530919,0.5072851389376017,0.4883444236265347,0.4843669186420248,0.05,25000,234,300
temporal,strong,0.1,1341,all_modal,real_block,635,78.71230411529541,0.9999607540845998,4.7160910123228784e-05,0.989748787398528,0.0029964060315067,0.9999607540845998,0.5021870348886521,0.5047333339241329,0.4977737191959477,0.4952274201604669,0.05,25000,234,300
temporal,strong,0.1,1341,mask_only,real_block,439,24.20174598693848,0.5028543528358065,0.0032677199643245,0.5014143924070403,0.0005210195720995,0.5028543528358065,0.5026355981404182,0.5071493867001733,0.0002187546953882,0.0,0.3,25000,234,300
temporal,strong,0.1,1341,protocol_value,real_block,155,32.74464249610901,0.9915357944531898,0.0007686583764275,0.5959069095880002,0.002961201103576,0.9915357944531898,0.5039713225848154,0.507788471445994,0.4875644718683745,0.4837473230071958,0.05,25000,234,300
