positive_control_role,seed,card_id,task_id,model_id,suite,mild,strong,strong_minus_mild_anchor_relative_ratio
contemporaneous,1337,contemporaneous_dependency__iot__smart_plug__sensor__signal_strength__value__h0__w0__continuous__model_linear,contemporaneous_dependency__iot__smart_plug__sensor__signal_strength__value__h0__w0__continuous,linear,contemporaneous,14.859529675457777,14.859529675457777,0.0
contemporaneous,1337,contemporaneous_dependency__iot__smart_plug__sensor__signal_strength__value__h0__w0__continuous__model_rf,contemporaneous_dependency__iot__smart_plug__sensor__signal_strength__value__h0__w0__continuous,rf,contemporaneous,19.947248327773472,19.947248327773472,0.0
contemporaneous,1337,contemporaneous_dependency__iot__smart_plug_ps5__sensor__signal_strength__value__h0__w0__continuous__model_linear,contemporaneous_dependency__iot__smart_plug_ps5__sensor__signal_strength__value__h0__w0__continuous,linear,contemporaneous,4.264698473568433,4.264698473568433,0.0
contemporaneous,1337,contemporaneous_dependency__iot__smart_plug_ps5__sensor__signal_strength__value__h0__w0__continuous__model_rf,contemporaneous_dependency__iot__smart_plug_ps5__sensor__signal_strength__value__h0__w0__continuous,rf,contemporaneous,16.772819233332182,16.772819233332182,0.0
contemporaneous,1337,contemporaneous_dependency__ota24__rssi_n__h0__w0__continuous__model_rf,contemporaneous_dependency__ota24__rssi_n__h0__w0__continuous,rf,contemporaneous,0.9730620497493904,0.9730620497493904,0.0
contemporaneous,1337,contemporaneous_dependency__ota5__bytes_total__h0__w0__continuous__model_linear,contemporaneous_dependency__ota5__bytes_total__h0__w0__continuous,linear,contemporaneous,14.1613828730014,13.839677166407128,-0.32170570659427256
contemporaneous,1337,contemporaneous_dependency__ota5__bytes_total__h0__w0__continuous__model_rf,contemporaneous_dependency__ota5__bytes_total__h0__w0__continuous,rf,contemporaneous,1.0095238177665438,0.9994897875022803,-0.010034030264263416
contemporaneous,1337,contemporaneous_dependency__ota5__mgmt__h0__w0__continuous__model_linear,contemporaneous_dependency__ota5__mgmt__h0__w0__continuous,linear,contemporaneous,6.758092776416664,6.766979862724922,0.008887086308257963
contemporaneous,1337,contemporaneous_dependency__ota5__mgmt__h0__w0__continuous__model_rf,contemporaneous_dependency__ota5__mgmt__h0__w0__continuous,rf,contemporaneous,0.9973599747244369,0.9985151421869951,0.001155167462558171
contemporaneous,1337,contemporaneous_dependency__ota5__rssi_n__h0__w0__continuous__model_linear,contemporaneous_dependency__ota5__rssi_n__h0__w0__continuous,linear,contemporaneous,1.0002047308189228,1.0000443666026761,-0.00016036421624665564
contemporaneous,1337,contemporaneous_dependency__ota5__rssi_n__h0__w0__continuous__model_rf,contemporaneous_dependency__ota5__rssi_n__h0__w0__continuous,rf,contemporaneous,0.9908417265756617,0.9955663956573451,0.004724669081683341
contemporaneous,1337,contemporaneous_dependency__ota__bytes_total__h0__w0__continuous__model_linear,contemporaneous_dependency__ota__bytes_total__h0__w0__continuous,linear,contemporaneous,5.1843228668345835,5.138932643231041,-0.04539022360354217
contemporaneous,1337,contemporaneous_dependency__ota__bytes_total__h0__w0__continuous__model_rf,contemporaneous_dependency__ota__bytes_total__h0__w0__continuous,rf,contemporaneous,1.0361447549206648,1.0186582511847193,-0.017486503735945513
contemporaneous,1337,contemporaneous_dependency__ota__data__h0__w0__continuous__model_linear,contemporaneous_dependency__ota__data__h0__w0__continuous,linear,contemporaneous,23.216203621864434,23.216203621864434,0.0
contemporaneous,1337,contemporaneous_dependency__ota__data__h0__w0__continuous__model_rf,contemporaneous_dependency__ota__data__h0__w0__continuous,rf,contemporaneous,0.977265447721276,0.9772654477212759,-1.1102230246251565e-16
contemporaneous,1337,contemporaneous_dependency__ota__mgmt__h0__w0__continuous__model_linear,contemporaneous_dependency__ota__mgmt__h0__w0__continuous,linear,contemporaneous,1.000110951058262,1.0022070652385098,0.002096114180247799
contemporaneous,1337,contemporaneous_dependency__ota__mgmt__h0__w0__continuous__model_rf,contemporaneous_dependency__ota__mgmt__h0__w0__continuous,rf,contemporaneous,1.0065752828593555,0.9987601244532303,-0.007815158406125233
contemporaneous,1337,contemporaneous_dependency__ota__pkt_total__h0__w0__continuous__model_linear,contemporaneous_dependency__ota__pkt_total__h0__w0__continuous,linear,contemporaneous,11.248856067197764,1.075697553005527,-10.173158514192236
contemporaneous,1337,contemporaneous_dependency__ota__pkt_total__h0__w0__continuous__model_rf,contemporaneous_dependency__ota__pkt_total__h0__w0__continuous,rf,contemporaneous,0.9279086661128619,0.928620892806276,0.0007122266934140864
contemporaneous,1337,contemporaneous_dependency__router__bytes_total__absdiff1__h0__w0__continuous__model_linear,contemporaneous_dependency__router__bytes_total__absdiff1__h0__w0__continuous,linear,contemporaneous,0.9455183454136699,0.9431457961577454,-0.00237254925592445
contemporaneous,1337,contemporaneous_dependency__router__bytes_total__absdiff1__h0__w0__continuous__model_rf,contemporaneous_dependency__router__bytes_total__absdiff1__h0__w0__continuous,rf,contemporaneous,0.9964686827900298,1.0037308473908926,0.007262164600862819
contemporaneous,1337,contemporaneous_dependency__router__bytes_total__diff1__h0__w0__continuous__model_linear,contemporaneous_dependency__router__bytes_total__diff1__h0__w0__continuous,linear,contemporaneous,1.0005232162479305,1.0005518672370615,2.8650989130962756e-05
contemporaneous,1337,contemporaneous_dependency__router__bytes_total__diff1__h0__w0__continuous__model_rf,contemporaneous_dependency__router__bytes_total__diff1__h0__w0__continuous,rf,contemporaneous,1.0001544837675156,1.0164863114225549,0.016331827655039266
contemporaneous,1337,contemporaneous_dependency__router__pkt_total__absdiff1__h0__w0__continuous__model_linear,contemporaneous_dependency__router__pkt_total__absdiff1__h0__w0__continuous,linear,contemporaneous,0.9446001302668162,0.9425229678331456,-0.0020771624336706207
contemporaneous,1337,contemporaneous_dependency__router__pkt_total__absdiff1__h0__w0__continuous__model_rf,contemporaneous_dependency__router__pkt_total__absdiff1__h0__w0__continuous,rf,contemporaneous,1.002418277098378,0.9868045846381164,-0.015613692460261674
contemporaneous,1337,contemporaneous_dependency__router__pkt_total__diff1__h0__w0__continuous__model_linear,contemporaneous_dependency__router__pkt_total__diff1__h0__w0__continuous,linear,contemporaneous,0.999954096915287,0.9989878739068341,-0.0009662230084529488
contemporaneous,1337,contemporaneous_dependency__router__pkt_total__diff1__h0__w0__continuous__model_rf,contemporaneous_dependency__router__pkt_total__diff1__h0__w0__continuous,rf,contemporaneous,1.010048548045327,1.0065902348305809,-0.0034583132147461004
contemporaneous,1337,contemporaneous_dependency__router__tcp_pkt__h0__w0__continuous__model_linear,contemporaneous_dependency__router__tcp_pkt__h0__w0__continuous,linear,contemporaneous,1.0009247541384254,0.9999364182132237,-0.0009883359252017554
contemporaneous,1337,contemporaneous_dependency__router__tcp_pkt__h0__w0__continuous__model_rf,contemporaneous_dependency__router__tcp_pkt__h0__w0__continuous,rf,contemporaneous,1.0205145321040572,1.0062397705015202,-0.014274761602536934
contemporaneous,1337,contemporaneous_dependency__router__udp_pkt__h0__w0__continuous__model_rf,contemporaneous_dependency__router__udp_pkt__h0__w0__continuous,rf,contemporaneous,1.0449345217272703,1.1688886529740083,0.12395413124673804
contemporaneous,1337,contemporaneous_dependency__zigbee__ack__h0__w0__continuous__model_linear,contemporaneous_dependency__zigbee__ack__h0__w0__continuous,linear,contemporaneous,0.9999986882203505,0.9999986882203505,0.0
contemporaneous,1337,contemporaneous_dependency__zigbee__ack__h0__w0__continuous__model_rf,contemporaneous_dependency__zigbee__ack__h0__w0__continuous,rf,contemporaneous,1.0,1.0,0.0
contemporaneous,1337,contemporaneous_dependency__zigbee__ack_rate__h0__w0__continuous__model_linear,contemporaneous_dependency__zigbee__ack_rate__h0__w0__continuous,linear,contemporaneous,1.0013195624333302,1.0258370318716779,0.02451746943834765
contemporaneous,1337,contemporaneous_dependency__zigbee__ack_rate__h0__w0__continuous__model_rf,contemporaneous_dependency__zigbee__ack_rate__h0__w0__continuous,rf,contemporaneous,1.141468553572382,1.958873805719724,0.8174052521473418
contemporaneous,1337,contemporaneous_dependency__zigbee__beacon__h0__w0__active_state__model_linear,contemporaneous_dependency__zigbee__beacon__h0__w0__active_state,linear,contemporaneous,0.9970791661484696,0.9948720420411526,-0.002207124107316938
contemporaneous,1337,contemporaneous_dependency__zigbee__beacon__h0__w0__active_state__model_rf,contemporaneous_dependency__zigbee__beacon__h0__w0__active_state,rf,contemporaneous,1.0811737731793387,1.1302290402634276,0.049055267084088916
contemporaneous,1337,contemporaneous_dependency__zigbee__beacon_rate__h0__w0__active_state__model_rf,contemporaneous_dependency__zigbee__beacon_rate__h0__w0__active_state,rf,contemporaneous,1.3210408760044643,1.7197823020225458,0.3987414260180815
contemporaneous,1337,contemporaneous_dependency__zigbee__bytes_total__h0__w0__continuous__model_linear,contemporaneous_dependency__zigbee__bytes_total__h0__w0__continuous,linear,contemporaneous,1.0000029845027507,1.0000029845027507,0.0
contemporaneous,1337,contemporaneous_dependency__zigbee__bytes_total__h0__w0__continuous__model_rf,contemporaneous_dependency__zigbee__bytes_total__h0__w0__continuous,rf,contemporaneous,1.0,1.0,0.0
contemporaneous,1337,contemporaneous_dependency__zigbee__pkt_total__h0__w0__continuous__model_linear,contemporaneous_dependency__zigbee__pkt_total__h0__w0__continuous,linear,contemporaneous,1.0015477827671906,1.0015477827671906,0.0
contemporaneous,1337,contemporaneous_dependency__zigbee__pkt_total__h0__w0__continuous__model_rf,contemporaneous_dependency__zigbee__pkt_total__h0__w0__continuous,rf,contemporaneous,1.0000000000000016,1.0000000000000016,0.0
contemporaneous,1337,contemporaneous_dependency__zigbee__pps__h0__w0__continuous__model_linear,contemporaneous_dependency__zigbee__pps__h0__w0__continuous,linear,contemporaneous,1.0015477827671906,1.0015477827671906,0.0
contemporaneous,1337,contemporaneous_dependency__zigbee__pps__h0__w0__continuous__model_rf,contemporaneous_dependency__zigbee__pps__h0__w0__continuous,rf,contemporaneous,1.0000000000000007,0.9999999999999992,-1.4432899320127035e-15
contemporaneous,1338,contemporaneous_dependency__iot__smart_plug__sensor__signal_strength__value__h0__w0__continuous__model_linear,contemporaneous_dependency__iot__smart_plug__sensor__signal_strength__value__h0__w0__continuous,linear,contemporaneous,15.50551339167777,15.50551339167777,0.0
contemporaneous,1338,contemporaneous_dependency__iot__smart_plug__sensor__signal_strength__value__h0__w0__continuous__model_rf,contemporaneous_dependency__iot__smart_plug__sensor__signal_strength__value__h0__w0__continuous,rf,contemporaneous,21.596485864324976,21.596485864324976,0.0
contemporaneous,1338,contemporaneous_dependency__iot__smart_plug_ps5__sensor__signal_strength__value__h0__w0__continuous__model_linear,contemporaneous_dependency__iot__smart_plug_ps5__sensor__signal_strength__value__h0__w0__continuous,linear,contemporaneous,4.378135306794965,4.378135306794965,0.0
contemporaneous,1338,contemporaneous_dependency__iot__smart_plug_ps5__sensor__signal_strength__value__h0__w0__continuous__model_rf,contemporaneous_dependency__iot__smart_plug_ps5__sensor__signal_strength__value__h0__w0__continuous,rf,contemporaneous,18.135466476208396,18.135466476208396,0.0
contemporaneous,1338,contemporaneous_dependency__ota24__rssi_n__h0__w0__continuous__model_rf,contemporaneous_dependency__ota24__rssi_n__h0__w0__continuous,rf,contemporaneous,0.9519234647003522,0.9519234647003522,0.0
contemporaneous,1338,contemporaneous_dependency__ota5__bytes_total__h0__w0__continuous__model_linear,contemporaneous_dependency__ota5__bytes_total__h0__w0__continuous,linear,contemporaneous,16.42044301769887,15.933407379967898,-0.4870356377309708
contemporaneous,1338,contemporaneous_dependency__ota5__bytes_total__h0__w0__continuous__model_rf,contemporaneous_dependency__ota5__bytes_total__h0__w0__continuous,rf,contemporaneous,1.0154682289357688,1.005369028978471,-0.01009919995729791
contemporaneous,1338,contemporaneous_dependency__ota5__mgmt__h0__w0__continuous__model_linear,contemporaneous_dependency__ota5__mgmt__h0__w0__continuous,linear,contemporaneous,8.552103630409905,8.563077879813607,0.010974249403702174
contemporaneous,1338,contemporaneous_dependency__ota5__mgmt__h0__w0__continuous__model_rf,contemporaneous_dependency__ota5__mgmt__h0__w0__continuous,rf,contemporaneous,0.994364823185944,0.9944656891340913,0.00010086594814728844
contemporaneous,1338,contemporaneous_dependency__ota5__rssi_n__h0__w0__continuous__model_linear,contemporaneous_dependency__ota5__rssi_n__h0__w0__continuous,linear,contemporaneous,1.0004029384645718,1.0003192512774632,-8.368718710860534e-05
contemporaneous,1338,contemporaneous_dependency__ota5__rssi_n__h0__w0__continuous__model_rf,contemporaneous_dependency__ota5__rssi_n__h0__w0__continuous,rf,contemporaneous,1.0162765224117332,1.0168294978485826,0.0005529754368494011
contemporaneous,1338,contemporaneous_dependency__ota__bytes_total__h0__w0__continuous__model_linear,contemporaneous_dependency__ota__bytes_total__h0__w0__continuous,linear,contemporaneous,17.685943331378866,18.10043873433589,0.4144954029570229
contemporaneous,1338,contemporaneous_dependency__ota__bytes_total__h0__w0__continuous__model_rf,contemporaneous_dependency__ota__bytes_total__h0__w0__continuous,rf,contemporaneous,0.9863591988219451,0.9748266125090704,-0.011532586312874682
contemporaneous,1338,contemporaneous_dependency__ota__data__h0__w0__continuous__model_linear,contemporaneous_dependency__ota__data__h0__w0__continuous,linear,contemporaneous,22.616101929753285,22.616101929753285,0.0
contemporaneous,1338,contemporaneous_dependency__ota__data__h0__w0__continuous__model_rf,contemporaneous_dependency__ota__data__h0__w0__continuous,rf,contemporaneous,0.983434217864404,0.9834342178644044,4.440892098500626e-16
contemporaneous,1338,contemporaneous_dependency__ota__mgmt__h0__w0__continuous__model_linear,contemporaneous_dependency__ota__mgmt__h0__w0__continuous,linear,contemporaneous,1.0000993340742368,1.0032237030469113,0.0031243689726745405
contemporaneous,1338,contemporaneous_dependency__ota__mgmt__h0__w0__continuous__model_rf,contemporaneous_dependency__ota__mgmt__h0__w0__continuous,rf,contemporaneous,1.007087723843981,0.9955634143038554,-0.011524309540125621
contemporaneous,1338,contemporaneous_dependency__ota__pkt_total__h0__w0__continuous__model_linear,contemporaneous_dependency__ota__pkt_total__h0__w0__continuous,linear,contemporaneous,7.6236798684670495,7.7036994004957045,0.08001953202865497
contemporaneous,1338,contemporaneous_dependency__ota__pkt_total__h0__w0__continuous__model_rf,contemporaneous_dependency__ota__pkt_total__h0__w0__continuous,rf,contemporaneous,1.0392579437542526,1.0093023110465242,-0.029955632707728386
contemporaneous,1338,contemporaneous_dependency__router__bytes_total__absdiff1__h0__w0__continuous__model_linear,contemporaneous_dependency__router__bytes_total__absdiff1__h0__w0__continuous,linear,contemporaneous,0.9661461626229375,0.9645232274943648,-0.0016229351285727
contemporaneous,1338,contemporaneous_dependency__router__bytes_total__absdiff1__h0__w0__continuous__model_rf,contemporaneous_dependency__router__bytes_total__absdiff1__h0__w0__continuous,rf,contemporaneous,1.004126594247357,0.9913698023478228,-0.012756791899534159
contemporaneous,1338,contemporaneous_dependency__router__bytes_total__diff1__h0__w0__continuous__model_linear,contemporaneous_dependency__router__bytes_total__diff1__h0__w0__continuous,linear,contemporaneous,0.999850644460716,1.0006769215641518,0.0008262771034357463
contemporaneous,1338,contemporaneous_dependency__router__bytes_total__diff1__h0__w0__continuous__model_rf,contemporaneous_dependency__router__bytes_total__diff1__h0__w0__continuous,rf,contemporaneous,1.0018249996577204,0.9851849390770984,-0.016640060580622063
contemporaneous,1338,contemporaneous_dependency__router__pkt_total__absdiff1__h0__w0__continuous__model_linear,contemporaneous_dependency__router__pkt_total__absdiff1__h0__w0__continuous,linear,contemporaneous,0.9624435488305332,0.9611383581836089,-0.001305190646924248
contemporaneous,1338,contemporaneous_dependency__router__pkt_total__absdiff1__h0__w0__continuous__model_rf,contemporaneous_dependency__router__pkt_total__absdiff1__h0__w0__continuous,rf,contemporaneous,0.9858014979918786,0.9824154014884035,-0.0033860965034751
contemporaneous,1338,contemporaneous_dependency__router__pkt_total__diff1__h0__w0__continuous__model_linear,contemporaneous_dependency__router__pkt_total__diff1__h0__w0__continuous,linear,contemporaneous,0.9995380654393899,0.9998893899234269,0.00035132448403696337
contemporaneous,1338,contemporaneous_dependency__router__pkt_total__diff1__h0__w0__continuous__model_rf,contemporaneous_dependency__router__pkt_total__diff1__h0__w0__continuous,rf,contemporaneous,1.0000927979557594,0.9923321679233137,-0.007760630032445759
contemporaneous,1338,contemporaneous_dependency__router__tcp_pkt__h0__w0__continuous__model_linear,contemporaneous_dependency__router__tcp_pkt__h0__w0__continuous,linear,contemporaneous,1.000771460612219,0.9990458905669661,-0.0017255700452529776
contemporaneous,1338,contemporaneous_dependency__router__tcp_pkt__h0__w0__continuous__model_rf,contemporaneous_dependency__router__tcp_pkt__h0__w0__continuous,rf,contemporaneous,0.9657383152803541,0.982750203479607,0.01701188819925281
contemporaneous,1338,contemporaneous_dependency__router__udp_pkt__h0__w0__continuous__model_rf,contemporaneous_dependency__router__udp_pkt__h0__w0__continuous,rf,contemporaneous,1.0574345897817745,1.2251550897947958,0.1677205000130213
contemporaneous,1338,contemporaneous_dependency__zigbee__ack__h0__w0__continuous__model_linear,contemporaneous_dependency__zigbee__ack__h0__w0__continuous,linear,contemporaneous,1.0000002257539842,1.0000002257539842,0.0
contemporaneous,1338,contemporaneous_dependency__zigbee__ack__h0__w0__continuous__model_rf,contemporaneous_dependency__zigbee__ack__h0__w0__continuous,rf,contemporaneous,1.0,1.0,0.0
contemporaneous,1338,contemporaneous_dependency__zigbee__ack_rate__h0__w0__continuous__model_linear,contemporaneous_dependency__zigbee__ack_rate__h0__w0__continuous,linear,contemporaneous,1.0007785166589613,1.0236526483426618,0.02287413168370045
contemporaneous,1338,contemporaneous_dependency__zigbee__ack_rate__h0__w0__continuous__model_rf,contemporaneous_dependency__zigbee__ack_rate__h0__w0__continuous,rf,contemporaneous,1.154195405358828,1.9617526858449035,0.8075572804860756
contemporaneous,1338,contemporaneous_dependency__zigbee__beacon__h0__w0__active_state__model_linear,contemporaneous_dependency__zigbee__beacon__h0__w0__active_state,linear,contemporaneous,0.997588189582117,0.9959765060457416,-0.001611683536375419
contemporaneous,1338,contemporaneous_dependency__zigbee__beacon__h0__w0__active_state__model_rf,contemporaneous_dependency__zigbee__beacon__h0__w0__active_state,rf,contemporaneous,1.0560588110612426,1.0978441770529268,0.041785365991684253
contemporaneous,1338,contemporaneous_dependency__zigbee__beacon_rate__h0__w0__active_state__model_rf,contemporaneous_dependency__zigbee__beacon_rate__h0__w0__active_state,rf,contemporaneous,1.4565819851514399,1.821692993590821,0.36511100843938116
contemporaneous,1338,contemporaneous_dependency__zigbee__bytes_total__h0__w0__continuous__model_linear,contemporaneous_dependency__zigbee__bytes_total__h0__w0__continuous,linear,contemporaneous,1.0000029154435128,1.0000029154435128,0.0
contemporaneous,1338,contemporaneous_dependency__zigbee__bytes_total__h0__w0__continuous__model_rf,contemporaneous_dependency__zigbee__bytes_total__h0__w0__continuous,rf,contemporaneous,1.0,1.0,0.0
contemporaneous,1338,contemporaneous_dependency__zigbee__pkt_total__h0__w0__continuous__model_linear,contemporaneous_dependency__zigbee__pkt_total__h0__w0__continuous,linear,contemporaneous,1.002803445363759,1.002803445363759,0.0
contemporaneous,1338,contemporaneous_dependency__zigbee__pkt_total__h0__w0__continuous__model_rf,contemporaneous_dependency__zigbee__pkt_total__h0__w0__continuous,rf,contemporaneous,1.000000000000009,0.9999999999999969,-1.2212453270876722e-14
contemporaneous,1338,contemporaneous_dependency__zigbee__pps__h0__w0__continuous__model_linear,contemporaneous_dependency__zigbee__pps__h0__w0__continuous,linear,contemporaneous,1.002803445363759,1.002803445363759,0.0
contemporaneous,1338,contemporaneous_dependency__zigbee__pps__h0__w0__continuous__model_rf,contemporaneous_dependency__zigbee__pps__h0__w0__continuous,rf,contemporaneous,0.9999999999999969,1.0,3.1086244689504383e-15
contemporaneous,1339,contemporaneous_dependency__iot__smart_plug__sensor__signal_strength__value__h0__w0__continuous__model_linear,contemporaneous_dependency__iot__smart_plug__sensor__signal_strength__value__h0__w0__continuous,linear,contemporaneous,15.986801101984318,15.986801101984318,0.0
contemporaneous,1339,contemporaneous_dependency__iot__smart_plug__sensor__signal_strength__value__h0__w0__continuous__model_rf,contemporaneous_dependency__iot__smart_plug__sensor__signal_strength__value__h0__w0__continuous,rf,contemporaneous,21.472027328343813,21.472027328343813,0.0
contemporaneous,1339,contemporaneous_dependency__iot__smart_plug_ps5__sensor__signal_strength__value__h0__w0__continuous__model_linear,contemporaneous_dependency__iot__smart_plug_ps5__sensor__signal_strength__value__h0__w0__continuous,linear,contemporaneous,4.441343267423291,4.441343267423291,0.0
contemporaneous,1339,contemporaneous_dependency__iot__smart_plug_ps5__sensor__signal_strength__value__h0__w0__continuous__model_rf,contemporaneous_dependency__iot__smart_plug_ps5__sensor__signal_strength__value__h0__w0__continuous,rf,contemporaneous,18.91839537751074,18.91839537751074,0.0
contemporaneous,1339,contemporaneous_dependency__ota24__rssi_n__h0__w0__continuous__model_rf,contemporaneous_dependency__ota24__rssi_n__h0__w0__continuous,rf,contemporaneous,0.9733792544542453,0.9733792544542453,0.0
contemporaneous,1339,contemporaneous_dependency__ota5__bytes_total__h0__w0__continuous__model_linear,contemporaneous_dependency__ota5__bytes_total__h0__w0__continuous,linear,contemporaneous,21.278028008977962,20.65649080484207,-0.621537204135894
contemporaneous,1339,contemporaneous_dependency__ota5__bytes_total__h0__w0__continuous__model_rf,contemporaneous_dependency__ota5__bytes_total__h0__w0__continuous,rf,contemporaneous,1.000602002884607,1.0209924138153563,0.020390410930749336
contemporaneous,1339,contemporaneous_dependency__ota5__mgmt__h0__w0__continuous__model_linear,contemporaneous_dependency__ota5__mgmt__h0__w0__continuous,linear,contemporaneous,11.33147867741119,11.33813424188038,0.006655564469189912
contemporaneous,1339,contemporaneous_dependency__ota5__mgmt__h0__w0__continuous__model_rf,contemporaneous_dependency__ota5__mgmt__h0__w0__continuous,rf,contemporaneous,0.9735131718264016,0.9408401909235052,-0.03267298090289639
contemporaneous,1339,contemporaneous_dependency__ota5__rssi_n__h0__w0__continuous__model_linear,contemporaneous_dependency__ota5__rssi_n__h0__w0__continuous,linear,contemporaneous,1.0002341962849792,1.000360583945973,0.00012638766099382082
contemporaneous,1339,contemporaneous_dependency__ota5__rssi_n__h0__w0__continuous__model_rf,contemporaneous_dependency__ota5__rssi_n__h0__w0__continuous,rf,contemporaneous,1.0127845632017305,1.0067689501261574,-0.0060156130755730786
contemporaneous,1339,contemporaneous_dependency__ota__bytes_total__h0__w0__continuous__model_linear,contemporaneous_dependency__ota__bytes_total__h0__w0__continuous,linear,contemporaneous,16.574517875885437,17.501188845422856,0.9266709695374189
contemporaneous,1339,contemporaneous_dependency__ota__bytes_total__h0__w0__continuous__model_rf,contemporaneous_dependency__ota__bytes_total__h0__w0__continuous,rf,contemporaneous,0.9580685622734718,0.9741066776262006,0.01603811535272881
contemporaneous,1339,contemporaneous_dependency__ota__data__h0__w0__continuous__model_linear,contemporaneous_dependency__ota__data__h0__w0__continuous,linear,contemporaneous,25.98022864746884,25.98022864746884,0.0
contemporaneous,1339,contemporaneous_dependency__ota__data__h0__w0__continuous__model_rf,contemporaneous_dependency__ota__data__h0__w0__continuous,rf,contemporaneous,1.083156088341886,1.0831560883418863,2.220446049250313e-16
contemporaneous,1339,contemporaneous_dependency__ota__mgmt__h0__w0__continuous__model_linear,contemporaneous_dependency__ota__mgmt__h0__w0__continuous,linear,contemporaneous,1.000102731530972,1.0038675556829333,0.0037648241519612213
contemporaneous,1339,contemporaneous_dependency__ota__mgmt__h0__w0__continuous__model_rf,contemporaneous_dependency__ota__mgmt__h0__w0__continuous,rf,contemporaneous,0.9986808511725807,0.9833347564947325,-0.015346094677848199
contemporaneous,1339,contemporaneous_dependency__ota__pkt_total__h0__w0__continuous__model_linear,contemporaneous_dependency__ota__pkt_total__h0__w0__continuous,linear,contemporaneous,5.682000060478606,5.718051342573524,0.03605128209491859
contemporaneous,1339,contemporaneous_dependency__ota__pkt_total__h0__w0__continuous__model_rf,contemporaneous_dependency__ota__pkt_total__h0__w0__continuous,rf,contemporaneous,0.92351993087599,0.9758446419592113,0.05232471108322123
contemporaneous,1339,contemporaneous_dependency__router__bytes_total__absdiff1__h0__w0__continuous__model_linear,contemporaneous_dependency__router__bytes_total__absdiff1__h0__w0__continuous,linear,contemporaneous,0.9907684605361742,0.9891350481656649,-0.0016334123705092907
contemporaneous,1339,contemporaneous_dependency__router__bytes_total__absdiff1__h0__w0__continuous__model_rf,contemporaneous_dependency__router__bytes_total__absdiff1__h0__w0__continuous,rf,contemporaneous,1.0138296681418641,1.003955052232904,-0.009874615908960216
contemporaneous,1339,contemporaneous_dependency__router__bytes_total__diff1__h0__w0__continuous__model_linear,contemporaneous_dependency__router__bytes_total__diff1__h0__w0__continuous,linear,contemporaneous,0.9987716195501491,0.9943390033719557,-0.00443261617819346
contemporaneous,1339,contemporaneous_dependency__router__bytes_total__diff1__h0__w0__continuous__model_rf,contemporaneous_dependency__router__bytes_total__diff1__h0__w0__continuous,rf,contemporaneous,1.0154192392706802,1.0128091090559912,-0.0026101302146890326
contemporaneous,1339,contemporaneous_dependency__router__pkt_total__absdiff1__h0__w0__continuous__model_linear,contemporaneous_dependency__router__pkt_total__absdiff1__h0__w0__continuous,linear,contemporaneous,0.9912843563398377,0.9904261645987524,-0.0008581917410852569
contemporaneous,1339,contemporaneous_dependency__router__pkt_total__absdiff1__h0__w0__continuous__model_rf,contemporaneous_dependency__router__pkt_total__absdiff1__h0__w0__continuous,rf,contemporaneous,0.9868451310425074,0.9764323406955044,-0.010412790347002931
contemporaneous,1339,contemporaneous_dependency__router__pkt_total__diff1__h0__w0__continuous__model_linear,contemporaneous_dependency__router__pkt_total__diff1__h0__w0__continuous,linear,contemporaneous,0.9987696090534572,0.9946430889766698,-0.004126520076787488
contemporaneous,1339,contemporaneous_dependency__router__pkt_total__diff1__h0__w0__continuous__model_rf,contemporaneous_dependency__router__pkt_total__diff1__h0__w0__continuous,rf,contemporaneous,1.0085764679491507,1.0125792560389895,0.004002788089838782
contemporaneous,1339,contemporaneous_dependency__router__tcp_pkt__h0__w0__continuous__model_linear,contemporaneous_dependency__router__tcp_pkt__h0__w0__continuous,linear,contemporaneous,1.0005752912176002,0.9993412891384101,-0.0012340020791901107
contemporaneous,1339,contemporaneous_dependency__router__tcp_pkt__h0__w0__continuous__model_rf,contemporaneous_dependency__router__tcp_pkt__h0__w0__continuous,rf,contemporaneous,1.011183801152567,1.0076313247535946,-0.0035524763989722707
contemporaneous,1339,contemporaneous_dependency__router__udp_pkt__h0__w0__continuous__model_rf,contemporaneous_dependency__router__udp_pkt__h0__w0__continuous,rf,contemporaneous,1.002422358465062,1.1095266810841655,0.10710432261910352
contemporaneous,1339,contemporaneous_dependency__zigbee__ack__h0__w0__continuous__model_linear,contemporaneous_dependency__zigbee__ack__h0__w0__continuous,linear,contemporaneous,0.9999989816779346,0.9999989816779346,0.0
contemporaneous,1339,contemporaneous_dependency__zigbee__ack__h0__w0__continuous__model_rf,contemporaneous_dependency__zigbee__ack__h0__w0__continuous,rf,contemporaneous,1.0,1.0,0.0
contemporaneous,1339,contemporaneous_dependency__zigbee__ack_rate__h0__w0__continuous__model_linear,contemporaneous_dependency__zigbee__ack_rate__h0__w0__continuous,linear,contemporaneous,1.000663004459361,1.0229714676583128,0.022308463198951856
contemporaneous,1339,contemporaneous_dependency__zigbee__ack_rate__h0__w0__continuous__model_rf,contemporaneous_dependency__zigbee__ack_rate__h0__w0__continuous,rf,contemporaneous,1.1469733046551258,1.9942098049262444,0.8472365002711186
contemporaneous,1339,contemporaneous_dependency__zigbee__beacon__h0__w0__active_state__model_linear,contemporaneous_dependency__zigbee__beacon__h0__w0__active_state,linear,contemporaneous,0.9971133009703098,0.9947956103689717,-0.0023176906013381293
contemporaneous,1339,contemporaneous_dependency__zigbee__beacon__h0__w0__active_state__model_rf,contemporaneous_dependency__zigbee__beacon__h0__w0__active_state,rf,contemporaneous,1.0646868814795456,1.1099586101117533,0.04527172863220774
contemporaneous,1339,contemporaneous_dependency__zigbee__beacon_rate__h0__w0__active_state__model_rf,contemporaneous_dependency__zigbee__beacon_rate__h0__w0__active_state,rf,contemporaneous,1.3093006330936978,1.109547623973794,-0.1997530091199038
contemporaneous,1339,contemporaneous_dependency__zigbee__bytes_total__h0__w0__continuous__model_linear,contemporaneous_dependency__zigbee__bytes_total__h0__w0__continuous,linear,contemporaneous,1.0000036640429768,1.0000036640429768,0.0
contemporaneous,1339,contemporaneous_dependency__zigbee__bytes_total__h0__w0__continuous__model_rf,contemporaneous_dependency__zigbee__bytes_total__h0__w0__continuous,rf,contemporaneous,1.0,1.0,0.0
contemporaneous,1339,contemporaneous_dependency__zigbee__pkt_total__h0__w0__continuous__model_linear,contemporaneous_dependency__zigbee__pkt_total__h0__w0__continuous,linear,contemporaneous,1.0023595355725674,1.0023595355725674,0.0
contemporaneous,1339,contemporaneous_dependency__zigbee__pkt_total__h0__w0__continuous__model_rf,contemporaneous_dependency__zigbee__pkt_total__h0__w0__continuous,rf,contemporaneous,1.0000000000000024,1.0000000000000024,0.0
contemporaneous,1339,contemporaneous_dependency__zigbee__pps__h0__w0__continuous__model_linear,contemporaneous_dependency__zigbee__pps__h0__w0__continuous,linear,contemporaneous,1.0023595355725674,1.0023595355725674,0.0
contemporaneous,1339,contemporaneous_dependency__zigbee__pps__h0__w0__continuous__model_rf,contemporaneous_dependency__zigbee__pps__h0__w0__continuous,rf,contemporaneous,0.9999999999999974,1.0000000000000029,5.440092820663267e-15
contemporaneous,1340,contemporaneous_dependency__iot__smart_plug__sensor__signal_strength__value__h0__w0__continuous__model_linear,contemporaneous_dependency__iot__smart_plug__sensor__signal_strength__value__h0__w0__continuous,linear,contemporaneous,15.640965808873935,15.640965808873935,0.0
contemporaneous,1340,contemporaneous_dependency__iot__smart_plug__sensor__signal_strength__value__h0__w0__continuous__model_rf,contemporaneous_dependency__iot__smart_plug__sensor__signal_strength__value__h0__w0__continuous,rf,contemporaneous,21.53293705326878,21.53293705326878,0.0
contemporaneous,1340,contemporaneous_dependency__iot__smart_plug_ps5__sensor__signal_strength__value__h0__w0__continuous__model_linear,contemporaneous_dependency__iot__smart_plug_ps5__sensor__signal_strength__value__h0__w0__continuous,linear,contemporaneous,4.190746115494434,4.190746115494434,0.0
contemporaneous,1340,contemporaneous_dependency__iot__smart_plug_ps5__sensor__signal_strength__value__h0__w0__continuous__model_rf,contemporaneous_dependency__iot__smart_plug_ps5__sensor__signal_strength__value__h0__w0__continuous,rf,contemporaneous,17.02407835146969,17.02407835146969,0.0
contemporaneous,1340,contemporaneous_dependency__ota24__rssi_n__h0__w0__continuous__model_rf,contemporaneous_dependency__ota24__rssi_n__h0__w0__continuous,rf,contemporaneous,0.9516569699000559,0.9516569699000559,0.0
contemporaneous,1340,contemporaneous_dependency__ota5__bytes_total__h0__w0__continuous__model_linear,contemporaneous_dependency__ota5__bytes_total__h0__w0__continuous,linear,contemporaneous,18.207526958688344,17.644105486961415,-0.5634214717269295
contemporaneous,1340,contemporaneous_dependency__ota5__bytes_total__h0__w0__continuous__model_rf,contemporaneous_dependency__ota5__bytes_total__h0__w0__continuous,rf,contemporaneous,1.0074283066349994,0.9815748040140264,-0.025853502620972968
contemporaneous,1340,contemporaneous_dependency__ota5__mgmt__h0__w0__continuous__model_linear,contemporaneous_dependency__ota5__mgmt__h0__w0__continuous,linear,contemporaneous,13.152469287839764,13.13373358687162,-0.018735700968145252
contemporaneous,1340,contemporaneous_dependency__ota5__mgmt__h0__w0__continuous__model_rf,contemporaneous_dependency__ota5__mgmt__h0__w0__continuous,rf,contemporaneous,0.9920591205624781,1.0270131651890926,0.034954044626614444
contemporaneous,1340,contemporaneous_dependency__ota5__rssi_n__h0__w0__continuous__model_linear,contemporaneous_dependency__ota5__rssi_n__h0__w0__continuous,linear,contemporaneous,1.0014691124538946,1.0013528594406078,-0.00011625301328677118
contemporaneous,1340,contemporaneous_dependency__ota5__rssi_n__h0__w0__continuous__model_rf,contemporaneous_dependency__ota5__rssi_n__h0__w0__continuous,rf,contemporaneous,0.9999996970254774,0.9999973157153788,-2.381310098664713e-06
contemporaneous,1340,contemporaneous_dependency__ota__bytes_total__h0__w0__continuous__model_linear,contemporaneous_dependency__ota__bytes_total__h0__w0__continuous,linear,contemporaneous,99.93801390736293,98.2696161117926,-1.6683977955703284
contemporaneous,1340,contemporaneous_dependency__ota__bytes_total__h0__w0__continuous__model_rf,contemporaneous_dependency__ota__bytes_total__h0__w0__continuous,rf,contemporaneous,0.9353471774657746,0.9303937842021197,-0.004953393263654848
contemporaneous,1340,contemporaneous_dependency__ota__data__h0__w0__continuous__model_linear,contemporaneous_dependency__ota__data__h0__w0__continuous,linear,contemporaneous,16.90213384178878,16.90213384178878,0.0
contemporaneous,1340,contemporaneous_dependency__ota__data__h0__w0__continuous__model_rf,contemporaneous_dependency__ota__data__h0__w0__continuous,rf,contemporaneous,0.9987343633458785,0.998734363345879,4.440892098500626e-16
contemporaneous,1340,contemporaneous_dependency__ota__mgmt__h0__w0__continuous__model_linear,contemporaneous_dependency__ota__mgmt__h0__w0__continuous,linear,contemporaneous,1.00008014875921,1.0031631199661297,0.0030829712069198045
contemporaneous,1340,contemporaneous_dependency__ota__mgmt__h0__w0__continuous__model_rf,contemporaneous_dependency__ota__mgmt__h0__w0__continuous,rf,contemporaneous,0.9950873042842675,0.9931878676228368,-0.0018994366614306646
contemporaneous,1340,contemporaneous_dependency__ota__pkt_total__h0__w0__continuous__model_linear,contemporaneous_dependency__ota__pkt_total__h0__w0__continuous,linear,contemporaneous,15.275194529953401,15.25451807601488,-0.020676453938520467
contemporaneous,1340,contemporaneous_dependency__ota__pkt_total__h0__w0__continuous__model_rf,contemporaneous_dependency__ota__pkt_total__h0__w0__continuous,rf,contemporaneous,1.029185313031179,1.0209441238787087,-0.008241189152470296
contemporaneous,1340,contemporaneous_dependency__router__bytes_total__absdiff1__h0__w0__continuous__model_linear,contemporaneous_dependency__router__bytes_total__absdiff1__h0__w0__continuous,linear,contemporaneous,0.9552716655125687,0.9536169263829688,-0.0016547391295999025
contemporaneous,1340,contemporaneous_dependency__router__bytes_total__absdiff1__h0__w0__continuous__model_rf,contemporaneous_dependency__router__bytes_total__absdiff1__h0__w0__continuous,rf,contemporaneous,1.0020532585274122,0.9890404172753936,-0.013012841252018625
contemporaneous,1340,contemporaneous_dependency__router__bytes_total__diff1__h0__w0__continuous__model_linear,contemporaneous_dependency__router__bytes_total__diff1__h0__w0__continuous,linear,contemporaneous,1.0007633691328433,1.0043498153026846,0.003586446169841384
contemporaneous,1340,contemporaneous_dependency__router__bytes_total__diff1__h0__w0__continuous__model_rf,contemporaneous_dependency__router__bytes_total__diff1__h0__w0__continuous,rf,contemporaneous,0.9927288856059822,0.9811355938212373,-0.011593291784744886
contemporaneous,1340,contemporaneous_dependency__router__pkt_total__absdiff1__h0__w0__continuous__model_linear,contemporaneous_dependency__router__pkt_total__absdiff1__h0__w0__continuous,linear,contemporaneous,0.9516757226959346,0.9501712571650794,-0.001504465530855148
contemporaneous,1340,contemporaneous_dependency__router__pkt_total__absdiff1__h0__w0__continuous__model_rf,contemporaneous_dependency__router__pkt_total__absdiff1__h0__w0__continuous,rf,contemporaneous,0.9858555360268084,0.9898621918842565,0.004006655857448083
contemporaneous,1340,contemporaneous_dependency__router__pkt_total__diff1__h0__w0__continuous__model_linear,contemporaneous_dependency__router__pkt_total__diff1__h0__w0__continuous,linear,contemporaneous,1.0014945182766375,1.0052724684192038,0.003777950142566322
contemporaneous,1340,contemporaneous_dependency__router__pkt_total__diff1__h0__w0__continuous__model_rf,contemporaneous_dependency__router__pkt_total__diff1__h0__w0__continuous,rf,contemporaneous,1.0013455626590357,0.9966165823010753,-0.004728980357960433
contemporaneous,1340,contemporaneous_dependency__router__tcp_pkt__h0__w0__continuous__model_linear,contemporaneous_dependency__router__tcp_pkt__h0__w0__continuous,linear,contemporaneous,1.0002989943445857,0.9976337341998711,-0.0026652601447145763
contemporaneous,1340,contemporaneous_dependency__router__tcp_pkt__h0__w0__continuous__model_rf,contemporaneous_dependency__router__tcp_pkt__h0__w0__continuous,rf,contemporaneous,0.9735817263478074,0.9797349415434221,0.006153215195614736
contemporaneous,1340,contemporaneous_dependency__router__udp_pkt__h0__w0__continuous__model_rf,contemporaneous_dependency__router__udp_pkt__h0__w0__continuous,rf,contemporaneous,0.9978778371386378,1.1028266600841494,0.10494882294551167
contemporaneous,1340,contemporaneous_dependency__zigbee__ack__h0__w0__continuous__model_linear,contemporaneous_dependency__zigbee__ack__h0__w0__continuous,linear,contemporaneous,0.999999120904652,0.999999120904652,0.0
contemporaneous,1340,contemporaneous_dependency__zigbee__ack__h0__w0__continuous__model_rf,contemporaneous_dependency__zigbee__ack__h0__w0__continuous,rf,contemporaneous,1.0,1.0,0.0
contemporaneous,1340,contemporaneous_dependency__zigbee__ack_rate__h0__w0__continuous__model_linear,contemporaneous_dependency__zigbee__ack_rate__h0__w0__continuous,linear,contemporaneous,1.0008315463932014,1.0245196637899603,0.023688117396758912
contemporaneous,1340,contemporaneous_dependency__zigbee__ack_rate__h0__w0__continuous__model_rf,contemporaneous_dependency__zigbee__ack_rate__h0__w0__continuous,rf,contemporaneous,1.1464264845662682,2.023873617747049,0.8774471331807809
contemporaneous,1340,contemporaneous_dependency__zigbee__beacon__h0__w0__active_state__model_linear,contemporaneous_dependency__zigbee__beacon__h0__w0__active_state,linear,contemporaneous,0.9972533736273534,0.9955243647993333,-0.0017290088280201843
contemporaneous,1340,contemporaneous_dependency__zigbee__beacon__h0__w0__active_state__model_rf,contemporaneous_dependency__zigbee__beacon__h0__w0__active_state,rf,contemporaneous,1.0708452214615432,1.1188172391132236,0.047972017651680465
contemporaneous,1340,contemporaneous_dependency__zigbee__beacon_rate__h0__w0__active_state__model_rf,contemporaneous_dependency__zigbee__beacon_rate__h0__w0__active_state,rf,contemporaneous,0.8872755425594195,0.888824485835433,0.0015489432760135147
contemporaneous,1340,contemporaneous_dependency__zigbee__bytes_total__h0__w0__continuous__model_linear,contemporaneous_dependency__zigbee__bytes_total__h0__w0__continuous,linear,contemporaneous,1.0000015677893588,1.0000015677893588,0.0
contemporaneous,1340,contemporaneous_dependency__zigbee__bytes_total__h0__w0__continuous__model_rf,contemporaneous_dependency__zigbee__bytes_total__h0__w0__continuous,rf,contemporaneous,1.0,1.0,0.0
contemporaneous,1340,contemporaneous_dependency__zigbee__pkt_total__h0__w0__continuous__model_linear,contemporaneous_dependency__zigbee__pkt_total__h0__w0__continuous,linear,contemporaneous,1.000528175664493,1.000528175664493,0.0
contemporaneous,1340,contemporaneous_dependency__zigbee__pkt_total__h0__w0__continuous__model_rf,contemporaneous_dependency__zigbee__pkt_total__h0__w0__continuous,rf,contemporaneous,1.000000000000002,1.0,-1.9984014443252818e-15
contemporaneous,1340,contemporaneous_dependency__zigbee__pps__h0__w0__continuous__model_linear,contemporaneous_dependency__zigbee__pps__h0__w0__continuous,linear,contemporaneous,1.000528175664493,1.000528175664493,0.0
contemporaneous,1340,contemporaneous_dependency__zigbee__pps__h0__w0__continuous__model_rf,contemporaneous_dependency__zigbee__pps__h0__w0__continuous,rf,contemporaneous,0.9999999999999962,1.000000000000004,7.771561172376096e-15
contemporaneous,1341,contemporaneous_dependency__iot__smart_plug__sensor__signal_strength__value__h0__w0__continuous__model_linear,contemporaneous_dependency__iot__smart_plug__sensor__signal_strength__value__h0__w0__continuous,linear,contemporaneous,16.452034735153468,16.452034735153468,0.0
contemporaneous,1341,contemporaneous_dependency__iot__smart_plug__sensor__signal_strength__value__h0__w0__continuous__model_rf,contemporaneous_dependency__iot__smart_plug__sensor__signal_strength__value__h0__w0__continuous,rf,contemporaneous,23.543136768750433,23.543136768750433,0.0
contemporaneous,1341,contemporaneous_dependency__iot__smart_plug_ps5__sensor__signal_strength__value__h0__w0__continuous__model_linear,contemporaneous_dependency__iot__smart_plug_ps5__sensor__signal_strength__value__h0__w0__continuous,linear,contemporaneous,4.304197195723282,4.304197195723282,0.0
contemporaneous,1341,contemporaneous_dependency__iot__smart_plug_ps5__sensor__signal_strength__value__h0__w0__continuous__model_rf,contemporaneous_dependency__iot__smart_plug_ps5__sensor__signal_strength__value__h0__w0__continuous,rf,contemporaneous,16.96776638990324,16.96776638990324,0.0
contemporaneous,1341,contemporaneous_dependency__ota24__rssi_n__h0__w0__continuous__model_rf,contemporaneous_dependency__ota24__rssi_n__h0__w0__continuous,rf,contemporaneous,0.954386719419316,0.954386719419316,0.0
contemporaneous,1341,contemporaneous_dependency__ota5__bytes_total__h0__w0__continuous__model_linear,contemporaneous_dependency__ota5__bytes_total__h0__w0__continuous,linear,contemporaneous,14.611225753529528,14.216392253801807,-0.39483349972772075
contemporaneous,1341,contemporaneous_dependency__ota5__bytes_total__h0__w0__continuous__model_rf,contemporaneous_dependency__ota5__bytes_total__h0__w0__continuous,rf,contemporaneous,1.0154358005039195,1.0025596067977738,-0.012876193706145678
contemporaneous,1341,contemporaneous_dependency__ota5__mgmt__h0__w0__continuous__model_linear,contemporaneous_dependency__ota5__mgmt__h0__w0__continuous,linear,contemporaneous,7.377127173456592,7.341886551439493,-0.0352406220170991
contemporaneous,1341,contemporaneous_dependency__ota5__mgmt__h0__w0__continuous__model_rf,contemporaneous_dependency__ota5__mgmt__h0__w0__continuous,rf,contemporaneous,1.0019301147440214,1.0000907297029733,-0.0018393850410480805
contemporaneous,1341,contemporaneous_dependency__ota5__rssi_n__h0__w0__continuous__model_linear,contemporaneous_dependency__ota5__rssi_n__h0__w0__continuous,linear,contemporaneous,0.9995600926097526,0.9996767464980839,0.000116653888331264
contemporaneous,1341,contemporaneous_dependency__ota5__rssi_n__h0__w0__continuous__model_rf,contemporaneous_dependency__ota5__rssi_n__h0__w0__continuous,rf,contemporaneous,1.0148029208504694,1.0317473834061703,0.016944462555700923
contemporaneous,1341,contemporaneous_dependency__ota__bytes_total__h0__w0__continuous__model_linear,contemporaneous_dependency__ota__bytes_total__h0__w0__continuous,linear,contemporaneous,4.147020737043365,3.8671844821473984,-0.279836254895967
contemporaneous,1341,contemporaneous_dependency__ota__bytes_total__h0__w0__continuous__model_rf,contemporaneous_dependency__ota__bytes_total__h0__w0__continuous,rf,contemporaneous,0.9939094581567676,0.9658618155928393,-0.02804764256392822
contemporaneous,1341,contemporaneous_dependency__ota__data__h0__w0__continuous__model_linear,contemporaneous_dependency__ota__data__h0__w0__continuous,linear,contemporaneous,26.32753415301539,26.32753415301539,0.0
contemporaneous,1341,contemporaneous_dependency__ota__data__h0__w0__continuous__model_rf,contemporaneous_dependency__ota__data__h0__w0__continuous,rf,contemporaneous,1.0293878872723472,1.0293878872723476,4.440892098500626e-16
contemporaneous,1341,contemporaneous_dependency__ota__mgmt__h0__w0__continuous__model_linear,contemporaneous_dependency__ota__mgmt__h0__w0__continuous,linear,contemporaneous,1.0000682658883877,1.0018595037334495,0.0017912378450617439
contemporaneous,1341,contemporaneous_dependency__ota__mgmt__h0__w0__continuous__model_rf,contemporaneous_dependency__ota__mgmt__h0__w0__continuous,rf,contemporaneous,0.9995063339943935,0.9924618994243021,-0.007044434570091407
contemporaneous,1341,contemporaneous_dependency__ota__pkt_total__h0__w0__continuous__model_linear,contemporaneous_dependency__ota__pkt_total__h0__w0__continuous,linear,contemporaneous,9.907739466111273,9.87714489175345,-0.0305945743578242
contemporaneous,1341,contemporaneous_dependency__ota__pkt_total__h0__w0__continuous__model_rf,contemporaneous_dependency__ota__pkt_total__h0__w0__continuous,rf,contemporaneous,1.0376709352942126,1.036553426070746,-0.0011175092234665396
contemporaneous,1341,contemporaneous_dependency__router__bytes_total__absdiff1__h0__w0__continuous__model_linear,contemporaneous_dependency__router__bytes_total__absdiff1__h0__w0__continuous,linear,contemporaneous,0.9630891080386005,0.9616620845207652,-0.001427023517835302
contemporaneous,1341,contemporaneous_dependency__router__bytes_total__absdiff1__h0__w0__continuous__model_rf,contemporaneous_dependency__router__bytes_total__absdiff1__h0__w0__continuous,rf,contemporaneous,0.9958721073828396,0.980036504731186,-0.015835602651653624
contemporaneous,1341,contemporaneous_dependency__router__bytes_total__diff1__h0__w0__continuous__model_linear,contemporaneous_dependency__router__bytes_total__diff1__h0__w0__continuous,linear,contemporaneous,1.0018933127639784,1.0028291219174317,0.0009358091534532598
contemporaneous,1341,contemporaneous_dependency__router__bytes_total__diff1__h0__w0__continuous__model_rf,contemporaneous_dependency__router__bytes_total__diff1__h0__w0__continuous,rf,contemporaneous,1.0076682840289666,1.012765751247705,0.005097467218738494
contemporaneous,1341,contemporaneous_dependency__router__pkt_total__absdiff1__h0__w0__continuous__model_linear,contemporaneous_dependency__router__pkt_total__absdiff1__h0__w0__continuous,linear,contemporaneous,0.95903783267956,0.9577707649264592,-0.0012670677531008145
contemporaneous,1341,contemporaneous_dependency__router__pkt_total__absdiff1__h0__w0__continuous__model_rf,contemporaneous_dependency__router__pkt_total__absdiff1__h0__w0__continuous,rf,contemporaneous,1.003882426075775,0.9924363632999916,-0.011446062775783417
contemporaneous,1341,contemporaneous_dependency__router__pkt_total__diff1__h0__w0__continuous__model_linear,contemporaneous_dependency__router__pkt_total__diff1__h0__w0__continuous,linear,contemporaneous,1.0001935896537095,0.9994493914605896,-0.0007441981931198827
contemporaneous,1341,contemporaneous_dependency__router__pkt_total__diff1__h0__w0__continuous__model_rf,contemporaneous_dependency__router__pkt_total__diff1__h0__w0__continuous,rf,contemporaneous,1.0057255224161228,1.0082697651016272,0.002544242685504461
contemporaneous,1341,contemporaneous_dependency__router__tcp_pkt__h0__w0__continuous__model_linear,contemporaneous_dependency__router__tcp_pkt__h0__w0__continuous,linear,contemporaneous,1.0005030445749576,0.9990007984505831,-0.001502246124374551
contemporaneous,1341,contemporaneous_dependency__router__tcp_pkt__h0__w0__continuous__model_rf,contemporaneous_dependency__router__tcp_pkt__h0__w0__continuous,rf,contemporaneous,1.0202495927376707,0.9992045281428972,-0.02104506459477351
contemporaneous,1341,contemporaneous_dependency__router__udp_pkt__h0__w0__continuous__model_rf,contemporaneous_dependency__router__udp_pkt__h0__w0__continuous,rf,contemporaneous,0.9439019560044812,1.1765108318182238,0.23260887581374257
contemporaneous,1341,contemporaneous_dependency__zigbee__ack__h0__w0__continuous__model_linear,contemporaneous_dependency__zigbee__ack__h0__w0__continuous,linear,contemporaneous,0.9999991559946668,0.9999991559946668,0.0
contemporaneous,1341,contemporaneous_dependency__zigbee__ack__h0__w0__continuous__model_rf,contemporaneous_dependency__zigbee__ack__h0__w0__continuous,rf,contemporaneous,1.0,1.0,0.0
contemporaneous,1341,contemporaneous_dependency__zigbee__ack_rate__h0__w0__continuous__model_linear,contemporaneous_dependency__zigbee__ack_rate__h0__w0__continuous,linear,contemporaneous,1.0010377795183225,1.024518409009014,0.023480629490691518
contemporaneous,1341,contemporaneous_dependency__zigbee__ack_rate__h0__w0__continuous__model_rf,contemporaneous_dependency__zigbee__ack_rate__h0__w0__continuous,rf,contemporaneous,1.1771085937297836,1.9722296697810249,0.7951210760512413
contemporaneous,1341,contemporaneous_dependency__zigbee__beacon__h0__w0__active_state__model_linear,contemporaneous_dependency__zigbee__beacon__h0__w0__active_state,linear,contemporaneous,0.9970600037668456,0.9954071011837624,-0.001652902583083149
contemporaneous,1341,contemporaneous_dependency__zigbee__beacon__h0__w0__active_state__model_rf,contemporaneous_dependency__zigbee__beacon__h0__w0__active_state,rf,contemporaneous,1.0572548219454263,1.144583927321826,0.0873291053763996
contemporaneous,1341,contemporaneous_dependency__zigbee__beacon_rate__h0__w0__active_state__model_rf,contemporaneous_dependency__zigbee__beacon_rate__h0__w0__active_state,rf,contemporaneous,1.1843137886845914,1.3160192538368085,0.13170546515221715
contemporaneous,1341,contemporaneous_dependency__zigbee__bytes_total__h0__w0__continuous__model_linear,contemporaneous_dependency__zigbee__bytes_total__h0__w0__continuous,linear,contemporaneous,1.0000017785339792,1.0000017785339792,0.0
contemporaneous,1341,contemporaneous_dependency__zigbee__bytes_total__h0__w0__continuous__model_rf,contemporaneous_dependency__zigbee__bytes_total__h0__w0__continuous,rf,contemporaneous,1.0,1.0,0.0
contemporaneous,1341,contemporaneous_dependency__zigbee__pkt_total__h0__w0__continuous__model_linear,contemporaneous_dependency__zigbee__pkt_total__h0__w0__continuous,linear,contemporaneous,1.0023266102139794,1.0023266102139794,0.0
contemporaneous,1341,contemporaneous_dependency__zigbee__pkt_total__h0__w0__continuous__model_rf,contemporaneous_dependency__zigbee__pkt_total__h0__w0__continuous,rf,contemporaneous,0.9999999999999988,1.0,1.2212453270876722e-15
contemporaneous,1341,contemporaneous_dependency__zigbee__pps__h0__w0__continuous__model_linear,contemporaneous_dependency__zigbee__pps__h0__w0__continuous,linear,contemporaneous,1.0023266102139794,1.0023266102139794,0.0
contemporaneous,1341,contemporaneous_dependency__zigbee__pps__h0__w0__continuous__model_rf,contemporaneous_dependency__zigbee__pps__h0__w0__continuous,rf,contemporaneous,1.0,0.9999999999999994,-5.551115123125783e-16
temporal,1337,burst__ota5__bytes_total__h0__w30__train_q0.99__model_linear,burst__ota5__bytes_total__h0__w30__train_q0.99,linear,temporal,14.448832665770716,14.16857021225754,-0.2802624535131759
temporal,1337,burst__ota5__bytes_total__h0__w30__train_q0.99__model_rf,burst__ota5__bytes_total__h0__w30__train_q0.99,rf,temporal,0.9826719544495657,1.0257386244184834,0.043066669968917726
temporal,1337,burst__ota5__bytes_total__h0__w60__train_q0.99__model_linear,burst__ota5__bytes_total__h0__w60__train_q0.99,linear,temporal,8.096949704854984,8.018522757872997,-0.07842694698198649
temporal,1337,burst__ota5__bytes_total__h0__w60__train_q0.99__model_rf,burst__ota5__bytes_total__h0__w60__train_q0.99,rf,temporal,0.9571520768027167,1.0105097966695131,0.05335771986679638
temporal,1337,burst__ota__bytes_total__h0__w30__train_q0.99__model_linear,burst__ota__bytes_total__h0__w30__train_q0.99,linear,temporal,1.0957670685372234,1.095568808659445,-0.00019825987777832843
temporal,1337,burst__ota__bytes_total__h0__w30__train_q0.99__model_rf,burst__ota__bytes_total__h0__w30__train_q0.99,rf,temporal,1.01614724806606,0.9634166834186868,-0.052730564647373246
temporal,1337,burst__ota__bytes_total__h0__w60__train_q0.99__model_linear,burst__ota__bytes_total__h0__w60__train_q0.99,linear,temporal,1.2140899690069706,1.2140899690069706,0.0
temporal,1337,burst__ota__bytes_total__h0__w60__train_q0.99__model_rf,burst__ota__bytes_total__h0__w60__train_q0.99,rf,temporal,0.9776318017327446,0.9657276711685744,-0.011904130564170168
temporal,1337,burst__router__bytes_total__absdiff1__h0__w30__train_q0.99__model_linear,burst__router__bytes_total__absdiff1__h0__w30__train_q0.99,linear,temporal,0.9975110445420635,0.9983563104848537,0.0008452659427902187
temporal,1337,burst__router__bytes_total__absdiff1__h0__w30__train_q0.99__model_rf,burst__router__bytes_total__absdiff1__h0__w30__train_q0.99,rf,temporal,0.5817419817150665,0.4979743260208416,-0.08376765569422495
temporal,1337,burst__router__bytes_total__absdiff1__h0__w60__train_q0.99__model_linear,burst__router__bytes_total__absdiff1__h0__w60__train_q0.99,linear,temporal,0.99734280975678,0.9966737865773796,-0.0006690231794004298
temporal,1337,burst__router__bytes_total__absdiff1__h0__w60__train_q0.99__model_rf,burst__router__bytes_total__absdiff1__h0__w60__train_q0.99,rf,temporal,0.6740345746015705,0.6511142263726043,-0.02292034822896616
temporal,1337,burst__router__bytes_total__diff1__h0__w30__train_q0.99__model_linear,burst__router__bytes_total__diff1__h0__w30__train_q0.99,linear,temporal,1.0002217644457536,1.0026738760739697,0.002452111628216125
temporal,1337,burst__router__bytes_total__diff1__h0__w30__train_q0.99__model_rf,burst__router__bytes_total__diff1__h0__w30__train_q0.99,rf,temporal,0.9890555324502004,0.9988709470592845,0.009815414609084083
temporal,1337,burst__router__bytes_total__diff1__h0__w60__train_q0.99__model_linear,burst__router__bytes_total__diff1__h0__w60__train_q0.99,linear,temporal,0.9983703474267196,0.997806210905981,-0.0005641365207386118
temporal,1337,burst__router__bytes_total__diff1__h0__w60__train_q0.99__model_rf,burst__router__bytes_total__diff1__h0__w60__train_q0.99,rf,temporal,1.0031875186160935,0.9994720032314228,-0.0037155153846706312
temporal,1337,burst__router__pkt_total__absdiff1__h0__w30__train_q0.99__model_linear,burst__router__pkt_total__absdiff1__h0__w30__train_q0.99,linear,temporal,1.0017324996896582,1.0001614657896314,-0.0015710339000267748
temporal,1337,burst__router__pkt_total__absdiff1__h0__w30__train_q0.99__model_rf,burst__router__pkt_total__absdiff1__h0__w30__train_q0.99,rf,temporal,0.6250289592383185,0.6284519504218994,0.0034229911835809146
temporal,1337,burst__router__pkt_total__absdiff1__h0__w60__train_q0.99__model_linear,burst__router__pkt_total__absdiff1__h0__w60__train_q0.99,linear,temporal,1.0087267087931464,1.005106364137026,-0.003620344656120489
temporal,1337,burst__router__pkt_total__absdiff1__h0__w60__train_q0.99__model_rf,burst__router__pkt_total__absdiff1__h0__w60__train_q0.99,rf,temporal,0.5267660440081647,0.4999128210711488,-0.02685322293701592
temporal,1337,burst__router__pkt_total__diff1__h0__w30__train_q0.99__model_linear,burst__router__pkt_total__diff1__h0__w30__train_q0.99,linear,temporal,1.0016603104878217,1.0003373565011202,-0.0013229539867014584
temporal,1337,burst__router__pkt_total__diff1__h0__w30__train_q0.99__model_rf,burst__router__pkt_total__diff1__h0__w30__train_q0.99,rf,temporal,0.9899314378826406,0.9932857923203063,0.003354354437665741
temporal,1337,burst__router__pkt_total__diff1__h0__w60__train_q0.99__model_linear,burst__router__pkt_total__diff1__h0__w60__train_q0.99,linear,temporal,0.995014686666392,0.9912295184695408,-0.003785168196851263
temporal,1337,burst__router__pkt_total__diff1__h0__w60__train_q0.99__model_rf,burst__router__pkt_total__diff1__h0__w60__train_q0.99,rf,temporal,0.9954423670350985,0.999201341944895,0.0037589749097964864
temporal,1338,burst__ota5__bytes_total__h0__w30__train_q0.99__model_linear,burst__ota5__bytes_total__h0__w30__train_q0.99,linear,temporal,2.853657614078435,2.853934394663043,0.00027678058460800514
temporal,1338,burst__ota5__bytes_total__h0__w30__train_q0.99__model_rf,burst__ota5__bytes_total__h0__w30__train_q0.99,rf,temporal,0.9988968132863635,0.8981698026639331,-0.10072701062243039
temporal,1338,burst__ota5__bytes_total__h0__w60__train_q0.99__model_linear,burst__ota5__bytes_total__h0__w60__train_q0.99,linear,temporal,1.8619384223577575,1.8619186798283884,-1.9742529369093376e-05
temporal,1338,burst__ota5__bytes_total__h0__w60__train_q0.99__model_rf,burst__ota5__bytes_total__h0__w60__train_q0.99,rf,temporal,1.0789285454118882,1.0088385202519425,-0.07009002515994567
temporal,1338,burst__ota__bytes_total__h0__w30__train_q0.99__model_linear,burst__ota__bytes_total__h0__w30__train_q0.99,linear,temporal,1.0995044286632056,1.0995044286632056,0.0
temporal,1338,burst__ota__bytes_total__h0__w30__train_q0.99__model_rf,burst__ota__bytes_total__h0__w30__train_q0.99,rf,temporal,1.0582914314918024,1.0444622104724213,-0.01382922101938111
temporal,1338,burst__ota__bytes_total__h0__w60__train_q0.99__model_linear,burst__ota__bytes_total__h0__w60__train_q0.99,linear,temporal,1.2087508738458979,1.2087508738458979,0.0
temporal,1338,burst__ota__bytes_total__h0__w60__train_q0.99__model_rf,burst__ota__bytes_total__h0__w60__train_q0.99,rf,temporal,0.9500840606154182,0.9467031541785893,-0.0033809064368288677
temporal,1338,burst__router__bytes_total__absdiff1__h0__w30__train_q0.99__model_linear,burst__router__bytes_total__absdiff1__h0__w30__train_q0.99,linear,temporal,0.9605630726974174,0.9660155936390585,0.00545252094164117
temporal,1338,burst__router__bytes_total__absdiff1__h0__w30__train_q0.99__model_rf,burst__router__bytes_total__absdiff1__h0__w30__train_q0.99,rf,temporal,0.8345644427924818,0.7480040750911423,-0.08656036770133946
temporal,1338,burst__router__bytes_total__absdiff1__h0__w60__train_q0.99__model_linear,burst__router__bytes_total__absdiff1__h0__w60__train_q0.99,linear,temporal,0.9506858744567722,0.9513067225546104,0.0006208480978381337
temporal,1338,burst__router__bytes_total__absdiff1__h0__w60__train_q0.99__model_rf,burst__router__bytes_total__absdiff1__h0__w60__train_q0.99,rf,temporal,0.8353138830119747,0.6497162553261779,-0.1855976276857968
temporal,1338,burst__router__bytes_total__diff1__h0__w30__train_q0.99__model_linear,burst__router__bytes_total__diff1__h0__w30__train_q0.99,linear,temporal,0.989547234945388,1.0290280996412275,0.03948086469583956
temporal,1338,burst__router__bytes_total__diff1__h0__w30__train_q0.99__model_rf,burst__router__bytes_total__diff1__h0__w30__train_q0.99,rf,temporal,0.9313560510862167,0.8851504026548606,-0.046205648431356106
temporal,1338,burst__router__bytes_total__diff1__h0__w60__train_q0.99__model_linear,burst__router__bytes_total__diff1__h0__w60__train_q0.99,linear,temporal,0.9833883654187677,0.9951064787261509,0.011718113307383149
temporal,1338,burst__router__bytes_total__diff1__h0__w60__train_q0.99__model_rf,burst__router__bytes_total__diff1__h0__w60__train_q0.99,rf,temporal,0.9093689719534735,0.777501008986945,-0.13186796296652858
temporal,1338,burst__router__pkt_total__absdiff1__h0__w30__train_q0.99__model_linear,burst__router__pkt_total__absdiff1__h0__w30__train_q0.99,linear,temporal,0.9646858875635614,0.9688915050802474,0.004205617516685911
temporal,1338,burst__router__pkt_total__absdiff1__h0__w30__train_q0.99__model_rf,burst__router__pkt_total__absdiff1__h0__w30__train_q0.99,rf,temporal,0.6730428976593418,0.6150807087554502,-0.0579621889038916
temporal,1338,burst__router__pkt_total__absdiff1__h0__w60__train_q0.99__model_linear,burst__router__pkt_total__absdiff1__h0__w60__train_q0.99,linear,temporal,0.9486819678361961,0.9464939617267751,-0.002188006109420937
temporal,1338,burst__router__pkt_total__absdiff1__h0__w60__train_q0.99__model_rf,burst__router__pkt_total__absdiff1__h0__w60__train_q0.99,rf,temporal,0.6802041425320228,0.5071776866274181,-0.17302645590460464
temporal,1338,burst__router__pkt_total__diff1__h0__w30__train_q0.99__model_linear,burst__router__pkt_total__diff1__h0__w30__train_q0.99,linear,temporal,0.9797683949458862,1.0266703655952831,0.04690197064939694
temporal,1338,burst__router__pkt_total__diff1__h0__w30__train_q0.99__model_rf,burst__router__pkt_total__diff1__h0__w30__train_q0.99,rf,temporal,0.8768192476005171,0.8644333384411622,-0.012385909159354891
temporal,1338,burst__router__pkt_total__diff1__h0__w60__train_q0.99__model_linear,burst__router__pkt_total__diff1__h0__w60__train_q0.99,linear,temporal,1.0181197542021725,1.0078275216492523,-0.010292232552920222
temporal,1338,burst__router__pkt_total__diff1__h0__w60__train_q0.99__model_rf,burst__router__pkt_total__diff1__h0__w60__train_q0.99,rf,temporal,0.8713404311256343,0.8619472754102397,-0.009393155715394563
temporal,1339,burst__ota5__bytes_total__h0__w30__train_q0.99__model_linear,burst__ota5__bytes_total__h0__w30__train_q0.99,linear,temporal,3.553933162345317,3.553933162345317,0.0
temporal,1339,burst__ota5__bytes_total__h0__w30__train_q0.99__model_rf,burst__ota5__bytes_total__h0__w30__train_q0.99,rf,temporal,0.950846892774204,0.9794331878357696,0.028586295061565625
temporal,1339,burst__ota5__bytes_total__h0__w60__train_q0.99__model_linear,burst__ota5__bytes_total__h0__w60__train_q0.99,linear,temporal,3.4444243590830497,3.4444243590830497,0.0
temporal,1339,burst__ota5__bytes_total__h0__w60__train_q0.99__model_rf,burst__ota5__bytes_total__h0__w60__train_q0.99,rf,temporal,1.0072055054400428,0.9571170569165689,-0.05008844852347394
temporal,1339,burst__ota__bytes_total__h0__w30__train_q0.99__model_linear,burst__ota__bytes_total__h0__w30__train_q0.99,linear,temporal,1.0736539153162146,1.0736539153162146,0.0
temporal,1339,burst__ota__bytes_total__h0__w30__train_q0.99__model_rf,burst__ota__bytes_total__h0__w30__train_q0.99,rf,temporal,0.9250772312666289,0.900571042249244,-0.024506189017384883
temporal,1339,burst__ota__bytes_total__h0__w60__train_q0.99__model_linear,burst__ota__bytes_total__h0__w60__train_q0.99,linear,temporal,1.1492124664736372,1.1492124664737855,1.4832579608992091e-13
temporal,1339,burst__ota__bytes_total__h0__w60__train_q0.99__model_rf,burst__ota__bytes_total__h0__w60__train_q0.99,rf,temporal,0.9744459765414525,0.9722001151753894,-0.0022458613660630844
temporal,1339,burst__router__bytes_total__absdiff1__h0__w30__train_q0.99__model_linear,burst__router__bytes_total__absdiff1__h0__w30__train_q0.99,linear,temporal,1.0134341397530666,1.0101124107344452,-0.0033217290186213777
temporal,1339,burst__router__bytes_total__absdiff1__h0__w30__train_q0.99__model_rf,burst__router__bytes_total__absdiff1__h0__w30__train_q0.99,rf,temporal,0.8444229281123987,0.7882126194743105,-0.05621030863808818
temporal,1339,burst__router__bytes_total__absdiff1__h0__w60__train_q0.99__model_linear,burst__router__bytes_total__absdiff1__h0__w60__train_q0.99,linear,temporal,1.0191722724986874,1.0198229659333633,0.0006506934346759419
temporal,1339,burst__router__bytes_total__absdiff1__h0__w60__train_q0.99__model_rf,burst__router__bytes_total__absdiff1__h0__w60__train_q0.99,rf,temporal,0.8755695411534208,0.7948249446868783,-0.08074459646654253
temporal,1339,burst__router__bytes_total__diff1__h0__w30__train_q0.99__model_linear,burst__router__bytes_total__diff1__h0__w30__train_q0.99,linear,temporal,1.0000820536200874,0.9983158145130858,-0.001766239107001577
temporal,1339,burst__router__bytes_total__diff1__h0__w30__train_q0.99__model_rf,burst__router__bytes_total__diff1__h0__w30__train_q0.99,rf,temporal,1.0775191847611512,1.0188692675913549,-0.058649917169796284
temporal,1339,burst__router__bytes_total__diff1__h0__w60__train_q0.99__model_linear,burst__router__bytes_total__diff1__h0__w60__train_q0.99,linear,temporal,0.999720020796971,0.998790244268927,-0.0009297765280439352
temporal,1339,burst__router__bytes_total__diff1__h0__w60__train_q0.99__model_rf,burst__router__bytes_total__diff1__h0__w60__train_q0.99,rf,temporal,0.992433178147676,0.9662802296085139,-0.026152948539162058
temporal,1339,burst__router__pkt_total__absdiff1__h0__w30__train_q0.99__model_linear,burst__router__pkt_total__absdiff1__h0__w30__train_q0.99,linear,temporal,1.0312963510005684,1.0365615806360042,0.005265229635435853
temporal,1339,burst__router__pkt_total__absdiff1__h0__w30__train_q0.99__model_rf,burst__router__pkt_total__absdiff1__h0__w30__train_q0.99,rf,temporal,0.750663302124293,0.7146992072458404,-0.035964094878452646
temporal,1339,burst__router__pkt_total__absdiff1__h0__w60__train_q0.99__model_linear,burst__router__pkt_total__absdiff1__h0__w60__train_q0.99,linear,temporal,1.047931046710002,1.0470680715386798,-0.0008629751713222777
temporal,1339,burst__router__pkt_total__absdiff1__h0__w60__train_q0.99__model_rf,burst__router__pkt_total__absdiff1__h0__w60__train_q0.99,rf,temporal,0.9461574284997205,0.8215641487793676,-0.12459327972035295
temporal,1339,burst__router__pkt_total__diff1__h0__w30__train_q0.99__model_linear,burst__router__pkt_total__diff1__h0__w30__train_q0.99,linear,temporal,1.001358065813888,1.0005585418581855,-0.0007995239557025968
temporal,1339,burst__router__pkt_total__diff1__h0__w30__train_q0.99__model_rf,burst__router__pkt_total__diff1__h0__w30__train_q0.99,rf,temporal,0.9447647552152616,1.0952908810943145,0.1505261258790529
temporal,1339,burst__router__pkt_total__diff1__h0__w60__train_q0.99__model_linear,burst__router__pkt_total__diff1__h0__w60__train_q0.99,linear,temporal,0.9992749265221501,0.9988045714646506,-0.00047035505749948303
temporal,1339,burst__router__pkt_total__diff1__h0__w60__train_q0.99__model_rf,burst__router__pkt_total__diff1__h0__w60__train_q0.99,rf,temporal,0.9603837066405199,1.0496300529557014,0.08924634631518158
temporal,1340,burst__ota5__bytes_total__h0__w30__train_q0.99__model_linear,burst__ota5__bytes_total__h0__w30__train_q0.99,linear,temporal,5.18282887750427,5.182828947167978,6.966370769134755e-08
temporal,1340,burst__ota5__bytes_total__h0__w30__train_q0.99__model_rf,burst__ota5__bytes_total__h0__w30__train_q0.99,rf,temporal,1.0052049175169016,0.9580683331657643,-0.04713658435113721
temporal,1340,burst__ota5__bytes_total__h0__w60__train_q0.99__model_linear,burst__ota5__bytes_total__h0__w60__train_q0.99,linear,temporal,4.217062047015618,4.217059310651834,-2.736363784450191e-06
temporal,1340,burst__ota5__bytes_total__h0__w60__train_q0.99__model_rf,burst__ota5__bytes_total__h0__w60__train_q0.99,rf,temporal,0.9487134709710474,0.942652711116978,-0.0060607598540693974
temporal,1340,burst__ota__bytes_total__h0__w30__train_q0.99__model_linear,burst__ota__bytes_total__h0__w30__train_q0.99,linear,temporal,1.0956936953279615,1.0956936953279615,0.0
temporal,1340,burst__ota__bytes_total__h0__w30__train_q0.99__model_rf,burst__ota__bytes_total__h0__w30__train_q0.99,rf,temporal,1.0350523109082286,1.1094167427941093,0.07436443188588071
temporal,1340,burst__ota__bytes_total__h0__w60__train_q0.99__model_linear,burst__ota__bytes_total__h0__w60__train_q0.99,linear,temporal,1.2113070212520634,1.2113070212520634,0.0
temporal,1340,burst__ota__bytes_total__h0__w60__train_q0.99__model_rf,burst__ota__bytes_total__h0__w60__train_q0.99,rf,temporal,0.9742717471849587,0.9611307239287896,-0.01314102325616906
temporal,1340,burst__router__bytes_total__absdiff1__h0__w30__train_q0.99__model_linear,burst__router__bytes_total__absdiff1__h0__w30__train_q0.99,linear,temporal,0.8119381331818046,0.8073410179932046,-0.004597115188600065
temporal,1340,burst__router__bytes_total__absdiff1__h0__w30__train_q0.99__model_rf,burst__router__bytes_total__absdiff1__h0__w30__train_q0.99,rf,temporal,0.6721309956766316,0.7470259471864272,0.07489495150979564
temporal,1340,burst__router__bytes_total__absdiff1__h0__w60__train_q0.99__model_linear,burst__router__bytes_total__absdiff1__h0__w60__train_q0.99,linear,temporal,0.8370833808399528,0.8391272732548348,0.0020438924148820092
temporal,1340,burst__router__bytes_total__absdiff1__h0__w60__train_q0.99__model_rf,burst__router__bytes_total__absdiff1__h0__w60__train_q0.99,rf,temporal,0.7571397280435502,0.7974319502537903,0.04029222221024009
temporal,1340,burst__router__bytes_total__diff1__h0__w30__train_q0.99__model_linear,burst__router__bytes_total__diff1__h0__w30__train_q0.99,linear,temporal,1.041041382398265,1.0401656496608875,-0.0008757327373773993
temporal,1340,burst__router__bytes_total__diff1__h0__w30__train_q0.99__model_rf,burst__router__bytes_total__diff1__h0__w30__train_q0.99,rf,temporal,0.7380684134336577,0.6348094413700401,-0.10325897206361756
temporal,1340,burst__router__bytes_total__diff1__h0__w60__train_q0.99__model_linear,burst__router__bytes_total__diff1__h0__w60__train_q0.99,linear,temporal,0.9984653896296265,1.0003987635837146,0.0019333739540881023
temporal,1340,burst__router__bytes_total__diff1__h0__w60__train_q0.99__model_rf,burst__router__bytes_total__diff1__h0__w60__train_q0.99,rf,temporal,0.7250621836254387,0.7121769960333252,-0.012885187592113545
temporal,1340,burst__router__pkt_total__absdiff1__h0__w30__train_q0.99__model_linear,burst__router__pkt_total__absdiff1__h0__w30__train_q0.99,linear,temporal,0.8156268833338887,0.8026676609974293,-0.012959222336459408
temporal,1340,burst__router__pkt_total__absdiff1__h0__w30__train_q0.99__model_rf,burst__router__pkt_total__absdiff1__h0__w30__train_q0.99,rf,temporal,0.7060688224004661,0.7913778257598247,0.08530900335935865
temporal,1340,burst__router__pkt_total__absdiff1__h0__w60__train_q0.99__model_linear,burst__router__pkt_total__absdiff1__h0__w60__train_q0.99,linear,temporal,0.8247918402634733,0.8244684918989471,-0.0003233483645261881
temporal,1340,burst__router__pkt_total__absdiff1__h0__w60__train_q0.99__model_rf,burst__router__pkt_total__absdiff1__h0__w60__train_q0.99,rf,temporal,0.8576671755378872,0.9428889246512416,0.08522174911335445
temporal,1340,burst__router__pkt_total__diff1__h0__w30__train_q0.99__model_linear,burst__router__pkt_total__diff1__h0__w30__train_q0.99,linear,temporal,0.9978154122463518,0.9974984400619684,-0.0003169721843834239
temporal,1340,burst__router__pkt_total__diff1__h0__w30__train_q0.99__model_rf,burst__router__pkt_total__diff1__h0__w30__train_q0.99,rf,temporal,0.9910752892932957,1.0403540820535861,0.04927879276029046
temporal,1340,burst__router__pkt_total__diff1__h0__w60__train_q0.99__model_linear,burst__router__pkt_total__diff1__h0__w60__train_q0.99,linear,temporal,1.0006557394118278,1.0014232500496205,0.0007675106377926788
temporal,1340,burst__router__pkt_total__diff1__h0__w60__train_q0.99__model_rf,burst__router__pkt_total__diff1__h0__w60__train_q0.99,rf,temporal,0.9590854615910821,1.0487510935669004,0.08966563197581834
temporal,1341,burst__ota5__bytes_total__h0__w30__train_q0.99__model_linear,burst__ota5__bytes_total__h0__w30__train_q0.99,linear,temporal,2.523271511772225,2.325213623599993,-0.1980578881722317
temporal,1341,burst__ota5__bytes_total__h0__w30__train_q0.99__model_rf,burst__ota5__bytes_total__h0__w30__train_q0.99,rf,temporal,1.0103434062866345,0.969978935844048,-0.04036447044258651
temporal,1341,burst__ota5__bytes_total__h0__w60__train_q0.99__model_linear,burst__ota5__bytes_total__h0__w60__train_q0.99,linear,temporal,1.4522199033897645,1.451070061130731,-0.0011498422590334734
temporal,1341,burst__ota5__bytes_total__h0__w60__train_q0.99__model_rf,burst__ota5__bytes_total__h0__w60__train_q0.99,rf,temporal,0.9847088793519788,0.9578429594631563,-0.026865919888822476
temporal,1341,burst__ota__bytes_total__h0__w30__train_q0.99__model_linear,burst__ota__bytes_total__h0__w30__train_q0.99,linear,temporal,1.0985537429428964,1.0985537429428964,0.0
temporal,1341,burst__ota__bytes_total__h0__w30__train_q0.99__model_rf,burst__ota__bytes_total__h0__w30__train_q0.99,rf,temporal,0.8882693634186709,0.8786209126148,-0.00964845080387089
temporal,1341,burst__ota__bytes_total__h0__w60__train_q0.99__model_linear,burst__ota__bytes_total__h0__w60__train_q0.99,linear,temporal,1.2098677628262222,1.2098677628262222,0.0
temporal,1341,burst__ota__bytes_total__h0__w60__train_q0.99__model_rf,burst__ota__bytes_total__h0__w60__train_q0.99,rf,temporal,0.917343343958361,0.9038147744577657,-0.013528569500595333
temporal,1341,burst__router__bytes_total__absdiff1__h0__w30__train_q0.99__model_linear,burst__router__bytes_total__absdiff1__h0__w30__train_q0.99,linear,temporal,0.7995949025519383,0.8045151746454666,0.0049202720935282995
temporal,1341,burst__router__bytes_total__absdiff1__h0__w30__train_q0.99__model_rf,burst__router__bytes_total__absdiff1__h0__w30__train_q0.99,rf,temporal,0.7005233465501256,0.6088089936165435,-0.0917143529335821
temporal,1341,burst__router__bytes_total__absdiff1__h0__w60__train_q0.99__model_linear,burst__router__bytes_total__absdiff1__h0__w60__train_q0.99,linear,temporal,0.8955439990826922,0.8949125283742922,-0.0006314707083999727
temporal,1341,burst__router__bytes_total__absdiff1__h0__w60__train_q0.99__model_rf,burst__router__bytes_total__absdiff1__h0__w60__train_q0.99,rf,temporal,0.8292364234568361,0.8125774761642839,-0.01665894729255224
temporal,1341,burst__router__bytes_total__diff1__h0__w30__train_q0.99__model_linear,burst__router__bytes_total__diff1__h0__w30__train_q0.99,linear,temporal,1.0018133909989013,1.0069098970015673,0.005096506002665979
temporal,1341,burst__router__bytes_total__diff1__h0__w30__train_q0.99__model_rf,burst__router__bytes_total__diff1__h0__w30__train_q0.99,rf,temporal,0.9133793835838895,0.7696763586947432,-0.14370302488914632
temporal,1341,burst__router__bytes_total__diff1__h0__w60__train_q0.99__model_linear,burst__router__bytes_total__diff1__h0__w60__train_q0.99,linear,temporal,0.9983795040798844,1.0006552957758794,0.002275791695995011
temporal,1341,burst__router__bytes_total__diff1__h0__w60__train_q0.99__model_rf,burst__router__bytes_total__diff1__h0__w60__train_q0.99,rf,temporal,0.8522194001432136,0.7342204864992875,-0.11799891364392612
temporal,1341,burst__router__pkt_total__absdiff1__h0__w30__train_q0.99__model_linear,burst__router__pkt_total__absdiff1__h0__w30__train_q0.99,linear,temporal,0.8137252423362198,0.8185779610610338,0.004852718724813965
temporal,1341,burst__router__pkt_total__absdiff1__h0__w30__train_q0.99__model_rf,burst__router__pkt_total__absdiff1__h0__w30__train_q0.99,rf,temporal,0.8684276910143727,0.8849759759310393,0.0165482849166666
temporal,1341,burst__router__pkt_total__absdiff1__h0__w60__train_q0.99__model_linear,burst__router__pkt_total__absdiff1__h0__w60__train_q0.99,linear,temporal,0.9216936888652942,0.9201366497118821,-0.0015570391534120986
temporal,1341,burst__router__pkt_total__absdiff1__h0__w60__train_q0.99__model_rf,burst__router__pkt_total__absdiff1__h0__w60__train_q0.99,rf,temporal,0.9233280882357583,0.9168635234803962,-0.006464564755362057
temporal,1341,burst__router__pkt_total__diff1__h0__w30__train_q0.99__model_linear,burst__router__pkt_total__diff1__h0__w30__train_q0.99,linear,temporal,1.0051500366231245,1.0034719587354293,-0.0016780778876952507
temporal,1341,burst__router__pkt_total__diff1__h0__w30__train_q0.99__model_rf,burst__router__pkt_total__diff1__h0__w30__train_q0.99,rf,temporal,0.8993565148209021,0.7551782696503121,-0.14417824517058997
temporal,1341,burst__router__pkt_total__diff1__h0__w60__train_q0.99__model_linear,burst__router__pkt_total__diff1__h0__w60__train_q0.99,linear,temporal,0.9992729532373024,0.9969676143688808,-0.002305338868421547
temporal,1341,burst__router__pkt_total__diff1__h0__w60__train_q0.99__model_rf,burst__router__pkt_total__diff1__h0__w60__train_q0.99,rf,temporal,0.949587055488767,0.8356435884276879,-0.11394346706107905
