protocol_hash,scenario_id,fixture_seed,expected_permission,expected_outcome,expected_failure_stage,mixed_failure,claim_kind,suite,capability,instrument_valid,task_admitted_count,stage2_estimable,stage3_reference_viability_ok,stage3_relative_property_licensed,stage3_property_licensed,source_valid,source_failure_type,resolution_available,observed_permission,observed_outcome,observed_failure_stage,absolute_skill_outcome,permission_correct,outcome_correct,full_label_correct,failure_stage_correct,diagnostic_failures,utility_geometric_mean_loss_ratio,utility_ci_lo,utility_ci_hi,c2st_excess_estimate,c2st_excess_ci_lo,c2st_excess_ci_hi,candidate_peak_auc,anchor_peak_auc
56671d836844cd549869ef5fb0ec2c4c7e9f240f26176af245fad12b4c0e38d0,KT01,1101,ADMISSIBLE,LICENSED_NONINFERIOR,0,False,utility,contemporaneous,contemporaneous_dependency|iot_power,True,4,True,True,True,True,True,,True,ADMISSIBLE,LICENSED_NONINFERIOR,0,LICENSED_NONINFERIOR,True,True,True,True,,1.0157526460150503,1.0060910921792843,1.0259085010105642,,,,,
56671d836844cd549869ef5fb0ec2c4c7e9f240f26176af245fad12b4c0e38d0,KT02,1101,ADMISSIBLE,LICENSED_INFERIOR,0,False,utility,contemporaneous,contemporaneous_dependency|iot_power,True,4,True,True,True,True,True,,True,ADMISSIBLE,LICENSED_INFERIOR,0,LICENSED_INFERIOR,True,True,True,True,,35.509685117431204,34.574383330725034,36.45760320854822,,,,,
56671d836844cd549869ef5fb0ec2c4c7e9f240f26176af245fad12b4c0e38d0,KT03,1101,INSTRUMENT_INVALID,NOT_APPLICABLE,1,False,utility,contemporaneous,contemporaneous_dependency|iot_power,False,4,True,True,True,True,True,,True,INSTRUMENT_INVALID,NOT_APPLICABLE,1,LICENSED_NONINFERIOR,True,True,True,True,instrument_invalid,1.0157526460150503,1.0060910921792843,1.0259085010105642,,,,,
56671d836844cd549869ef5fb0ec2c4c7e9f240f26176af245fad12b4c0e38d0,KT04,1101,INSTRUMENT_INVALID,NOT_APPLICABLE,1,False,utility,temporal,forecast|router_bytes,False,4,True,True,True,True,True,,True,INSTRUMENT_INVALID,NOT_APPLICABLE,1,LICENSED_NONINFERIOR,True,True,True,True,instrument_invalid,1.003937788724399,1.0016716709309272,1.0063787416778012,,,,,
56671d836844cd549869ef5fb0ec2c4c7e9f240f26176af245fad12b4c0e38d0,KT05,1101,NOT_ESTIMABLE,NOT_APPLICABLE,2,False,utility,contemporaneous,contemporaneous_dependency|iot_power,True,0,False,False,False,False,True,,True,NOT_ESTIMABLE,NOT_APPLICABLE,2,NOT_ESTIMABLE,True,True,True,True,not_estimable|property_unlicensed,,,,,,,,
56671d836844cd549869ef5fb0ec2c4c7e9f240f26176af245fad12b4c0e38d0,KT06,1101,NOT_ESTIMABLE,NOT_APPLICABLE,2,False,utility,temporal,event_onset|zigbee_events,True,0,False,False,False,False,True,,True,NOT_ESTIMABLE,NOT_APPLICABLE,2,NOT_ESTIMABLE,True,True,True,True,not_estimable|property_unlicensed,,,,,,,,
56671d836844cd549869ef5fb0ec2c4c7e9f240f26176af245fad12b4c0e38d0,KT07,1101,ADMISSIBLE,LICENSED_NONINFERIOR,0,False,utility,contemporaneous,contemporaneous_dependency|iot_power,True,4,True,True,True,True,True,,True,ADMISSIBLE,LICENSED_NONINFERIOR,0,LICENSED_NONINFERIOR,True,True,True,True,,1.0407766003113266,1.0156466682544036,1.0668075056586226,,,,,
56671d836844cd549869ef5fb0ec2c4c7e9f240f26176af245fad12b4c0e38d0,KT08,1101,PROPERTY_UNLICENSED,NOT_APPLICABLE,3,False,utility,temporal,forecast|nominal_non_temporal_power,True,2,True,True,False,False,True,,True,PROPERTY_UNLICENSED,NOT_APPLICABLE,3,LICENSED_NONINFERIOR,True,True,True,True,property_unlicensed,1.0172242974913708,1.0059465675491692,1.0299399214879799,,,,,
56671d836844cd549869ef5fb0ec2c4c7e9f240f26176af245fad12b4c0e38d0,KT09,1101,ADMISSIBLE,LICENSED_NONINFERIOR,0,False,utility,temporal,forecast|router_bytes,True,4,True,True,True,True,True,,True,ADMISSIBLE,LICENSED_NONINFERIOR,0,LICENSED_NONINFERIOR,True,True,True,True,,1.003937788724399,1.0016716709309272,1.0063787416778012,,,,,
56671d836844cd549869ef5fb0ec2c4c7e9f240f26176af245fad12b4c0e38d0,KT10,1101,PROPERTY_UNLICENSED,NOT_APPLICABLE,3,False,utility,contemporaneous,contemporaneous_dependency|regime_power,True,2,True,False,True,False,True,,True,PROPERTY_UNLICENSED,NOT_APPLICABLE,3,LICENSED_NONINFERIOR,True,True,True,True,property_unlicensed,1.0093648044087922,1.0026008013485264,1.016149761366718,,,,,
56671d836844cd549869ef5fb0ec2c4c7e9f240f26176af245fad12b4c0e38d0,KT11,1101,SOURCE_INVALID,NOT_APPLICABLE,4,False,utility,contemporaneous,contemporaneous_dependency|iot_power,True,4,True,True,True,True,False,SOURCE_INVALID,True,SOURCE_INVALID,NOT_APPLICABLE,4,LICENSED_INFERIOR,True,True,True,True,source_invalid|empirical_support_violation,112.55490688420797,110.31967526035108,114.77388900349202,,,,,
56671d836844cd549869ef5fb0ec2c4c7e9f240f26176af245fad12b4c0e38d0,KT12,1101,FIT_INVALID,NOT_APPLICABLE,4,False,utility,contemporaneous,contemporaneous_dependency|iot_power,True,4,True,True,True,True,False,FIT_INVALID,True,FIT_INVALID,NOT_APPLICABLE,4,LICENSED_INFERIOR,True,True,True,True,fit_invalid|modeled_variation_collapse|p95_activity_rate_error|maximum_activity_rate_error,35.052369508894266,34.197010723024476,35.928580536438076,,,,,
56671d836844cd549869ef5fb0ec2c4c7e9f240f26176af245fad12b4c0e38d0,KT13,1101,FIT_INVALID,NOT_APPLICABLE,4,False,utility,contemporaneous,contemporaneous_dependency|iot_power,True,4,True,True,True,True,False,FIT_INVALID,True,FIT_INVALID,NOT_APPLICABLE,4,LICENSED_NONINFERIOR,True,True,True,True,fit_invalid|empirical_support_violation|mean_activity_rate_error|p95_activity_rate_error|maximum_activity_rate_error,46.73806945973593,45.64247202145877,47.877196387173306,,,,,
56671d836844cd549869ef5fb0ec2c4c7e9f240f26176af245fad12b4c0e38d0,KT14,1101,NOT_ESTIMABLE,NOT_ESTIMABLE,2,False,closeness,contemporaneous,contemporaneous_dependency|iot_power,True,4,True,True,True,True,True,,False,NOT_ESTIMABLE,NOT_ESTIMABLE,2,NOT_ESTIMABLE,True,True,True,True,not_estimable,,,,0.0,0.0,0.0,1.0,1.0
56671d836844cd549869ef5fb0ec2c4c7e9f240f26176af245fad12b4c0e38d0,KT15,1101,INSTRUMENT_INVALID,NOT_APPLICABLE,1,True,utility,temporal,forecast|nominal_non_temporal_power,False,2,True,True,False,False,False,SOURCE_INVALID,True,INSTRUMENT_INVALID,NOT_APPLICABLE,1,LICENSED_INFERIOR,True,True,True,True,instrument_invalid|property_unlicensed|source_invalid|empirical_support_violation,112.50736332292503,108.8445966467091,115.28343102263766,,,,,
56671d836844cd549869ef5fb0ec2c4c7e9f240f26176af245fad12b4c0e38d0,KT16,1101,NOT_ESTIMABLE,NOT_APPLICABLE,2,True,utility,contemporaneous,contemporaneous_dependency|iot_power,True,0,False,False,False,False,False,SOURCE_INVALID,True,NOT_ESTIMABLE,NOT_APPLICABLE,2,NOT_ESTIMABLE,True,True,True,True,not_estimable|property_unlicensed|source_invalid|empirical_support_violation,,,,,,,,
56671d836844cd549869ef5fb0ec2c4c7e9f240f26176af245fad12b4c0e38d0,KT17,1101,PROPERTY_UNLICENSED,NOT_APPLICABLE,3,True,utility,temporal,forecast|nominal_non_temporal_power,True,2,True,True,False,False,False,SOURCE_INVALID,True,PROPERTY_UNLICENSED,NOT_APPLICABLE,3,LICENSED_INFERIOR,True,True,True,True,property_unlicensed|source_invalid|empirical_support_violation,112.50736332292503,108.8445966467091,115.28343102263766,,,,,
56671d836844cd549869ef5fb0ec2c4c7e9f240f26176af245fad12b4c0e38d0,KT18,1101,ADMISSIBLE,LICENSED_NONINFERIOR,0,False,utility,contemporaneous,contemporaneous_dependency|regime_power,True,2,True,True,True,True,True,,True,ADMISSIBLE,LICENSED_NONINFERIOR,0,LICENSED_NONINFERIOR,True,True,True,True,,1.012932991992707,1.0050916855893397,1.020883991043184,,,,,
56671d836844cd549869ef5fb0ec2c4c7e9f240f26176af245fad12b4c0e38d0,KT01,1201,ADMISSIBLE,LICENSED_NONINFERIOR,0,False,utility,contemporaneous,contemporaneous_dependency|iot_power,True,4,True,True,True,True,True,,True,ADMISSIBLE,LICENSED_NONINFERIOR,0,LICENSED_NONINFERIOR,True,True,True,True,,1.0170216754901684,1.0065824474295724,1.0275291130017066,,,,,
56671d836844cd549869ef5fb0ec2c4c7e9f240f26176af245fad12b4c0e38d0,KT02,1201,ADMISSIBLE,LICENSED_INFERIOR,0,False,utility,contemporaneous,contemporaneous_dependency|iot_power,True,4,True,True,True,True,True,,True,ADMISSIBLE,LICENSED_INFERIOR,0,LICENSED_INFERIOR,True,True,True,True,,35.32955371070886,34.46568061354716,36.21816273071407,,,,,
56671d836844cd549869ef5fb0ec2c4c7e9f240f26176af245fad12b4c0e38d0,KT03,1201,INSTRUMENT_INVALID,NOT_APPLICABLE,1,False,utility,contemporaneous,contemporaneous_dependency|iot_power,False,4,True,True,True,True,True,,True,INSTRUMENT_INVALID,NOT_APPLICABLE,1,LICENSED_NONINFERIOR,True,True,True,True,instrument_invalid,1.0170216754901684,1.0065824474295724,1.0275291130017068,,,,,
56671d836844cd549869ef5fb0ec2c4c7e9f240f26176af245fad12b4c0e38d0,KT04,1201,INSTRUMENT_INVALID,NOT_APPLICABLE,1,False,utility,temporal,forecast|router_bytes,False,4,True,True,True,True,True,,True,INSTRUMENT_INVALID,NOT_APPLICABLE,1,LICENSED_NONINFERIOR,True,True,True,True,instrument_invalid,1.0048916617569754,1.002142098563381,1.0077449477654778,,,,,
56671d836844cd549869ef5fb0ec2c4c7e9f240f26176af245fad12b4c0e38d0,KT05,1201,NOT_ESTIMABLE,NOT_APPLICABLE,2,False,utility,contemporaneous,contemporaneous_dependency|iot_power,True,0,False,False,False,False,True,,True,NOT_ESTIMABLE,NOT_APPLICABLE,2,NOT_ESTIMABLE,True,True,True,True,not_estimable|property_unlicensed,,,,,,,,
56671d836844cd549869ef5fb0ec2c4c7e9f240f26176af245fad12b4c0e38d0,KT06,1201,NOT_ESTIMABLE,NOT_APPLICABLE,2,False,utility,temporal,event_onset|zigbee_events,True,0,False,False,False,False,True,,True,NOT_ESTIMABLE,NOT_APPLICABLE,2,NOT_ESTIMABLE,True,True,True,True,not_estimable|property_unlicensed,,,,,,,,
56671d836844cd549869ef5fb0ec2c4c7e9f240f26176af245fad12b4c0e38d0,KT07,1201,ADMISSIBLE,LICENSED_NONINFERIOR,0,False,utility,contemporaneous,contemporaneous_dependency|iot_power,True,4,True,True,True,True,True,,True,ADMISSIBLE,LICENSED_NONINFERIOR,0,LICENSED_NONINFERIOR,True,True,True,True,,1.0434869128025408,1.016957247891045,1.0710910744317017,,,,,
56671d836844cd549869ef5fb0ec2c4c7e9f240f26176af245fad12b4c0e38d0,KT08,1201,PROPERTY_UNLICENSED,NOT_APPLICABLE,3,False,utility,temporal,forecast|nominal_non_temporal_power,True,2,True,True,False,False,True,,True,PROPERTY_UNLICENSED,NOT_APPLICABLE,3,LICENSED_NONINFERIOR,True,True,True,True,property_unlicensed,1.0182119610274927,1.0062088542291097,1.0310136876436689,,,,,
56671d836844cd549869ef5fb0ec2c4c7e9f240f26176af245fad12b4c0e38d0,KT09,1201,ADMISSIBLE,LICENSED_NONINFERIOR,0,False,utility,temporal,forecast|router_bytes,True,4,True,True,True,True,True,,True,ADMISSIBLE,LICENSED_NONINFERIOR,0,LICENSED_NONINFERIOR,True,True,True,True,,1.0048916617569754,1.002142098563381,1.0077449477654778,,,,,
56671d836844cd549869ef5fb0ec2c4c7e9f240f26176af245fad12b4c0e38d0,KT10,1201,PROPERTY_UNLICENSED,NOT_APPLICABLE,3,False,utility,contemporaneous,contemporaneous_dependency|regime_power,True,2,True,False,True,False,True,,True,PROPERTY_UNLICENSED,NOT_APPLICABLE,3,LICENSED_NONINFERIOR,True,True,True,True,property_unlicensed,1.0112393431886642,1.0051475019706013,1.0175198496267113,,,,,
56671d836844cd549869ef5fb0ec2c4c7e9f240f26176af245fad12b4c0e38d0,KT11,1201,SOURCE_INVALID,NOT_APPLICABLE,4,False,utility,contemporaneous,contemporaneous_dependency|iot_power,True,4,True,True,True,True,False,SOURCE_INVALID,True,SOURCE_INVALID,NOT_APPLICABLE,4,LICENSED_INFERIOR,True,True,True,True,source_invalid|empirical_support_violation,112.21550777662551,110.20395230537946,114.28089344997834,,,,,
56671d836844cd549869ef5fb0ec2c4c7e9f240f26176af245fad12b4c0e38d0,KT12,1201,FIT_INVALID,NOT_APPLICABLE,4,False,utility,contemporaneous,contemporaneous_dependency|iot_power,True,4,True,True,True,True,False,FIT_INVALID,True,FIT_INVALID,NOT_APPLICABLE,4,LICENSED_INFERIOR,True,True,True,True,fit_invalid|modeled_variation_collapse|p95_activity_rate_error|maximum_activity_rate_error,34.70617387500407,33.9038284212346,35.52641877912379,,,,,
56671d836844cd549869ef5fb0ec2c4c7e9f240f26176af245fad12b4c0e38d0,KT13,1201,FIT_INVALID,NOT_APPLICABLE,4,False,utility,contemporaneous,contemporaneous_dependency|iot_power,True,4,True,True,True,True,False,FIT_INVALID,True,FIT_INVALID,NOT_APPLICABLE,4,LICENSED_NONINFERIOR,True,True,True,True,fit_invalid|empirical_support_violation|mean_activity_rate_error|p95_activity_rate_error|maximum_activity_rate_error,45.92334117147061,44.94884291670951,46.97794369516731,,,,,
56671d836844cd549869ef5fb0ec2c4c7e9f240f26176af245fad12b4c0e38d0,KT14,1201,NOT_ESTIMABLE,NOT_ESTIMABLE,2,False,closeness,contemporaneous,contemporaneous_dependency|iot_power,True,4,True,True,True,True,True,,False,NOT_ESTIMABLE,NOT_ESTIMABLE,2,NOT_ESTIMABLE,True,True,True,True,not_estimable,,,,0.0,0.0,0.0,1.0,1.0
56671d836844cd549869ef5fb0ec2c4c7e9f240f26176af245fad12b4c0e38d0,KT15,1201,INSTRUMENT_INVALID,NOT_APPLICABLE,1,True,utility,temporal,forecast|nominal_non_temporal_power,False,2,True,True,False,False,False,SOURCE_INVALID,True,INSTRUMENT_INVALID,NOT_APPLICABLE,1,LICENSED_INFERIOR,True,True,True,True,instrument_invalid|property_unlicensed|source_invalid|empirical_support_violation,112.08767122213317,108.85130384532377,114.75520963950927,,,,,
56671d836844cd549869ef5fb0ec2c4c7e9f240f26176af245fad12b4c0e38d0,KT16,1201,NOT_ESTIMABLE,NOT_APPLICABLE,2,True,utility,contemporaneous,contemporaneous_dependency|iot_power,True,0,False,False,False,False,False,SOURCE_INVALID,True,NOT_ESTIMABLE,NOT_APPLICABLE,2,NOT_ESTIMABLE,True,True,True,True,not_estimable|property_unlicensed|source_invalid|empirical_support_violation,,,,,,,,
56671d836844cd549869ef5fb0ec2c4c7e9f240f26176af245fad12b4c0e38d0,KT17,1201,PROPERTY_UNLICENSED,NOT_APPLICABLE,3,True,utility,temporal,forecast|nominal_non_temporal_power,True,2,True,True,False,False,False,SOURCE_INVALID,True,PROPERTY_UNLICENSED,NOT_APPLICABLE,3,LICENSED_INFERIOR,True,True,True,True,property_unlicensed|source_invalid|empirical_support_violation,112.08767122213317,108.85130384532377,114.75520963950927,,,,,
56671d836844cd549869ef5fb0ec2c4c7e9f240f26176af245fad12b4c0e38d0,KT18,1201,ADMISSIBLE,LICENSED_NONINFERIOR,0,False,utility,contemporaneous,contemporaneous_dependency|regime_power,True,2,True,True,True,True,True,,True,ADMISSIBLE,LICENSED_NONINFERIOR,0,LICENSED_NONINFERIOR,True,True,True,True,,1.012629387829922,1.0049537106761435,1.020459786557571,,,,,
56671d836844cd549869ef5fb0ec2c4c7e9f240f26176af245fad12b4c0e38d0,KT01,1301,ADMISSIBLE,LICENSED_NONINFERIOR,0,False,utility,contemporaneous,contemporaneous_dependency|iot_power,True,4,True,True,True,True,True,,True,ADMISSIBLE,LICENSED_NONINFERIOR,0,LICENSED_NONINFERIOR,True,True,True,True,,1.014953331145009,1.005921274150652,1.02431329800188,,,,,
56671d836844cd549869ef5fb0ec2c4c7e9f240f26176af245fad12b4c0e38d0,KT02,1301,ADMISSIBLE,LICENSED_INFERIOR,0,False,utility,contemporaneous,contemporaneous_dependency|iot_power,True,4,True,True,True,True,True,,True,ADMISSIBLE,LICENSED_INFERIOR,0,LICENSED_INFERIOR,True,True,True,True,,35.193493341535266,34.238125990849,36.14689482012455,,,,,
56671d836844cd549869ef5fb0ec2c4c7e9f240f26176af245fad12b4c0e38d0,KT03,1301,INSTRUMENT_INVALID,NOT_APPLICABLE,1,False,utility,contemporaneous,contemporaneous_dependency|iot_power,False,4,True,True,True,True,True,,True,INSTRUMENT_INVALID,NOT_APPLICABLE,1,LICENSED_NONINFERIOR,True,True,True,True,instrument_invalid,1.0149533311450087,1.005921274150652,1.0243132980018799,,,,,
56671d836844cd549869ef5fb0ec2c4c7e9f240f26176af245fad12b4c0e38d0,KT04,1301,INSTRUMENT_INVALID,NOT_APPLICABLE,1,False,utility,temporal,forecast|router_bytes,False,4,True,True,True,True,True,,True,INSTRUMENT_INVALID,NOT_APPLICABLE,1,LICENSED_NONINFERIOR,True,True,True,True,instrument_invalid,1.0045729985002616,1.0018951681504527,1.00746075946125,,,,,
56671d836844cd549869ef5fb0ec2c4c7e9f240f26176af245fad12b4c0e38d0,KT05,1301,NOT_ESTIMABLE,NOT_APPLICABLE,2,False,utility,contemporaneous,contemporaneous_dependency|iot_power,True,0,False,False,False,False,True,,True,NOT_ESTIMABLE,NOT_APPLICABLE,2,NOT_ESTIMABLE,True,True,True,True,not_estimable|property_unlicensed,,,,,,,,
56671d836844cd549869ef5fb0ec2c4c7e9f240f26176af245fad12b4c0e38d0,KT06,1301,NOT_ESTIMABLE,NOT_APPLICABLE,2,False,utility,temporal,event_onset|zigbee_events,True,0,False,False,False,False,True,,True,NOT_ESTIMABLE,NOT_APPLICABLE,2,NOT_ESTIMABLE,True,True,True,True,not_estimable|property_unlicensed,,,,,,,,
56671d836844cd549869ef5fb0ec2c4c7e9f240f26176af245fad12b4c0e38d0,KT07,1301,ADMISSIBLE,LICENSED_NONINFERIOR,0,False,utility,contemporaneous,contemporaneous_dependency|iot_power,True,4,True,True,True,True,True,,True,ADMISSIBLE,LICENSED_NONINFERIOR,0,LICENSED_NONINFERIOR,True,True,True,True,,1.0412145109400486,1.0161719860047236,1.0673998113734096,,,,,
56671d836844cd549869ef5fb0ec2c4c7e9f240f26176af245fad12b4c0e38d0,KT08,1301,PROPERTY_UNLICENSED,NOT_APPLICABLE,3,False,utility,temporal,forecast|nominal_non_temporal_power,True,2,True,True,False,False,True,,True,PROPERTY_UNLICENSED,NOT_APPLICABLE,3,LICENSED_NONINFERIOR,True,True,True,True,property_unlicensed,1.015452597522993,1.005009621410882,1.0266219538420676,,,,,
56671d836844cd549869ef5fb0ec2c4c7e9f240f26176af245fad12b4c0e38d0,KT09,1301,ADMISSIBLE,LICENSED_NONINFERIOR,0,False,utility,temporal,forecast|router_bytes,True,4,True,True,True,True,True,,True,ADMISSIBLE,LICENSED_NONINFERIOR,0,LICENSED_NONINFERIOR,True,True,True,True,,1.0045729985002616,1.0018951681504529,1.00746075946125,,,,,
56671d836844cd549869ef5fb0ec2c4c7e9f240f26176af245fad12b4c0e38d0,KT10,1301,PROPERTY_UNLICENSED,NOT_APPLICABLE,3,False,utility,contemporaneous,contemporaneous_dependency|regime_power,True,2,True,False,True,False,True,,True,PROPERTY_UNLICENSED,NOT_APPLICABLE,3,LICENSED_NONINFERIOR,True,True,True,True,property_unlicensed,1.012084343968964,1.0044801980944145,1.0198360250707101,,,,,
56671d836844cd549869ef5fb0ec2c4c7e9f240f26176af245fad12b4c0e38d0,KT11,1301,SOURCE_INVALID,NOT_APPLICABLE,4,False,utility,contemporaneous,contemporaneous_dependency|iot_power,True,4,True,True,True,True,False,SOURCE_INVALID,True,SOURCE_INVALID,NOT_APPLICABLE,4,LICENSED_INFERIOR,True,True,True,True,source_invalid|empirical_support_violation,109.1999276664366,107.07048847723925,111.36115354403329,,,,,
56671d836844cd549869ef5fb0ec2c4c7e9f240f26176af245fad12b4c0e38d0,KT12,1301,FIT_INVALID,NOT_APPLICABLE,4,False,utility,contemporaneous,contemporaneous_dependency|iot_power,True,4,True,True,True,True,False,FIT_INVALID,True,FIT_INVALID,NOT_APPLICABLE,4,LICENSED_INFERIOR,True,True,True,True,fit_invalid|modeled_variation_collapse|p95_activity_rate_error|maximum_activity_rate_error,35.11103568211904,34.25127938398981,35.99182215760778,,,,,
56671d836844cd549869ef5fb0ec2c4c7e9f240f26176af245fad12b4c0e38d0,KT13,1301,FIT_INVALID,NOT_APPLICABLE,4,False,utility,contemporaneous,contemporaneous_dependency|iot_power,True,4,True,True,True,True,False,FIT_INVALID,True,FIT_INVALID,NOT_APPLICABLE,4,LICENSED_NONINFERIOR,True,True,True,True,fit_invalid|empirical_support_violation|mean_activity_rate_error|p95_activity_rate_error|maximum_activity_rate_error,46.78223512266596,45.79555800008096,47.74482254501687,,,,,
56671d836844cd549869ef5fb0ec2c4c7e9f240f26176af245fad12b4c0e38d0,KT14,1301,NOT_ESTIMABLE,NOT_ESTIMABLE,2,False,closeness,contemporaneous,contemporaneous_dependency|iot_power,True,4,True,True,True,True,True,,False,NOT_ESTIMABLE,NOT_ESTIMABLE,2,NOT_ESTIMABLE,True,True,True,True,not_estimable,,,,0.0,0.0,0.0,1.0,1.0
56671d836844cd549869ef5fb0ec2c4c7e9f240f26176af245fad12b4c0e38d0,KT15,1301,INSTRUMENT_INVALID,NOT_APPLICABLE,1,True,utility,temporal,forecast|nominal_non_temporal_power,False,2,True,True,False,False,False,SOURCE_INVALID,True,INSTRUMENT_INVALID,NOT_APPLICABLE,1,LICENSED_INFERIOR,True,True,True,True,instrument_invalid|property_unlicensed|source_invalid|empirical_support_violation,108.95197231076759,105.66474996651979,111.62366136983361,,,,,
56671d836844cd549869ef5fb0ec2c4c7e9f240f26176af245fad12b4c0e38d0,KT16,1301,NOT_ESTIMABLE,NOT_APPLICABLE,2,True,utility,contemporaneous,contemporaneous_dependency|iot_power,True,0,False,False,False,False,False,SOURCE_INVALID,True,NOT_ESTIMABLE,NOT_APPLICABLE,2,NOT_ESTIMABLE,True,True,True,True,not_estimable|property_unlicensed|source_invalid|empirical_support_violation,,,,,,,,
56671d836844cd549869ef5fb0ec2c4c7e9f240f26176af245fad12b4c0e38d0,KT17,1301,PROPERTY_UNLICENSED,NOT_APPLICABLE,3,True,utility,temporal,forecast|nominal_non_temporal_power,True,2,True,True,False,False,False,SOURCE_INVALID,True,PROPERTY_UNLICENSED,NOT_APPLICABLE,3,LICENSED_INFERIOR,True,True,True,True,property_unlicensed|source_invalid|empirical_support_violation,108.95197231076759,105.66474996651979,111.62366136983361,,,,,
56671d836844cd549869ef5fb0ec2c4c7e9f240f26176af245fad12b4c0e38d0,KT18,1301,ADMISSIBLE,LICENSED_NONINFERIOR,0,False,utility,contemporaneous,contemporaneous_dependency|regime_power,True,2,True,True,True,True,True,,True,ADMISSIBLE,LICENSED_NONINFERIOR,0,LICENSED_NONINFERIOR,True,True,True,True,,1.0124225514935152,1.0047954636320366,1.0204328747752023,,,,,
56671d836844cd549869ef5fb0ec2c4c7e9f240f26176af245fad12b4c0e38d0,KT01,1401,ADMISSIBLE,LICENSED_NONINFERIOR,0,False,utility,contemporaneous,contemporaneous_dependency|iot_power,True,4,True,True,True,True,True,,True,ADMISSIBLE,LICENSED_NONINFERIOR,0,LICENSED_NONINFERIOR,True,True,True,True,,1.0128167739493514,1.004909048225243,1.0208753306864276,,,,,
56671d836844cd549869ef5fb0ec2c4c7e9f240f26176af245fad12b4c0e38d0,KT02,1401,ADMISSIBLE,LICENSED_INFERIOR,0,False,utility,contemporaneous,contemporaneous_dependency|iot_power,True,4,True,True,True,True,True,,True,ADMISSIBLE,LICENSED_INFERIOR,0,LICENSED_INFERIOR,True,True,True,True,,35.28660943871505,34.32064894831394,36.29230201563524,,,,,
56671d836844cd549869ef5fb0ec2c4c7e9f240f26176af245fad12b4c0e38d0,KT03,1401,INSTRUMENT_INVALID,NOT_APPLICABLE,1,False,utility,contemporaneous,contemporaneous_dependency|iot_power,False,4,True,True,True,True,True,,True,INSTRUMENT_INVALID,NOT_APPLICABLE,1,LICENSED_NONINFERIOR,True,True,True,True,instrument_invalid,1.0128167739493514,1.004909048225243,1.0208753306864276,,,,,
56671d836844cd549869ef5fb0ec2c4c7e9f240f26176af245fad12b4c0e38d0,KT04,1401,INSTRUMENT_INVALID,NOT_APPLICABLE,1,False,utility,temporal,forecast|router_bytes,False,4,True,True,True,True,True,,True,INSTRUMENT_INVALID,NOT_APPLICABLE,1,LICENSED_NONINFERIOR,True,True,True,True,instrument_invalid,1.0035470316739459,1.0009229204356913,1.0063003102733385,,,,,
56671d836844cd549869ef5fb0ec2c4c7e9f240f26176af245fad12b4c0e38d0,KT05,1401,NOT_ESTIMABLE,NOT_APPLICABLE,2,False,utility,contemporaneous,contemporaneous_dependency|iot_power,True,0,False,False,False,False,True,,True,NOT_ESTIMABLE,NOT_APPLICABLE,2,NOT_ESTIMABLE,True,True,True,True,not_estimable|property_unlicensed,,,,,,,,
56671d836844cd549869ef5fb0ec2c4c7e9f240f26176af245fad12b4c0e38d0,KT06,1401,NOT_ESTIMABLE,NOT_APPLICABLE,2,False,utility,temporal,event_onset|zigbee_events,True,0,False,False,False,False,True,,True,NOT_ESTIMABLE,NOT_APPLICABLE,2,NOT_ESTIMABLE,True,True,True,True,not_estimable|property_unlicensed,,,,,,,,
56671d836844cd549869ef5fb0ec2c4c7e9f240f26176af245fad12b4c0e38d0,KT07,1401,ADMISSIBLE,LICENSED_NONINFERIOR,0,False,utility,contemporaneous,contemporaneous_dependency|iot_power,True,4,True,True,True,True,True,,True,ADMISSIBLE,LICENSED_NONINFERIOR,0,LICENSED_NONINFERIOR,True,True,True,True,,1.039065701522691,1.015070853185454,1.0634739331654868,,,,,
56671d836844cd549869ef5fb0ec2c4c7e9f240f26176af245fad12b4c0e38d0,KT08,1401,PROPERTY_UNLICENSED,NOT_APPLICABLE,3,False,utility,temporal,forecast|nominal_non_temporal_power,True,2,True,True,False,False,True,,True,PROPERTY_UNLICENSED,NOT_APPLICABLE,3,LICENSED_NONINFERIOR,True,True,True,True,property_unlicensed,1.0151848517727338,1.0053595273638034,1.0255050972202129,,,,,
56671d836844cd549869ef5fb0ec2c4c7e9f240f26176af245fad12b4c0e38d0,KT09,1401,ADMISSIBLE,LICENSED_NONINFERIOR,0,False,utility,temporal,forecast|router_bytes,True,4,True,True,True,True,True,,True,ADMISSIBLE,LICENSED_NONINFERIOR,0,LICENSED_NONINFERIOR,True,True,True,True,,1.0035470316739459,1.0009229204356913,1.0063003102733385,,,,,
56671d836844cd549869ef5fb0ec2c4c7e9f240f26176af245fad12b4c0e38d0,KT10,1401,PROPERTY_UNLICENSED,NOT_APPLICABLE,3,False,utility,contemporaneous,contemporaneous_dependency|regime_power,True,2,True,False,True,False,True,,True,PROPERTY_UNLICENSED,NOT_APPLICABLE,3,LICENSED_NONINFERIOR,True,True,True,True,property_unlicensed,1.0093898196695206,1.0035558122917447,1.0152782478604625,,,,,
56671d836844cd549869ef5fb0ec2c4c7e9f240f26176af245fad12b4c0e38d0,KT11,1401,SOURCE_INVALID,NOT_APPLICABLE,4,False,utility,contemporaneous,contemporaneous_dependency|iot_power,True,4,True,True,True,True,False,SOURCE_INVALID,True,SOURCE_INVALID,NOT_APPLICABLE,4,LICENSED_INFERIOR,True,True,True,True,source_invalid|empirical_support_violation,110.77258885304649,108.40822439744355,113.12265947120243,,,,,
56671d836844cd549869ef5fb0ec2c4c7e9f240f26176af245fad12b4c0e38d0,KT12,1401,FIT_INVALID,NOT_APPLICABLE,4,False,utility,contemporaneous,contemporaneous_dependency|iot_power,True,4,True,True,True,True,False,FIT_INVALID,True,FIT_INVALID,NOT_APPLICABLE,4,LICENSED_INFERIOR,True,True,True,True,fit_invalid|modeled_variation_collapse|p95_activity_rate_error|maximum_activity_rate_error,35.05070366359013,34.14458902646634,35.98121348376231,,,,,
56671d836844cd549869ef5fb0ec2c4c7e9f240f26176af245fad12b4c0e38d0,KT13,1401,FIT_INVALID,NOT_APPLICABLE,4,False,utility,contemporaneous,contemporaneous_dependency|iot_power,True,4,True,True,True,True,False,FIT_INVALID,True,FIT_INVALID,NOT_APPLICABLE,4,LICENSED_NONINFERIOR,True,True,True,True,fit_invalid|empirical_support_violation|mean_activity_rate_error|p95_activity_rate_error|maximum_activity_rate_error,46.364035054088134,45.5482599853215,47.2154410285394,,,,,
56671d836844cd549869ef5fb0ec2c4c7e9f240f26176af245fad12b4c0e38d0,KT14,1401,NOT_ESTIMABLE,NOT_ESTIMABLE,2,False,closeness,contemporaneous,contemporaneous_dependency|iot_power,True,4,True,True,True,True,True,,False,NOT_ESTIMABLE,NOT_ESTIMABLE,2,NOT_ESTIMABLE,True,True,True,True,not_estimable,,,,0.0,0.0,0.0,1.0,1.0
56671d836844cd549869ef5fb0ec2c4c7e9f240f26176af245fad12b4c0e38d0,KT15,1401,INSTRUMENT_INVALID,NOT_APPLICABLE,1,True,utility,temporal,forecast|nominal_non_temporal_power,False,2,True,True,False,False,False,SOURCE_INVALID,True,INSTRUMENT_INVALID,NOT_APPLICABLE,1,LICENSED_INFERIOR,True,True,True,True,instrument_invalid|property_unlicensed|source_invalid|empirical_support_violation,110.56765737327622,106.80539514462622,113.41337391161895,,,,,
56671d836844cd549869ef5fb0ec2c4c7e9f240f26176af245fad12b4c0e38d0,KT16,1401,NOT_ESTIMABLE,NOT_APPLICABLE,2,True,utility,contemporaneous,contemporaneous_dependency|iot_power,True,0,False,False,False,False,False,SOURCE_INVALID,True,NOT_ESTIMABLE,NOT_APPLICABLE,2,NOT_ESTIMABLE,True,True,True,True,not_estimable|property_unlicensed|source_invalid|empirical_support_violation,,,,,,,,
56671d836844cd549869ef5fb0ec2c4c7e9f240f26176af245fad12b4c0e38d0,KT17,1401,PROPERTY_UNLICENSED,NOT_APPLICABLE,3,True,utility,temporal,forecast|nominal_non_temporal_power,True,2,True,True,False,False,False,SOURCE_INVALID,True,PROPERTY_UNLICENSED,NOT_APPLICABLE,3,LICENSED_INFERIOR,True,True,True,True,property_unlicensed|source_invalid|empirical_support_violation,110.56765737327622,106.80539514462622,113.41337391161895,,,,,
56671d836844cd549869ef5fb0ec2c4c7e9f240f26176af245fad12b4c0e38d0,KT18,1401,ADMISSIBLE,LICENSED_NONINFERIOR,0,False,utility,contemporaneous,contemporaneous_dependency|regime_power,True,2,True,True,True,True,True,,True,ADMISSIBLE,LICENSED_NONINFERIOR,0,LICENSED_NONINFERIOR,True,True,True,True,,1.011796672385292,1.00448110031734,1.0196791607574653,,,,,
