source,period,seed,card_id,part,possible_contexts,missing_target_contexts,join_contexts_removed,available_before_cap,used,predictor_missing_fraction,used_target_missing
real_block,same_period,1337,forecast__ota__data__h15__w0__continuous__model_rf,synthetic_training,69925,0,2185,67740,60000,0.1452598958333333,0
real_block,same_period,1337,forecast__ota__data__h5__w0__continuous__model_rf,synthetic_training,69935,0,1895,68040,60000,0.145065625,0
real_block,same_period,1337,forecast__ota__data__h60__w0__continuous__model_rf,synthetic_training,69880,0,3490,66390,60000,0.1461036458333333,0
real_block,same_period,1337,forecast__ota__pkt_total__h15__w0__continuous__model_rf,synthetic_training,69925,0,2185,67740,60000,0.0486322916666666,0
real_block,same_period,1337,forecast__ota__pkt_total__h15__w0__continuous__model_linear,synthetic_training,69925,0,2185,67740,60000,0.0486322916666666,0
real_block,same_period,1337,forecast__ota__pkt_total__h5__w0__continuous__model_rf,synthetic_training,69935,0,1895,68040,60000,0.0485541666666666,0
real_block,same_period,1337,forecast__ota__pkt_total__h5__w0__continuous__model_linear,synthetic_training,69935,0,1895,68040,60000,0.0485541666666666,0
real_block,same_period,1337,forecast__ota__pkt_total__h60__w0__continuous__model_rf,synthetic_training,69880,0,3490,66390,60000,0.0489135416666666,0
real_block,same_period,1337,forecast__ota__pkt_total__h60__w0__continuous__model_linear,synthetic_training,69880,0,3490,66390,60000,0.0489135416666666,0
real_block,same_period,1338,forecast__ota__data__h15__w0__continuous__model_rf,synthetic_training,69925,0,2185,67740,60000,0.18051640625,0
real_block,same_period,1338,forecast__ota__data__h5__w0__continuous__model_rf,synthetic_training,69935,0,1895,68040,60000,0.180487890625,0
real_block,same_period,1338,forecast__ota__data__h60__w0__continuous__model_rf,synthetic_training,69880,0,3490,66390,60000,0.1806494791666666,0
real_block,same_period,1338,forecast__ota__pkt_total__h15__w0__continuous__model_rf,synthetic_training,69925,0,2185,67740,60000,0.0603276041666666,0
real_block,same_period,1338,forecast__ota__pkt_total__h15__w0__continuous__model_linear,synthetic_training,69925,0,2185,67740,60000,0.0603276041666666,0
real_block,same_period,1338,forecast__ota__pkt_total__h5__w0__continuous__model_rf,synthetic_training,69935,0,1895,68040,60000,0.0603236979166666,0
real_block,same_period,1338,forecast__ota__pkt_total__h5__w0__continuous__model_linear,synthetic_training,69935,0,1895,68040,60000,0.0603236979166666,0
real_block,same_period,1338,forecast__ota__pkt_total__h60__w0__continuous__model_rf,synthetic_training,69880,0,3490,66390,60000,0.06035625,0
real_block,same_period,1338,forecast__ota__pkt_total__h60__w0__continuous__model_linear,synthetic_training,69880,0,3490,66390,60000,0.06035625,0
real_block,same_period,1339,forecast__ota__data__h15__w0__continuous__model_rf,synthetic_training,69925,1,2185,67739,60000,0.1664119791666666,0
real_block,same_period,1339,forecast__ota__data__h5__w0__continuous__model_rf,synthetic_training,69935,1,1895,68039,60000,0.1663188802083333,0
real_block,same_period,1339,forecast__ota__data__h60__w0__continuous__model_rf,synthetic_training,69880,1,3490,66389,60000,0.1668338541666666,0
real_block,same_period,1339,forecast__ota__pkt_total__h15__w0__continuous__model_rf,synthetic_training,69925,1,2185,67739,60000,0.0556442708333333,0
real_block,same_period,1339,forecast__ota__pkt_total__h15__w0__continuous__model_linear,synthetic_training,69925,1,2185,67739,60000,0.0556442708333333,0
real_block,same_period,1339,forecast__ota__pkt_total__h5__w0__continuous__model_rf,synthetic_training,69935,1,1895,68039,60000,0.0556143229166666,0
real_block,same_period,1339,forecast__ota__pkt_total__h5__w0__continuous__model_linear,synthetic_training,69935,1,1895,68039,60000,0.0556143229166666,0
real_block,same_period,1339,forecast__ota__pkt_total__h60__w0__continuous__model_rf,synthetic_training,69880,1,3490,66389,60000,0.0557848958333333,0
real_block,same_period,1339,forecast__ota__pkt_total__h60__w0__continuous__model_linear,synthetic_training,69880,1,3490,66389,60000,0.0557848958333333,0
real_block,same_period,1340,forecast__ota__data__h15__w0__continuous__model_rf,synthetic_training,69925,0,2185,67740,60000,0.1799473958333333,0
real_block,same_period,1340,forecast__ota__data__h5__w0__continuous__model_rf,synthetic_training,69935,0,1895,68040,60000,0.1798953125,0
real_block,same_period,1340,forecast__ota__data__h60__w0__continuous__model_rf,synthetic_training,69880,0,3490,66390,60000,0.1801817708333333,0
real_block,same_period,1340,forecast__ota__pkt_total__h15__w0__continuous__model_rf,synthetic_training,69925,0,2185,67740,60000,0.0600604166666666,0
real_block,same_period,1340,forecast__ota__pkt_total__h15__w0__continuous__model_linear,synthetic_training,69925,0,2185,67740,60000,0.0600604166666666,0
real_block,same_period,1340,forecast__ota__pkt_total__h5__w0__continuous__model_rf,synthetic_training,69935,0,1895,68040,60000,0.0600395833333333,0
real_block,same_period,1340,forecast__ota__pkt_total__h5__w0__continuous__model_linear,synthetic_training,69935,0,1895,68040,60000,0.0600395833333333,0
real_block,same_period,1340,forecast__ota__pkt_total__h60__w0__continuous__model_rf,synthetic_training,69880,0,3490,66390,60000,0.0601541666666666,0
real_block,same_period,1340,forecast__ota__pkt_total__h60__w0__continuous__model_linear,synthetic_training,69880,0,3490,66390,60000,0.0601541666666666,0
real_block,same_period,1341,forecast__ota__data__h15__w0__continuous__model_rf,synthetic_training,69925,0,2185,67740,60000,0.1311171875,0
real_block,same_period,1341,forecast__ota__data__h5__w0__continuous__model_rf,synthetic_training,69935,0,1895,68040,60000,0.1308671875,0
real_block,same_period,1341,forecast__ota__data__h60__w0__continuous__model_rf,synthetic_training,69880,0,3490,66390,60000,0.1322453125,0
real_block,same_period,1341,forecast__ota__pkt_total__h15__w0__continuous__model_rf,synthetic_training,69925,0,2185,67740,60000,0.0438473958333333,0
real_block,same_period,1341,forecast__ota__pkt_total__h15__w0__continuous__model_linear,synthetic_training,69925,0,2185,67740,60000,0.0438473958333333,0
real_block,same_period,1341,forecast__ota__pkt_total__h5__w0__continuous__model_rf,synthetic_training,69935,0,1895,68040,60000,0.0437640625,0
real_block,same_period,1341,forecast__ota__pkt_total__h5__w0__continuous__model_linear,synthetic_training,69935,0,1895,68040,60000,0.0437640625,0
real_block,same_period,1341,forecast__ota__pkt_total__h60__w0__continuous__model_rf,synthetic_training,69880,0,3490,66390,60000,0.0442302083333333,0
real_block,same_period,1341,forecast__ota__pkt_total__h60__w0__continuous__model_linear,synthetic_training,69880,0,3490,66390,60000,0.0442302083333333,0
hurdle_independent_stitch,same_period,1337,forecast__ota__data__h15__w0__continuous__model_rf,synthetic_training,69925,1,2185,67739,60000,0.160009375,0
hurdle_independent_stitch,same_period,1337,forecast__ota__data__h5__w0__continuous__model_rf,synthetic_training,69935,1,1895,68039,60000,0.1599986979166666,0
hurdle_independent_stitch,same_period,1337,forecast__ota__data__h60__w0__continuous__model_rf,synthetic_training,69880,1,3490,66389,60000,0.1592700520833333,0
hurdle_independent_stitch,same_period,1337,forecast__ota__pkt_total__h15__w0__continuous__model_rf,synthetic_training,69925,0,2185,67740,60000,0.0533032552083333,0
hurdle_independent_stitch,same_period,1337,forecast__ota__pkt_total__h15__w0__continuous__model_linear,synthetic_training,69925,0,2185,67740,60000,0.0533032552083333,0
hurdle_independent_stitch,same_period,1337,forecast__ota__pkt_total__h5__w0__continuous__model_rf,synthetic_training,69935,0,1895,68040,60000,0.053298046875,0
hurdle_independent_stitch,same_period,1337,forecast__ota__pkt_total__h5__w0__continuous__model_linear,synthetic_training,69935,0,1895,68040,60000,0.053298046875,0
hurdle_independent_stitch,same_period,1337,forecast__ota__pkt_total__h60__w0__continuous__model_rf,synthetic_training,69880,0,3490,66390,60000,0.0530614583333333,0
hurdle_independent_stitch,same_period,1337,forecast__ota__pkt_total__h60__w0__continuous__model_linear,synthetic_training,69880,0,3490,66390,60000,0.0530614583333333,0
hurdle_independent_stitch,same_period,1338,forecast__ota__data__h15__w0__continuous__model_rf,synthetic_training,69925,1,2185,67739,60000,0.1603782552083333,0
hurdle_independent_stitch,same_period,1338,forecast__ota__data__h5__w0__continuous__model_rf,synthetic_training,69935,1,1895,68039,60000,0.1603727864583333,0
hurdle_independent_stitch,same_period,1338,forecast__ota__data__h60__w0__continuous__model_rf,synthetic_training,69880,1,3490,66389,60000,0.1596209635416666,0
hurdle_independent_stitch,same_period,1338,forecast__ota__pkt_total__h15__w0__continuous__model_rf,synthetic_training,69925,1,2185,67739,60000,0.0533329427083333,0
hurdle_independent_stitch,same_period,1338,forecast__ota__pkt_total__h15__w0__continuous__model_linear,synthetic_training,69925,1,2185,67739,60000,0.0533329427083333,0
hurdle_independent_stitch,same_period,1338,forecast__ota__pkt_total__h5__w0__continuous__model_rf,synthetic_training,69935,1,1895,68039,60000,0.05333125,0
hurdle_independent_stitch,same_period,1338,forecast__ota__pkt_total__h5__w0__continuous__model_linear,synthetic_training,69935,1,1895,68039,60000,0.05333125,0
hurdle_independent_stitch,same_period,1338,forecast__ota__pkt_total__h60__w0__continuous__model_rf,synthetic_training,69880,1,3490,66389,60000,0.0530713541666666,0
hurdle_independent_stitch,same_period,1338,forecast__ota__pkt_total__h60__w0__continuous__model_linear,synthetic_training,69880,1,3490,66389,60000,0.0530713541666666,0
hurdle_independent_stitch,same_period,1339,forecast__ota__data__h15__w0__continuous__model_rf,synthetic_training,69925,1,2185,67739,60000,0.16026484375,0
hurdle_independent_stitch,same_period,1339,forecast__ota__data__h5__w0__continuous__model_rf,synthetic_training,69935,1,1895,68039,60000,0.1602640625,0
hurdle_independent_stitch,same_period,1339,forecast__ota__data__h60__w0__continuous__model_rf,synthetic_training,69880,1,3490,66389,60000,0.159484375,0
hurdle_independent_stitch,same_period,1339,forecast__ota__pkt_total__h15__w0__continuous__model_rf,synthetic_training,69925,1,2185,67739,60000,0.0533473958333333,0
hurdle_independent_stitch,same_period,1339,forecast__ota__pkt_total__h15__w0__continuous__model_linear,synthetic_training,69925,1,2185,67739,60000,0.0533473958333333,0
hurdle_independent_stitch,same_period,1339,forecast__ota__pkt_total__h5__w0__continuous__model_rf,synthetic_training,69935,1,1895,68039,60000,0.053346484375,0
hurdle_independent_stitch,same_period,1339,forecast__ota__pkt_total__h5__w0__continuous__model_linear,synthetic_training,69935,1,1895,68039,60000,0.053346484375,0
hurdle_independent_stitch,same_period,1339,forecast__ota__pkt_total__h60__w0__continuous__model_rf,synthetic_training,69880,1,3490,66389,60000,0.0530890625,0
hurdle_independent_stitch,same_period,1339,forecast__ota__pkt_total__h60__w0__continuous__model_linear,synthetic_training,69880,1,3490,66389,60000,0.0530890625,0
hurdle_independent_stitch,same_period,1340,forecast__ota__data__h15__w0__continuous__model_rf,synthetic_training,69925,1,2185,67739,60000,0.1601919270833333,0
hurdle_independent_stitch,same_period,1340,forecast__ota__data__h5__w0__continuous__model_rf,synthetic_training,69935,1,1895,68039,60000,0.16019140625,0
hurdle_independent_stitch,same_period,1340,forecast__ota__data__h60__w0__continuous__model_rf,synthetic_training,69880,1,3490,66389,60000,0.15941015625,0
hurdle_independent_stitch,same_period,1340,forecast__ota__pkt_total__h15__w0__continuous__model_rf,synthetic_training,69925,1,2185,67739,60000,0.053330078125,0
hurdle_independent_stitch,same_period,1340,forecast__ota__pkt_total__h15__w0__continuous__model_linear,synthetic_training,69925,1,2185,67739,60000,0.053330078125,0
hurdle_independent_stitch,same_period,1340,forecast__ota__pkt_total__h5__w0__continuous__model_rf,synthetic_training,69935,1,1895,68039,60000,0.05332890625,0
hurdle_independent_stitch,same_period,1340,forecast__ota__pkt_total__h5__w0__continuous__model_linear,synthetic_training,69935,1,1895,68039,60000,0.05332890625,0
hurdle_independent_stitch,same_period,1340,forecast__ota__pkt_total__h60__w0__continuous__model_rf,synthetic_training,69880,1,3490,66389,60000,0.0530674479166666,0
hurdle_independent_stitch,same_period,1340,forecast__ota__pkt_total__h60__w0__continuous__model_linear,synthetic_training,69880,1,3490,66389,60000,0.0530674479166666,0
hurdle_independent_stitch,same_period,1341,forecast__ota__data__h15__w0__continuous__model_rf,synthetic_training,69925,0,2185,67740,60000,0.1601015625,0
hurdle_independent_stitch,same_period,1341,forecast__ota__data__h5__w0__continuous__model_rf,synthetic_training,69935,0,1895,68040,60000,0.1601006510416666,0
hurdle_independent_stitch,same_period,1341,forecast__ota__data__h60__w0__continuous__model_rf,synthetic_training,69880,0,3490,66390,60000,0.1593227864583333,0
hurdle_independent_stitch,same_period,1341,forecast__ota__pkt_total__h15__w0__continuous__model_rf,synthetic_training,69925,1,2185,67739,60000,0.0533490885416666,0
hurdle_independent_stitch,same_period,1341,forecast__ota__pkt_total__h15__w0__continuous__model_linear,synthetic_training,69925,1,2185,67739,60000,0.0533490885416666,0
hurdle_independent_stitch,same_period,1341,forecast__ota__pkt_total__h5__w0__continuous__model_rf,synthetic_training,69935,1,1895,68039,60000,0.0533484375,0
hurdle_independent_stitch,same_period,1341,forecast__ota__pkt_total__h5__w0__continuous__model_linear,synthetic_training,69935,1,1895,68039,60000,0.0533484375,0
hurdle_independent_stitch,same_period,1341,forecast__ota__pkt_total__h60__w0__continuous__model_rf,synthetic_training,69880,1,3490,66389,60000,0.053086328125,0
hurdle_independent_stitch,same_period,1341,forecast__ota__pkt_total__h60__w0__continuous__model_linear,synthetic_training,69880,1,3490,66389,60000,0.053086328125,0
hurdle_shared_stitch,same_period,1337,forecast__ota__data__h15__w0__continuous__model_rf,synthetic_training,69925,1,2185,67739,60000,0.1599723958333333,0
hurdle_shared_stitch,same_period,1337,forecast__ota__data__h5__w0__continuous__model_rf,synthetic_training,69935,1,1895,68039,60000,0.1599723958333333,0
hurdle_shared_stitch,same_period,1337,forecast__ota__data__h60__w0__continuous__model_rf,synthetic_training,69880,1,3490,66389,60000,0.1591884114583333,0
hurdle_shared_stitch,same_period,1337,forecast__ota__pkt_total__h15__w0__continuous__model_rf,synthetic_training,69925,0,2185,67740,60000,0.053285546875,0
hurdle_shared_stitch,same_period,1337,forecast__ota__pkt_total__h15__w0__continuous__model_linear,synthetic_training,69925,0,2185,67740,60000,0.053285546875,0
hurdle_shared_stitch,same_period,1337,forecast__ota__pkt_total__h5__w0__continuous__model_rf,synthetic_training,69935,0,1895,68040,60000,0.053285546875,0
hurdle_shared_stitch,same_period,1337,forecast__ota__pkt_total__h5__w0__continuous__model_linear,synthetic_training,69935,0,1895,68040,60000,0.053285546875,0
hurdle_shared_stitch,same_period,1337,forecast__ota__pkt_total__h60__w0__continuous__model_rf,synthetic_training,69880,0,3490,66390,60000,0.053022265625,0
hurdle_shared_stitch,same_period,1337,forecast__ota__pkt_total__h60__w0__continuous__model_linear,synthetic_training,69880,0,3490,66390,60000,0.053022265625,0
hurdle_shared_stitch,same_period,1338,forecast__ota__data__h15__w0__continuous__model_rf,synthetic_training,69925,1,2185,67739,60000,0.160373828125,0
hurdle_shared_stitch,same_period,1338,forecast__ota__data__h5__w0__continuous__model_rf,synthetic_training,69935,1,1895,68039,60000,0.1603703125,0
hurdle_shared_stitch,same_period,1338,forecast__ota__data__h60__w0__continuous__model_rf,synthetic_training,69880,1,3490,66389,60000,0.1595916666666666,0
hurdle_shared_stitch,same_period,1338,forecast__ota__pkt_total__h15__w0__continuous__model_rf,synthetic_training,69925,1,2185,67739,60000,0.0533680989583333,0
hurdle_shared_stitch,same_period,1338,forecast__ota__pkt_total__h15__w0__continuous__model_linear,synthetic_training,69925,1,2185,67739,60000,0.0533680989583333,0
hurdle_shared_stitch,same_period,1338,forecast__ota__pkt_total__h5__w0__continuous__model_rf,synthetic_training,69935,1,1895,68039,60000,0.05336171875,0
hurdle_shared_stitch,same_period,1338,forecast__ota__pkt_total__h5__w0__continuous__model_linear,synthetic_training,69935,1,1895,68039,60000,0.05336171875,0
hurdle_shared_stitch,same_period,1338,forecast__ota__pkt_total__h60__w0__continuous__model_rf,synthetic_training,69880,1,3490,66389,60000,0.0531084635416666,0
hurdle_shared_stitch,same_period,1338,forecast__ota__pkt_total__h60__w0__continuous__model_linear,synthetic_training,69880,1,3490,66389,60000,0.0531084635416666,0
hurdle_shared_stitch,same_period,1339,forecast__ota__data__h15__w0__continuous__model_rf,synthetic_training,69925,1,2185,67739,60000,0.1602802083333333,0
hurdle_shared_stitch,same_period,1339,forecast__ota__data__h5__w0__continuous__model_rf,synthetic_training,69935,1,1895,68039,60000,0.1602802083333333,0
hurdle_shared_stitch,same_period,1339,forecast__ota__data__h60__w0__continuous__model_rf,synthetic_training,69880,1,3490,66389,60000,0.1595002604166666,0
hurdle_shared_stitch,same_period,1339,forecast__ota__pkt_total__h15__w0__continuous__model_rf,synthetic_training,69925,1,2185,67739,60000,0.0533828125,0
hurdle_shared_stitch,same_period,1339,forecast__ota__pkt_total__h15__w0__continuous__model_linear,synthetic_training,69925,1,2185,67739,60000,0.0533828125,0
hurdle_shared_stitch,same_period,1339,forecast__ota__pkt_total__h5__w0__continuous__model_rf,synthetic_training,69935,1,1895,68039,60000,0.0533828125,0
hurdle_shared_stitch,same_period,1339,forecast__ota__pkt_total__h5__w0__continuous__model_linear,synthetic_training,69935,1,1895,68039,60000,0.0533828125,0
hurdle_shared_stitch,same_period,1339,forecast__ota__pkt_total__h60__w0__continuous__model_rf,synthetic_training,69880,1,3490,66389,60000,0.0531259114583333,0
hurdle_shared_stitch,same_period,1339,forecast__ota__pkt_total__h60__w0__continuous__model_linear,synthetic_training,69880,1,3490,66389,60000,0.0531259114583333,0
hurdle_shared_stitch,same_period,1340,forecast__ota__data__h15__w0__continuous__model_rf,synthetic_training,69925,1,2185,67739,60000,0.16019453125,0
hurdle_shared_stitch,same_period,1340,forecast__ota__data__h5__w0__continuous__model_rf,synthetic_training,69935,1,1895,68039,60000,0.16019453125,0
hurdle_shared_stitch,same_period,1340,forecast__ota__data__h60__w0__continuous__model_rf,synthetic_training,69880,1,3490,66389,60000,0.1594153645833333,0
hurdle_shared_stitch,same_period,1340,forecast__ota__pkt_total__h15__w0__continuous__model_rf,synthetic_training,69925,1,2185,67739,60000,0.0533321614583333,0
hurdle_shared_stitch,same_period,1340,forecast__ota__pkt_total__h15__w0__continuous__model_linear,synthetic_training,69925,1,2185,67739,60000,0.0533321614583333,0
hurdle_shared_stitch,same_period,1340,forecast__ota__pkt_total__h5__w0__continuous__model_rf,synthetic_training,69935,1,1895,68039,60000,0.0533321614583333,0
hurdle_shared_stitch,same_period,1340,forecast__ota__pkt_total__h5__w0__continuous__model_linear,synthetic_training,69935,1,1895,68039,60000,0.0533321614583333,0
hurdle_shared_stitch,same_period,1340,forecast__ota__pkt_total__h60__w0__continuous__model_rf,synthetic_training,69880,1,3490,66389,60000,0.05307421875,0
hurdle_shared_stitch,same_period,1340,forecast__ota__pkt_total__h60__w0__continuous__model_linear,synthetic_training,69880,1,3490,66389,60000,0.05307421875,0
hurdle_shared_stitch,same_period,1341,forecast__ota__data__h15__w0__continuous__model_rf,synthetic_training,69925,0,2185,67740,60000,0.1601223958333333,0
hurdle_shared_stitch,same_period,1341,forecast__ota__data__h5__w0__continuous__model_rf,synthetic_training,69935,0,1895,68040,60000,0.1601223958333333,0
hurdle_shared_stitch,same_period,1341,forecast__ota__data__h60__w0__continuous__model_rf,synthetic_training,69880,0,3490,66390,60000,0.1593442708333333,0
hurdle_shared_stitch,same_period,1341,forecast__ota__pkt_total__h15__w0__continuous__model_rf,synthetic_training,69925,1,2185,67739,60000,0.0533552083333333,0
hurdle_shared_stitch,same_period,1341,forecast__ota__pkt_total__h15__w0__continuous__model_linear,synthetic_training,69925,1,2185,67739,60000,0.0533552083333333,0
hurdle_shared_stitch,same_period,1341,forecast__ota__pkt_total__h5__w0__continuous__model_rf,synthetic_training,69935,1,1895,68039,60000,0.0533552083333333,0
hurdle_shared_stitch,same_period,1341,forecast__ota__pkt_total__h5__w0__continuous__model_linear,synthetic_training,69935,1,1895,68039,60000,0.0533552083333333,0
hurdle_shared_stitch,same_period,1341,forecast__ota__pkt_total__h60__w0__continuous__model_rf,synthetic_training,69880,1,3490,66389,60000,0.0530947916666666,0
hurdle_shared_stitch,same_period,1341,forecast__ota__pkt_total__h60__w0__continuous__model_linear,synthetic_training,69880,1,3490,66389,60000,0.0530947916666666,0
learned_latent_var_overlay,same_period,1337,forecast__ota__data__h15__w0__continuous__model_rf,synthetic_training,69925,1,2185,67739,60000,0.1602220052083333,0
learned_latent_var_overlay,same_period,1337,forecast__ota__data__h5__w0__continuous__model_rf,synthetic_training,69935,1,1895,68039,60000,0.1602220052083333,0
learned_latent_var_overlay,same_period,1337,forecast__ota__data__h60__w0__continuous__model_rf,synthetic_training,69880,1,3490,66389,60000,0.1594407552083333,0
learned_latent_var_overlay,same_period,1337,forecast__ota__pkt_total__h15__w0__continuous__model_rf,synthetic_training,69925,0,2185,67740,60000,0.0534611979166666,0
learned_latent_var_overlay,same_period,1337,forecast__ota__pkt_total__h15__w0__continuous__model_linear,synthetic_training,69925,0,2185,67740,60000,0.0534611979166666,0
learned_latent_var_overlay,same_period,1337,forecast__ota__pkt_total__h5__w0__continuous__model_rf,synthetic_training,69935,0,1895,68040,60000,0.0534611979166666,0
learned_latent_var_overlay,same_period,1337,forecast__ota__pkt_total__h5__w0__continuous__model_linear,synthetic_training,69935,0,1895,68040,60000,0.0534611979166666,0
learned_latent_var_overlay,same_period,1337,forecast__ota__pkt_total__h60__w0__continuous__model_rf,synthetic_training,69880,0,3490,66390,60000,0.0532018229166666,0
learned_latent_var_overlay,same_period,1337,forecast__ota__pkt_total__h60__w0__continuous__model_linear,synthetic_training,69880,0,3490,66390,60000,0.0532018229166666,0
learned_latent_var_overlay,same_period,1338,forecast__ota__data__h15__w0__continuous__model_rf,synthetic_training,69925,1,2185,67739,60000,0.1604635416666666,0
learned_latent_var_overlay,same_period,1338,forecast__ota__data__h5__w0__continuous__model_rf,synthetic_training,69935,1,1895,68039,60000,0.1604635416666666,0
learned_latent_var_overlay,same_period,1338,forecast__ota__data__h60__w0__continuous__model_rf,synthetic_training,69880,1,3490,66389,60000,0.1596822916666666,0
learned_latent_var_overlay,same_period,1338,forecast__ota__pkt_total__h15__w0__continuous__model_rf,synthetic_training,69925,1,2185,67739,60000,0.0534697916666666,0
learned_latent_var_overlay,same_period,1338,forecast__ota__pkt_total__h15__w0__continuous__model_linear,synthetic_training,69925,1,2185,67739,60000,0.0534697916666666,0
learned_latent_var_overlay,same_period,1338,forecast__ota__pkt_total__h5__w0__continuous__model_rf,synthetic_training,69935,1,1895,68039,60000,0.0534697916666666,0
learned_latent_var_overlay,same_period,1338,forecast__ota__pkt_total__h5__w0__continuous__model_linear,synthetic_training,69935,1,1895,68039,60000,0.0534697916666666,0
learned_latent_var_overlay,same_period,1338,forecast__ota__pkt_total__h60__w0__continuous__model_rf,synthetic_training,69880,1,3490,66389,60000,0.053209375,0
learned_latent_var_overlay,same_period,1338,forecast__ota__pkt_total__h60__w0__continuous__model_linear,synthetic_training,69880,1,3490,66389,60000,0.053209375,0
learned_latent_var_overlay,same_period,1339,forecast__ota__data__h15__w0__continuous__model_rf,synthetic_training,69925,1,2185,67739,60000,0.1600731770833333,0
learned_latent_var_overlay,same_period,1339,forecast__ota__data__h5__w0__continuous__model_rf,synthetic_training,69935,1,1895,68039,60000,0.1600731770833333,0
learned_latent_var_overlay,same_period,1339,forecast__ota__data__h60__w0__continuous__model_rf,synthetic_training,69880,1,3490,66389,60000,0.1592955729166666,0
learned_latent_var_overlay,same_period,1339,forecast__ota__pkt_total__h15__w0__continuous__model_rf,synthetic_training,69925,1,2185,67739,60000,0.053309375,0
learned_latent_var_overlay,same_period,1339,forecast__ota__pkt_total__h15__w0__continuous__model_linear,synthetic_training,69925,1,2185,67739,60000,0.053309375,0
learned_latent_var_overlay,same_period,1339,forecast__ota__pkt_total__h5__w0__continuous__model_rf,synthetic_training,69935,1,1895,68039,60000,0.053309375,0
learned_latent_var_overlay,same_period,1339,forecast__ota__pkt_total__h5__w0__continuous__model_linear,synthetic_training,69935,1,1895,68039,60000,0.053309375,0
learned_latent_var_overlay,same_period,1339,forecast__ota__pkt_total__h60__w0__continuous__model_rf,synthetic_training,69880,1,3490,66389,60000,0.0530572916666666,0
learned_latent_var_overlay,same_period,1339,forecast__ota__pkt_total__h60__w0__continuous__model_linear,synthetic_training,69880,1,3490,66389,60000,0.0530572916666666,0
learned_latent_var_overlay,same_period,1340,forecast__ota__data__h15__w0__continuous__model_rf,synthetic_training,69925,0,2185,67740,60000,0.160246875,0
learned_latent_var_overlay,same_period,1340,forecast__ota__data__h5__w0__continuous__model_rf,synthetic_training,69935,0,1895,68040,60000,0.160246875,0
learned_latent_var_overlay,same_period,1340,forecast__ota__data__h60__w0__continuous__model_rf,synthetic_training,69880,0,3490,66390,60000,0.15946953125,0
learned_latent_var_overlay,same_period,1340,forecast__ota__pkt_total__h15__w0__continuous__model_rf,synthetic_training,69925,2,2185,67738,60000,0.0534006510416666,0
learned_latent_var_overlay,same_period,1340,forecast__ota__pkt_total__h15__w0__continuous__model_linear,synthetic_training,69925,2,2185,67738,60000,0.0534006510416666,0
learned_latent_var_overlay,same_period,1340,forecast__ota__pkt_total__h5__w0__continuous__model_rf,synthetic_training,69935,2,1895,68038,60000,0.0534006510416666,0
learned_latent_var_overlay,same_period,1340,forecast__ota__pkt_total__h5__w0__continuous__model_linear,synthetic_training,69935,2,1895,68038,60000,0.0534006510416666,0
learned_latent_var_overlay,same_period,1340,forecast__ota__pkt_total__h60__w0__continuous__model_rf,synthetic_training,69880,2,3490,66388,60000,0.0531423177083333,0
learned_latent_var_overlay,same_period,1340,forecast__ota__pkt_total__h60__w0__continuous__model_linear,synthetic_training,69880,2,3490,66388,60000,0.0531423177083333,0
learned_latent_var_overlay,same_period,1341,forecast__ota__data__h15__w0__continuous__model_rf,synthetic_training,69925,0,2185,67740,60000,0.16027421875,0
learned_latent_var_overlay,same_period,1341,forecast__ota__data__h5__w0__continuous__model_rf,synthetic_training,69935,0,1895,68040,60000,0.1602743489583333,0
learned_latent_var_overlay,same_period,1341,forecast__ota__data__h60__w0__continuous__model_rf,synthetic_training,69880,0,3490,66390,60000,0.1594953125,0
learned_latent_var_overlay,same_period,1341,forecast__ota__pkt_total__h15__w0__continuous__model_rf,synthetic_training,69925,0,2185,67740,60000,0.0534227864583333,0
learned_latent_var_overlay,same_period,1341,forecast__ota__pkt_total__h15__w0__continuous__model_linear,synthetic_training,69925,0,2185,67740,60000,0.0534227864583333,0
learned_latent_var_overlay,same_period,1341,forecast__ota__pkt_total__h5__w0__continuous__model_rf,synthetic_training,69935,0,1895,68040,60000,0.0534234375,0
learned_latent_var_overlay,same_period,1341,forecast__ota__pkt_total__h5__w0__continuous__model_linear,synthetic_training,69935,0,1895,68040,60000,0.0534234375,0
learned_latent_var_overlay,same_period,1341,forecast__ota__pkt_total__h60__w0__continuous__model_rf,synthetic_training,69880,0,3490,66390,60000,0.0531602864583333,0
learned_latent_var_overlay,same_period,1341,forecast__ota__pkt_total__h60__w0__continuous__model_linear,synthetic_training,69880,0,3490,66390,60000,0.0531602864583333,0
real_block,future,1337,forecast__ota__data__h15__w0__continuous__model_rf,synthetic_training,69925,1,2185,67739,60000,0.1311520833333333,0
real_block,future,1337,forecast__ota__data__h5__w0__continuous__model_rf,synthetic_training,69935,1,1895,68039,60000,0.1309020833333333,0
real_block,future,1337,forecast__ota__data__h60__w0__continuous__model_rf,synthetic_training,69880,1,3490,66389,60000,0.1322770833333333,0
real_block,future,1337,forecast__ota__pkt_total__h15__w0__continuous__model_rf,synthetic_training,69925,1,2185,67739,60000,0.0439359375,0
real_block,future,1337,forecast__ota__pkt_total__h15__w0__continuous__model_linear,synthetic_training,69925,1,2185,67739,60000,0.0439359375,0
real_block,future,1337,forecast__ota__pkt_total__h5__w0__continuous__model_rf,synthetic_training,69935,1,1895,68039,60000,0.0438526041666666,0
real_block,future,1337,forecast__ota__pkt_total__h5__w0__continuous__model_linear,synthetic_training,69935,1,1895,68039,60000,0.0438526041666666,0
real_block,future,1337,forecast__ota__pkt_total__h60__w0__continuous__model_rf,synthetic_training,69880,1,3490,66389,60000,0.0443109375,0
real_block,future,1337,forecast__ota__pkt_total__h60__w0__continuous__model_linear,synthetic_training,69880,1,3490,66389,60000,0.0443109375,0
real_block,future,1338,forecast__ota__data__h15__w0__continuous__model_rf,synthetic_training,69925,0,2185,67740,60000,0.138189453125,0
real_block,future,1338,forecast__ota__data__h5__w0__continuous__model_rf,synthetic_training,69935,0,1895,68040,60000,0.137970703125,0
real_block,future,1338,forecast__ota__data__h60__w0__continuous__model_rf,synthetic_training,69880,0,3490,66390,60000,0.1391709635416666,0
real_block,future,1338,forecast__ota__pkt_total__h15__w0__continuous__model_rf,synthetic_training,69925,0,2185,67740,60000,0.04624765625,0
real_block,future,1338,forecast__ota__pkt_total__h15__w0__continuous__model_linear,synthetic_training,69925,0,2185,67740,60000,0.04624765625,0
real_block,future,1338,forecast__ota__pkt_total__h5__w0__continuous__model_rf,synthetic_training,69935,0,1895,68040,60000,0.0461747395833333,0
real_block,future,1338,forecast__ota__pkt_total__h5__w0__continuous__model_linear,synthetic_training,69935,0,1895,68040,60000,0.0461747395833333,0
real_block,future,1338,forecast__ota__pkt_total__h60__w0__continuous__model_rf,synthetic_training,69880,0,3490,66390,60000,0.04656796875,0
real_block,future,1338,forecast__ota__pkt_total__h60__w0__continuous__model_linear,synthetic_training,69880,0,3490,66390,60000,0.04656796875,0
real_block,future,1339,forecast__ota__data__h15__w0__continuous__model_rf,synthetic_training,69925,1,2185,67739,60000,0.1240971354166666,0
real_block,future,1339,forecast__ota__data__h5__w0__continuous__model_rf,synthetic_training,69935,1,1895,68039,60000,0.1238169270833333,0
real_block,future,1339,forecast__ota__data__h60__w0__continuous__model_rf,synthetic_training,69880,1,3490,66389,60000,0.1245760416666666,0
real_block,future,1339,forecast__ota__pkt_total__h15__w0__continuous__model_rf,synthetic_training,69925,1,2185,67739,60000,0.0415864583333333,0
real_block,future,1339,forecast__ota__pkt_total__h15__w0__continuous__model_linear,synthetic_training,69925,1,2185,67739,60000,0.0415864583333333,0
real_block,future,1339,forecast__ota__pkt_total__h5__w0__continuous__model_rf,synthetic_training,69935,1,1895,68039,60000,0.0414953125,0
real_block,future,1339,forecast__ota__pkt_total__h5__w0__continuous__model_linear,synthetic_training,69935,1,1895,68039,60000,0.0414953125,0
real_block,future,1339,forecast__ota__pkt_total__h60__w0__continuous__model_rf,synthetic_training,69880,1,3490,66389,60000,0.0417348958333333,0
real_block,future,1339,forecast__ota__pkt_total__h60__w0__continuous__model_linear,synthetic_training,69880,1,3490,66389,60000,0.0417348958333333,0
real_block,future,1340,forecast__ota__data__h15__w0__continuous__model_rf,synthetic_training,69925,1,2185,67739,60000,0.1405174479166666,0
real_block,future,1340,forecast__ota__data__h5__w0__continuous__model_rf,synthetic_training,69935,1,1895,68039,60000,0.140305859375,0
real_block,future,1340,forecast__ota__data__h60__w0__continuous__model_rf,synthetic_training,69880,1,3490,66389,60000,0.1414619791666666,0
real_block,future,1340,forecast__ota__pkt_total__h15__w0__continuous__model_rf,synthetic_training,69925,1,2185,67739,60000,0.0462489583333333,0
real_block,future,1340,forecast__ota__pkt_total__h15__w0__continuous__model_linear,synthetic_training,69925,1,2185,67739,60000,0.0462489583333333,0
real_block,future,1340,forecast__ota__pkt_total__h5__w0__continuous__model_rf,synthetic_training,69935,1,1895,68039,60000,0.0461799479166666,0
real_block,future,1340,forecast__ota__pkt_total__h5__w0__continuous__model_linear,synthetic_training,69935,1,1895,68039,60000,0.0461799479166666,0
real_block,future,1340,forecast__ota__pkt_total__h60__w0__continuous__model_rf,synthetic_training,69880,1,3490,66389,60000,0.0465458333333333,0
real_block,future,1340,forecast__ota__pkt_total__h60__w0__continuous__model_linear,synthetic_training,69880,1,3490,66389,60000,0.0465458333333333,0
real_block,future,1341,forecast__ota__data__h15__w0__continuous__model_rf,synthetic_training,69925,0,2185,67740,60000,0.1170325520833333,0
real_block,future,1341,forecast__ota__data__h5__w0__continuous__model_rf,synthetic_training,69935,0,1895,68040,60000,0.1167200520833333,0
real_block,future,1341,forecast__ota__data__h60__w0__continuous__model_rf,synthetic_training,69880,0,3490,66390,60000,0.1176606770833333,0
real_block,future,1341,forecast__ota__pkt_total__h15__w0__continuous__model_rf,synthetic_training,69925,0,2185,67740,60000,0.0392161458333333,0
real_block,future,1341,forecast__ota__pkt_total__h15__w0__continuous__model_linear,synthetic_training,69925,0,2185,67740,60000,0.0392161458333333,0
real_block,future,1341,forecast__ota__pkt_total__h5__w0__continuous__model_rf,synthetic_training,69935,0,1895,68040,60000,0.0391119791666666,0
real_block,future,1341,forecast__ota__pkt_total__h5__w0__continuous__model_linear,synthetic_training,69935,0,1895,68040,60000,0.0391119791666666,0
real_block,future,1341,forecast__ota__pkt_total__h60__w0__continuous__model_rf,synthetic_training,69880,0,3490,66390,60000,0.0394255208333333,0
real_block,future,1341,forecast__ota__pkt_total__h60__w0__continuous__model_linear,synthetic_training,69880,0,3490,66390,60000,0.0394255208333333,0
hurdle_independent_stitch,future,1337,forecast__ota__data__h15__w0__continuous__model_rf,synthetic_training,69925,1,2185,67739,60000,0.126546875,0
hurdle_independent_stitch,future,1337,forecast__ota__data__h5__w0__continuous__model_rf,synthetic_training,69935,1,1895,68039,60000,0.1265421875,0
hurdle_independent_stitch,future,1337,forecast__ota__data__h60__w0__continuous__model_rf,synthetic_training,69880,1,3490,66389,60000,0.125790234375,0
hurdle_independent_stitch,future,1337,forecast__ota__pkt_total__h15__w0__continuous__model_rf,synthetic_training,69925,0,2185,67740,60000,0.0420541666666666,0
hurdle_independent_stitch,future,1337,forecast__ota__pkt_total__h15__w0__continuous__model_linear,synthetic_training,69925,0,2185,67740,60000,0.0420541666666666,0
hurdle_independent_stitch,future,1337,forecast__ota__pkt_total__h5__w0__continuous__model_rf,synthetic_training,69935,0,1895,68040,60000,0.0420546875,0
hurdle_independent_stitch,future,1337,forecast__ota__pkt_total__h5__w0__continuous__model_linear,synthetic_training,69935,0,1895,68040,60000,0.0420546875,0
hurdle_independent_stitch,future,1337,forecast__ota__pkt_total__h60__w0__continuous__model_rf,synthetic_training,69880,0,3490,66390,60000,0.0417942708333333,0
hurdle_independent_stitch,future,1337,forecast__ota__pkt_total__h60__w0__continuous__model_linear,synthetic_training,69880,0,3490,66390,60000,0.0417942708333333,0
hurdle_independent_stitch,future,1338,forecast__ota__data__h15__w0__continuous__model_rf,synthetic_training,69925,0,2185,67740,60000,0.1271865885416666,0
hurdle_independent_stitch,future,1338,forecast__ota__data__h5__w0__continuous__model_rf,synthetic_training,69935,0,1895,68040,60000,0.1271868489583333,0
hurdle_independent_stitch,future,1338,forecast__ota__data__h60__w0__continuous__model_rf,synthetic_training,69880,0,3490,66390,60000,0.12640859375,0
hurdle_independent_stitch,future,1338,forecast__ota__pkt_total__h15__w0__continuous__model_rf,synthetic_training,69925,0,2185,67740,60000,0.0422713541666666,0
hurdle_independent_stitch,future,1338,forecast__ota__pkt_total__h15__w0__continuous__model_linear,synthetic_training,69925,0,2185,67740,60000,0.0422713541666666,0
hurdle_independent_stitch,future,1338,forecast__ota__pkt_total__h5__w0__continuous__model_rf,synthetic_training,69935,0,1895,68040,60000,0.0422717447916666,0
hurdle_independent_stitch,future,1338,forecast__ota__pkt_total__h5__w0__continuous__model_linear,synthetic_training,69935,0,1895,68040,60000,0.0422717447916666,0
hurdle_independent_stitch,future,1338,forecast__ota__pkt_total__h60__w0__continuous__model_rf,synthetic_training,69880,0,3490,66390,60000,0.0420138020833333,0
hurdle_independent_stitch,future,1338,forecast__ota__pkt_total__h60__w0__continuous__model_linear,synthetic_training,69880,0,3490,66390,60000,0.0420138020833333,0
hurdle_independent_stitch,future,1339,forecast__ota__data__h15__w0__continuous__model_rf,synthetic_training,69925,0,2185,67740,60000,0.127081640625,0
hurdle_independent_stitch,future,1339,forecast__ota__data__h5__w0__continuous__model_rf,synthetic_training,69935,0,1895,68040,60000,0.1270811197916666,0
hurdle_independent_stitch,future,1339,forecast__ota__data__h60__w0__continuous__model_rf,synthetic_training,69880,0,3490,66390,60000,0.1263049479166666,0
hurdle_independent_stitch,future,1339,forecast__ota__pkt_total__h15__w0__continuous__model_rf,synthetic_training,69925,0,2185,67740,60000,0.0422473958333333,0
hurdle_independent_stitch,future,1339,forecast__ota__pkt_total__h15__w0__continuous__model_linear,synthetic_training,69925,0,2185,67740,60000,0.0422473958333333,0
hurdle_independent_stitch,future,1339,forecast__ota__pkt_total__h5__w0__continuous__model_rf,synthetic_training,69935,0,1895,68040,60000,0.0422473958333333,0
hurdle_independent_stitch,future,1339,forecast__ota__pkt_total__h5__w0__continuous__model_linear,synthetic_training,69935,0,1895,68040,60000,0.0422473958333333,0
hurdle_independent_stitch,future,1339,forecast__ota__pkt_total__h60__w0__continuous__model_rf,synthetic_training,69880,0,3490,66390,60000,0.0419877604166666,0
hurdle_independent_stitch,future,1339,forecast__ota__pkt_total__h60__w0__continuous__model_linear,synthetic_training,69880,0,3490,66390,60000,0.0419877604166666,0
hurdle_independent_stitch,future,1340,forecast__ota__data__h15__w0__continuous__model_rf,synthetic_training,69925,2,2185,67738,60000,0.1268490885416666,0
hurdle_independent_stitch,future,1340,forecast__ota__data__h5__w0__continuous__model_rf,synthetic_training,69935,2,1895,68038,60000,0.12684921875,0
hurdle_independent_stitch,future,1340,forecast__ota__data__h60__w0__continuous__model_rf,synthetic_training,69880,2,3490,66388,60000,0.1260645833333333,0
hurdle_independent_stitch,future,1340,forecast__ota__pkt_total__h15__w0__continuous__model_rf,synthetic_training,69925,1,2185,67739,60000,0.042181640625,0
hurdle_independent_stitch,future,1340,forecast__ota__pkt_total__h15__w0__continuous__model_linear,synthetic_training,69925,1,2185,67739,60000,0.042181640625,0
hurdle_independent_stitch,future,1340,forecast__ota__pkt_total__h5__w0__continuous__model_rf,synthetic_training,69935,1,1895,68039,60000,0.0421815104166666,0
hurdle_independent_stitch,future,1340,forecast__ota__pkt_total__h5__w0__continuous__model_linear,synthetic_training,69935,1,1895,68039,60000,0.0421815104166666,0
hurdle_independent_stitch,future,1340,forecast__ota__pkt_total__h60__w0__continuous__model_rf,synthetic_training,69880,1,3490,66389,60000,0.0419221354166666,0
hurdle_independent_stitch,future,1340,forecast__ota__pkt_total__h60__w0__continuous__model_linear,synthetic_training,69880,1,3490,66389,60000,0.0419221354166666,0
hurdle_independent_stitch,future,1341,forecast__ota__data__h15__w0__continuous__model_rf,synthetic_training,69925,1,2185,67739,60000,0.1268442708333333,0
hurdle_independent_stitch,future,1341,forecast__ota__data__h5__w0__continuous__model_rf,synthetic_training,69935,1,1895,68039,60000,0.1268444010416666,0
hurdle_independent_stitch,future,1341,forecast__ota__data__h60__w0__continuous__model_rf,synthetic_training,69880,1,3490,66389,60000,0.1260630208333333,0
hurdle_independent_stitch,future,1341,forecast__ota__pkt_total__h15__w0__continuous__model_rf,synthetic_training,69925,1,2185,67739,60000,0.0422872395833333,0
hurdle_independent_stitch,future,1341,forecast__ota__pkt_total__h15__w0__continuous__model_linear,synthetic_training,69925,1,2185,67739,60000,0.0422872395833333,0
hurdle_independent_stitch,future,1341,forecast__ota__pkt_total__h5__w0__continuous__model_rf,synthetic_training,69935,1,1895,68039,60000,0.0422875,0
hurdle_independent_stitch,future,1341,forecast__ota__pkt_total__h5__w0__continuous__model_linear,synthetic_training,69935,1,1895,68039,60000,0.0422875,0
hurdle_independent_stitch,future,1341,forecast__ota__pkt_total__h60__w0__continuous__model_rf,synthetic_training,69880,1,3490,66389,60000,0.0420279947916666,0
hurdle_independent_stitch,future,1341,forecast__ota__pkt_total__h60__w0__continuous__model_linear,synthetic_training,69880,1,3490,66389,60000,0.0420279947916666,0
hurdle_shared_stitch,future,1337,forecast__ota__data__h15__w0__continuous__model_rf,synthetic_training,69925,1,2185,67739,60000,0.126555078125,0
hurdle_shared_stitch,future,1337,forecast__ota__data__h5__w0__continuous__model_rf,synthetic_training,69935,1,1895,68039,60000,0.1265502604166666,0
hurdle_shared_stitch,future,1337,forecast__ota__data__h60__w0__continuous__model_rf,synthetic_training,69880,1,3490,66389,60000,0.125795703125,0
hurdle_shared_stitch,future,1337,forecast__ota__pkt_total__h15__w0__continuous__model_rf,synthetic_training,69925,0,2185,67740,60000,0.042105078125,0
hurdle_shared_stitch,future,1337,forecast__ota__pkt_total__h15__w0__continuous__model_linear,synthetic_training,69925,0,2185,67740,60000,0.042105078125,0
hurdle_shared_stitch,future,1337,forecast__ota__pkt_total__h5__w0__continuous__model_rf,synthetic_training,69935,0,1895,68040,60000,0.0421059895833333,0
hurdle_shared_stitch,future,1337,forecast__ota__pkt_total__h5__w0__continuous__model_linear,synthetic_training,69935,0,1895,68040,60000,0.0421059895833333,0
hurdle_shared_stitch,future,1337,forecast__ota__pkt_total__h60__w0__continuous__model_rf,synthetic_training,69880,0,3490,66390,60000,0.04184140625,0
hurdle_shared_stitch,future,1337,forecast__ota__pkt_total__h60__w0__continuous__model_linear,synthetic_training,69880,0,3490,66390,60000,0.04184140625,0
hurdle_shared_stitch,future,1338,forecast__ota__data__h15__w0__continuous__model_rf,synthetic_training,69925,0,2185,67740,60000,0.1271921875,0
hurdle_shared_stitch,future,1338,forecast__ota__data__h5__w0__continuous__model_rf,synthetic_training,69935,0,1895,68040,60000,0.1271921875,0
hurdle_shared_stitch,future,1338,forecast__ota__data__h60__w0__continuous__model_rf,synthetic_training,69880,0,3490,66390,60000,0.1264140625,0
hurdle_shared_stitch,future,1338,forecast__ota__pkt_total__h15__w0__continuous__model_rf,synthetic_training,69925,0,2185,67740,60000,0.0422697916666666,0
hurdle_shared_stitch,future,1338,forecast__ota__pkt_total__h15__w0__continuous__model_linear,synthetic_training,69925,0,2185,67740,60000,0.0422697916666666,0
hurdle_shared_stitch,future,1338,forecast__ota__pkt_total__h5__w0__continuous__model_rf,synthetic_training,69935,0,1895,68040,60000,0.0422697916666666,0
hurdle_shared_stitch,future,1338,forecast__ota__pkt_total__h5__w0__continuous__model_linear,synthetic_training,69935,0,1895,68040,60000,0.0422697916666666,0
hurdle_shared_stitch,future,1338,forecast__ota__pkt_total__h60__w0__continuous__model_rf,synthetic_training,69880,0,3490,66390,60000,0.0420104166666666,0
hurdle_shared_stitch,future,1338,forecast__ota__pkt_total__h60__w0__continuous__model_linear,synthetic_training,69880,0,3490,66390,60000,0.0420104166666666,0
hurdle_shared_stitch,future,1339,forecast__ota__data__h15__w0__continuous__model_rf,synthetic_training,69925,0,2185,67740,60000,0.1270802083333333,0
hurdle_shared_stitch,future,1339,forecast__ota__data__h5__w0__continuous__model_rf,synthetic_training,69935,0,1895,68040,60000,0.1270802083333333,0
hurdle_shared_stitch,future,1339,forecast__ota__data__h60__w0__continuous__model_rf,synthetic_training,69880,0,3490,66390,60000,0.1263020833333333,0
hurdle_shared_stitch,future,1339,forecast__ota__pkt_total__h15__w0__continuous__model_rf,synthetic_training,69925,0,2185,67740,60000,0.0422580729166666,0
hurdle_shared_stitch,future,1339,forecast__ota__pkt_total__h15__w0__continuous__model_linear,synthetic_training,69925,0,2185,67740,60000,0.0422580729166666,0
hurdle_shared_stitch,future,1339,forecast__ota__pkt_total__h5__w0__continuous__model_rf,synthetic_training,69935,0,1895,68040,60000,0.0422580729166666,0
hurdle_shared_stitch,future,1339,forecast__ota__pkt_total__h5__w0__continuous__model_linear,synthetic_training,69935,0,1895,68040,60000,0.0422580729166666,0
hurdle_shared_stitch,future,1339,forecast__ota__pkt_total__h60__w0__continuous__model_rf,synthetic_training,69880,0,3490,66390,60000,0.0419986979166666,0
hurdle_shared_stitch,future,1339,forecast__ota__pkt_total__h60__w0__continuous__model_linear,synthetic_training,69880,0,3490,66390,60000,0.0419986979166666,0
hurdle_shared_stitch,future,1340,forecast__ota__data__h15__w0__continuous__model_rf,synthetic_training,69925,2,2184,67739,60000,0.1268611979166666,0
hurdle_shared_stitch,future,1340,forecast__ota__data__h5__w0__continuous__model_rf,synthetic_training,69935,2,1894,68039,60000,0.1268611979166666,0
hurdle_shared_stitch,future,1340,forecast__ota__data__h60__w0__continuous__model_rf,synthetic_training,69880,2,3489,66389,60000,0.1260799479166666,0
hurdle_shared_stitch,future,1340,forecast__ota__pkt_total__h15__w0__continuous__model_rf,synthetic_training,69925,1,2185,67739,60000,0.0421807291666666,0
hurdle_shared_stitch,future,1340,forecast__ota__pkt_total__h15__w0__continuous__model_linear,synthetic_training,69925,1,2185,67739,60000,0.0421807291666666,0
hurdle_shared_stitch,future,1340,forecast__ota__pkt_total__h5__w0__continuous__model_rf,synthetic_training,69935,1,1895,68039,60000,0.0421807291666666,0
hurdle_shared_stitch,future,1340,forecast__ota__pkt_total__h5__w0__continuous__model_linear,synthetic_training,69935,1,1895,68039,60000,0.0421807291666666,0
hurdle_shared_stitch,future,1340,forecast__ota__pkt_total__h60__w0__continuous__model_rf,synthetic_training,69880,1,3490,66389,60000,0.0419203125,0
hurdle_shared_stitch,future,1340,forecast__ota__pkt_total__h60__w0__continuous__model_linear,synthetic_training,69880,1,3490,66389,60000,0.0419203125,0
hurdle_shared_stitch,future,1341,forecast__ota__data__h15__w0__continuous__model_rf,synthetic_training,69925,1,2185,67739,60000,0.1268549479166666,0
hurdle_shared_stitch,future,1341,forecast__ota__data__h5__w0__continuous__model_rf,synthetic_training,69935,1,1895,68039,60000,0.1268552083333333,0
hurdle_shared_stitch,future,1341,forecast__ota__data__h60__w0__continuous__model_rf,synthetic_training,69880,1,3490,66389,60000,0.1260791666666666,0
hurdle_shared_stitch,future,1341,forecast__ota__pkt_total__h15__w0__continuous__model_rf,synthetic_training,69925,1,2185,67739,60000,0.04230625,0
hurdle_shared_stitch,future,1341,forecast__ota__pkt_total__h15__w0__continuous__model_linear,synthetic_training,69925,1,2185,67739,60000,0.04230625,0
hurdle_shared_stitch,future,1341,forecast__ota__pkt_total__h5__w0__continuous__model_rf,synthetic_training,69935,1,1895,68039,60000,0.0423069010416666,0
hurdle_shared_stitch,future,1341,forecast__ota__pkt_total__h5__w0__continuous__model_linear,synthetic_training,69935,1,1895,68039,60000,0.0423069010416666,0
hurdle_shared_stitch,future,1341,forecast__ota__pkt_total__h60__w0__continuous__model_rf,synthetic_training,69880,1,3490,66389,60000,0.042054296875,0
hurdle_shared_stitch,future,1341,forecast__ota__pkt_total__h60__w0__continuous__model_linear,synthetic_training,69880,1,3490,66389,60000,0.042054296875,0
learned_latent_var_overlay,future,1337,forecast__ota__data__h15__w0__continuous__model_rf,synthetic_training,69925,2,2185,67738,60000,0.1267291666666666,0
learned_latent_var_overlay,future,1337,forecast__ota__data__h5__w0__continuous__model_rf,synthetic_training,69935,2,1895,68038,60000,0.1267291666666666,0
learned_latent_var_overlay,future,1337,forecast__ota__data__h60__w0__continuous__model_rf,synthetic_training,69880,2,3490,66388,60000,0.1259447916666666,0
learned_latent_var_overlay,future,1337,forecast__ota__pkt_total__h15__w0__continuous__model_rf,synthetic_training,69925,0,2185,67740,60000,0.0422182291666666,0
learned_latent_var_overlay,future,1337,forecast__ota__pkt_total__h15__w0__continuous__model_linear,synthetic_training,69925,0,2185,67740,60000,0.0422182291666666,0
learned_latent_var_overlay,future,1337,forecast__ota__pkt_total__h5__w0__continuous__model_rf,synthetic_training,69935,0,1895,68040,60000,0.0422182291666666,0
learned_latent_var_overlay,future,1337,forecast__ota__pkt_total__h5__w0__continuous__model_linear,synthetic_training,69935,0,1895,68040,60000,0.0422182291666666,0
learned_latent_var_overlay,future,1337,forecast__ota__pkt_total__h60__w0__continuous__model_rf,synthetic_training,69880,0,3490,66390,60000,0.0419588541666666,0
learned_latent_var_overlay,future,1337,forecast__ota__pkt_total__h60__w0__continuous__model_linear,synthetic_training,69880,0,3490,66390,60000,0.0419588541666666,0
learned_latent_var_overlay,future,1338,forecast__ota__data__h15__w0__continuous__model_rf,synthetic_training,69925,2,2185,67738,60000,0.1269221354166666,0
learned_latent_var_overlay,future,1338,forecast__ota__data__h5__w0__continuous__model_rf,synthetic_training,69935,2,1895,68038,60000,0.1269221354166666,0
learned_latent_var_overlay,future,1338,forecast__ota__data__h60__w0__continuous__model_rf,synthetic_training,69880,2,3490,66388,60000,0.1261368489583333,0
learned_latent_var_overlay,future,1338,forecast__ota__pkt_total__h15__w0__continuous__model_rf,synthetic_training,69925,2,2185,67738,60000,0.0422802083333333,0
learned_latent_var_overlay,future,1338,forecast__ota__pkt_total__h15__w0__continuous__model_linear,synthetic_training,69925,2,2185,67738,60000,0.0422802083333333,0
learned_latent_var_overlay,future,1338,forecast__ota__pkt_total__h5__w0__continuous__model_rf,synthetic_training,69935,2,1895,68038,60000,0.0422802083333333,0
learned_latent_var_overlay,future,1338,forecast__ota__pkt_total__h5__w0__continuous__model_linear,synthetic_training,69935,2,1895,68038,60000,0.0422802083333333,0
learned_latent_var_overlay,future,1338,forecast__ota__pkt_total__h60__w0__continuous__model_rf,synthetic_training,69880,2,3490,66388,60000,0.042017578125,0
learned_latent_var_overlay,future,1338,forecast__ota__pkt_total__h60__w0__continuous__model_linear,synthetic_training,69880,2,3490,66388,60000,0.042017578125,0
learned_latent_var_overlay,future,1339,forecast__ota__data__h15__w0__continuous__model_rf,synthetic_training,69925,1,2185,67739,60000,0.1268169270833333,0
learned_latent_var_overlay,future,1339,forecast__ota__data__h5__w0__continuous__model_rf,synthetic_training,69935,1,1895,68039,60000,0.1268169270833333,0
learned_latent_var_overlay,future,1339,forecast__ota__data__h60__w0__continuous__model_rf,synthetic_training,69880,1,3490,66389,60000,0.1260369791666666,0
learned_latent_var_overlay,future,1339,forecast__ota__pkt_total__h15__w0__continuous__model_rf,synthetic_training,69925,1,2185,67739,60000,0.0421794270833333,0
learned_latent_var_overlay,future,1339,forecast__ota__pkt_total__h15__w0__continuous__model_linear,synthetic_training,69925,1,2185,67739,60000,0.0421794270833333,0
learned_latent_var_overlay,future,1339,forecast__ota__pkt_total__h5__w0__continuous__model_rf,synthetic_training,69935,1,1895,68039,60000,0.0421794270833333,0
learned_latent_var_overlay,future,1339,forecast__ota__pkt_total__h5__w0__continuous__model_linear,synthetic_training,69935,1,1895,68039,60000,0.0421794270833333,0
learned_latent_var_overlay,future,1339,forecast__ota__pkt_total__h60__w0__continuous__model_rf,synthetic_training,69880,1,3490,66389,60000,0.0419268229166666,0
learned_latent_var_overlay,future,1339,forecast__ota__pkt_total__h60__w0__continuous__model_linear,synthetic_training,69880,1,3490,66389,60000,0.0419268229166666,0
learned_latent_var_overlay,future,1340,forecast__ota__data__h15__w0__continuous__model_rf,synthetic_training,69925,0,2185,67740,60000,0.1268641927083333,0
learned_latent_var_overlay,future,1340,forecast__ota__data__h5__w0__continuous__model_rf,synthetic_training,69935,0,1895,68040,60000,0.1268641927083333,0
learned_latent_var_overlay,future,1340,forecast__ota__data__h60__w0__continuous__model_rf,synthetic_training,69880,0,3490,66390,60000,0.1260916666666666,0
learned_latent_var_overlay,future,1340,forecast__ota__pkt_total__h15__w0__continuous__model_rf,synthetic_training,69925,2,2185,67738,60000,0.0422877604166666,0
learned_latent_var_overlay,future,1340,forecast__ota__pkt_total__h15__w0__continuous__model_linear,synthetic_training,69925,2,2185,67738,60000,0.0422877604166666,0
learned_latent_var_overlay,future,1340,forecast__ota__pkt_total__h5__w0__continuous__model_rf,synthetic_training,69935,2,1895,68038,60000,0.0422877604166666,0
learned_latent_var_overlay,future,1340,forecast__ota__pkt_total__h5__w0__continuous__model_linear,synthetic_training,69935,2,1895,68038,60000,0.0422877604166666,0
learned_latent_var_overlay,future,1340,forecast__ota__pkt_total__h60__w0__continuous__model_rf,synthetic_training,69880,2,3490,66388,60000,0.0420359375,0
learned_latent_var_overlay,future,1340,forecast__ota__pkt_total__h60__w0__continuous__model_linear,synthetic_training,69880,2,3490,66388,60000,0.0420359375,0
learned_latent_var_overlay,future,1341,forecast__ota__data__h15__w0__continuous__model_rf,synthetic_training,69925,1,2185,67739,60000,0.1267411458333333,0
learned_latent_var_overlay,future,1341,forecast__ota__data__h5__w0__continuous__model_rf,synthetic_training,69935,1,1895,68039,60000,0.1267411458333333,0
learned_latent_var_overlay,future,1341,forecast__ota__data__h60__w0__continuous__model_rf,synthetic_training,69880,1,3490,66389,60000,0.125958203125,0
learned_latent_var_overlay,future,1341,forecast__ota__pkt_total__h15__w0__continuous__model_rf,synthetic_training,69925,2,2185,67738,60000,0.0424083333333333,0
learned_latent_var_overlay,future,1341,forecast__ota__pkt_total__h15__w0__continuous__model_linear,synthetic_training,69925,2,2185,67738,60000,0.0424083333333333,0
learned_latent_var_overlay,future,1341,forecast__ota__pkt_total__h5__w0__continuous__model_rf,synthetic_training,69935,2,1895,68038,60000,0.0424083333333333,0
learned_latent_var_overlay,future,1341,forecast__ota__pkt_total__h5__w0__continuous__model_linear,synthetic_training,69935,2,1895,68038,60000,0.0424083333333333,0
learned_latent_var_overlay,future,1341,forecast__ota__pkt_total__h60__w0__continuous__model_rf,synthetic_training,69880,2,3490,66388,60000,0.0421421875,0
learned_latent_var_overlay,future,1341,forecast__ota__pkt_total__h60__w0__continuous__model_linear,synthetic_training,69880,2,3490,66388,60000,0.0421421875,0
