source,period,seed,status,source_valid,route,old_hash,new_hash,full_output_range_valid,reviewed_scoped_valid,max_full_range_violation
column_shuffle,future,1337,ok,True,unaffected_original_scope,c9381a2210d8a4a9fcd398794e0b24ae371807f91264b58a27e3599a4e4fb2cc,c9381a2210d8a4a9fcd398794e0b24ae371807f91264b58a27e3599a4e4fb2cc,,,
column_shuffle,future,1338,ok,True,unaffected_original_scope,128e9f7a36edb645a51403954444597b8930f4c124b66f2807a7e214f043220d,128e9f7a36edb645a51403954444597b8930f4c124b66f2807a7e214f043220d,,,
column_shuffle,future,1339,ok,True,unaffected_original_scope,46a1c04549f79d20a526e1d1fd347103053f2e55363722454333fe572e9218f5,46a1c04549f79d20a526e1d1fd347103053f2e55363722454333fe572e9218f5,,,
column_shuffle,future,1340,ok,True,unaffected_original_scope,0585a64879dcb0f9410928104724420a3fea1cf4abfee8d8aa29a5a6f88d87f9,0585a64879dcb0f9410928104724420a3fea1cf4abfee8d8aa29a5a6f88d87f9,,,
column_shuffle,future,1341,ok,True,unaffected_original_scope,421682de491211acf752d7e9d4dc36980433ada903cb41597b2fa219d9c47f96,421682de491211acf752d7e9d4dc36980433ada903cb41597b2fa219d9c47f96,,,
independent_marginal,future,1337,ok,True,unaffected_original_scope,e1f89fc7d7b5c1ff1e8952ce2d4de2f594690ff7fec69a693f33beeb99c03f15,e1f89fc7d7b5c1ff1e8952ce2d4de2f594690ff7fec69a693f33beeb99c03f15,,,
independent_marginal,future,1338,ok,True,unaffected_original_scope,3992b78d446681eb3f85b3e2df29a7ef1569e7c233e50a950da121b8845cf537,3992b78d446681eb3f85b3e2df29a7ef1569e7c233e50a950da121b8845cf537,,,
independent_marginal,future,1339,ok,True,unaffected_original_scope,b1307829b863d3ff791e6bc4604aeb813cd44fda9446337c0573afe41b091380,b1307829b863d3ff791e6bc4604aeb813cd44fda9446337c0573afe41b091380,,,
independent_marginal,future,1340,ok,True,unaffected_original_scope,88c25615dd33843d5092d91180b5a88fd3c26c879bab80ab9b991149f965ef74,88c25615dd33843d5092d91180b5a88fd3c26c879bab80ab9b991149f965ef74,,,
independent_marginal,future,1341,ok,True,unaffected_original_scope,ceabbd93282366d5fee192b508a8ca3f7485f1f6d6364d2b775d84091218381f,ceabbd93282366d5fee192b508a8ca3f7485f1f6d6364d2b775d84091218381f,,,
real_block,future,1337,ok,True,unaffected_original_scope,141861e1f0f2ab6dd108fb8978b2a29a9720da22349c70e8e1248d512a4d396e,141861e1f0f2ab6dd108fb8978b2a29a9720da22349c70e8e1248d512a4d396e,,,
real_block,future,1338,ok,True,unaffected_original_scope,194f5c94c687cca40441554718a7677b9b7a6e2c25d07663d22f3f8072cefc5b,194f5c94c687cca40441554718a7677b9b7a6e2c25d07663d22f3f8072cefc5b,,,
real_block,future,1339,ok,True,unaffected_original_scope,de6bd371ddab9501085eb3254106f2d86e0917e1c96f40e64904cf89abd1ae3d,de6bd371ddab9501085eb3254106f2d86e0917e1c96f40e64904cf89abd1ae3d,,,
real_block,future,1340,ok,True,unaffected_original_scope,466d54d7457a3e6bb1711bdcf4c0c662cec688bea8eb85473559bb368b82cf11,466d54d7457a3e6bb1711bdcf4c0c662cec688bea8eb85473559bb368b82cf11,,,
real_block,future,1341,ok,True,unaffected_original_scope,93c85c8770270a4a6b9794fb86be0c5aedd6d5a3fa5abe8f7f9b4fea3dd36f8a,93c85c8770270a4a6b9794fb86be0c5aedd6d5a3fa5abe8f7f9b4fea3dd36f8a,,,
real_resample,future,1337,ok,True,unaffected_original_scope,9ca26c022a50e3c218e3ffb8b098eb0f372399c1044272e41cea1e1c749319c5,9ca26c022a50e3c218e3ffb8b098eb0f372399c1044272e41cea1e1c749319c5,,,
real_resample,future,1338,ok,True,unaffected_original_scope,a9e354bd2c09f19b9522c904f7ce083b3428307ac53af46956ef52dddaa83692,a9e354bd2c09f19b9522c904f7ce083b3428307ac53af46956ef52dddaa83692,,,
real_resample,future,1339,ok,True,unaffected_original_scope,abc2f7850d81b3e558f13e649101411d322bac690531d0509cfebd96dfc6fcf9,abc2f7850d81b3e558f13e649101411d322bac690531d0509cfebd96dfc6fcf9,,,
real_resample,future,1340,ok,True,unaffected_original_scope,dfe46ce4430e96125d512a3037976ab564096a3590186b9067389248819eb7b0,dfe46ce4430e96125d512a3037976ab564096a3590186b9067389248819eb7b0,,,
real_resample,future,1341,ok,True,unaffected_original_scope,589229df4a50741da961a6152f3c4f55fe25282e880b0caede355860ce0376ff,589229df4a50741da961a6152f3c4f55fe25282e880b0caede355860ce0376ff,,,
column_shuffle,same_period,1337,ok,True,unaffected_original_scope,1ff852fa3fb14efbfe9eddac813445c2551b4d391f39fae0ed361f5400b02d39,1ff852fa3fb14efbfe9eddac813445c2551b4d391f39fae0ed361f5400b02d39,,,
column_shuffle,same_period,1338,ok,True,unaffected_original_scope,150e03d832a1def612ffc11a38fd539b363124b9849299c180b9af9da6dfb811,150e03d832a1def612ffc11a38fd539b363124b9849299c180b9af9da6dfb811,,,
column_shuffle,same_period,1339,ok,True,unaffected_original_scope,ed4dd42bda744f2f478b992a7f783ba8bad68e83f41781ccce40f45907fcc0ba,ed4dd42bda744f2f478b992a7f783ba8bad68e83f41781ccce40f45907fcc0ba,,,
column_shuffle,same_period,1340,ok,True,unaffected_original_scope,89981326a4eff787ea00ad334a806c94c98a48030f5243935c0d711707625327,89981326a4eff787ea00ad334a806c94c98a48030f5243935c0d711707625327,,,
column_shuffle,same_period,1341,ok,True,unaffected_original_scope,b1149869d826bc9cdc6c3d52a5f578f3a6b1ad01e21d15795721f4e20cba41a5,b1149869d826bc9cdc6c3d52a5f578f3a6b1ad01e21d15795721f4e20cba41a5,,,
independent_marginal,same_period,1337,ok,True,unaffected_original_scope,244a5e7190866fd81f3a2452a4e573ee4ce048189365e4249d5294b5c5de3473,244a5e7190866fd81f3a2452a4e573ee4ce048189365e4249d5294b5c5de3473,,,
independent_marginal,same_period,1338,ok,True,unaffected_original_scope,bb83570299e3b79e4c0908fe8f146f706a9d39b89d54c09dbba048bc3216b68b,bb83570299e3b79e4c0908fe8f146f706a9d39b89d54c09dbba048bc3216b68b,,,
independent_marginal,same_period,1339,ok,True,unaffected_original_scope,dd37f94f9d31f559bd751ed49f92511ca7c20a3a041dfe868e0b33db08357306,dd37f94f9d31f559bd751ed49f92511ca7c20a3a041dfe868e0b33db08357306,,,
independent_marginal,same_period,1340,ok,True,unaffected_original_scope,091bf64227d4527b1dee30a08413d8b2e774aeec6842e456d193398301a579dd,091bf64227d4527b1dee30a08413d8b2e774aeec6842e456d193398301a579dd,,,
independent_marginal,same_period,1341,ok,True,unaffected_original_scope,047684f6321e70e2ed94ed2d528f3c7f958563b3f57cd93f8638bdb6c43b0ac3,047684f6321e70e2ed94ed2d528f3c7f958563b3f57cd93f8638bdb6c43b0ac3,,,
real_block,same_period,1337,ok,True,unaffected_original_scope,7e5622787220f605835ba60a72dce72849f0cd3e1d4af63185bcea904017773c,7e5622787220f605835ba60a72dce72849f0cd3e1d4af63185bcea904017773c,,,
real_block,same_period,1338,ok,True,unaffected_original_scope,723632f07410822176e969f112a02371b30990aaa00c70ab6bc6087440e2219f,723632f07410822176e969f112a02371b30990aaa00c70ab6bc6087440e2219f,,,
real_block,same_period,1339,ok,True,unaffected_original_scope,dcf9c94b995adec5c810765e90fae578c26635d5f8ee4f08d403103d38d8989e,dcf9c94b995adec5c810765e90fae578c26635d5f8ee4f08d403103d38d8989e,,,
real_block,same_period,1340,ok,True,unaffected_original_scope,fb038f4f292eac26a36c7538c77342db356b81af8a599a0d7d01c9e6fc06f1e6,fb038f4f292eac26a36c7538c77342db356b81af8a599a0d7d01c9e6fc06f1e6,,,
real_block,same_period,1341,ok,True,unaffected_original_scope,a451624ba771489a414c8ebd22f72ada1c214dc8ad17790b909d73776545dcd8,a451624ba771489a414c8ebd22f72ada1c214dc8ad17790b909d73776545dcd8,,,
real_resample,same_period,1337,ok,True,unaffected_original_scope,a8d2b0746c920c8d3d3d09040632fa9ce9e291bf6adfda4af2060342f0423886,a8d2b0746c920c8d3d3d09040632fa9ce9e291bf6adfda4af2060342f0423886,,,
real_resample,same_period,1338,ok,True,unaffected_original_scope,8d9e71723bd87fda99f888e23490c31186553948725627ef9572a1a29e29d8ce,8d9e71723bd87fda99f888e23490c31186553948725627ef9572a1a29e29d8ce,,,
real_resample,same_period,1339,ok,True,unaffected_original_scope,81687b8c3bbba8d609d0a00f507383ed73ff29495c5ccea58211475c16b70263,81687b8c3bbba8d609d0a00f507383ed73ff29495c5ccea58211475c16b70263,,,
real_resample,same_period,1340,ok,True,unaffected_original_scope,6f2da4408b1c74addf6d2acbfff1fd64b6e0be25db9d86477cbd52e697141f4a,6f2da4408b1c74addf6d2acbfff1fd64b6e0be25db9d86477cbd52e697141f4a,,,
real_resample,same_period,1341,ok,True,unaffected_original_scope,67ed05c8ab93b116acac407ff08f2111c30a057d759957f800cc2a3ec230fc45,67ed05c8ab93b116acac407ff08f2111c30a057d759957f800cc2a3ec230fc45,,,
hurdle_iid,future,1337,ok,True,changed_output_prediction_recomputed,6cbc0cf449c5d6b3210fbea7bb53eefdb6e45dc68ea4ade8d95ab9b2f5f19f41,89a8bd026f5a76496b2c6a1df9a8f416c9df79baa3ccfe371bf7e5c945515956,True,True,0.0
hurdle_iid,future,1338,ok,True,changed_output_prediction_recomputed,fe649877878b57fc652ad42f3c2f6fbeab3b9431ada9e0c704b9002608b84a84,af0f0257169550135c4d5374060a49c6b1c2aca38483cb68c27a9e5495117787,True,True,0.0
hurdle_iid,future,1339,ok,True,changed_output_prediction_recomputed,eec9f1db218aee724ff040cd0c0127a65322c9ef4bb6108f882f40f8cc73cfdc,3c8930054ea58c9a95048f5f6620e72b945dbb17fdd4319c8a4bcae0af18ea92,True,True,0.0
hurdle_iid,future,1340,ok,True,changed_output_prediction_recomputed,a971894dcf89dc87ab80797df5320152aa482a5f6c171d741a1f6b227a8521d6,c4d64ed8119d8d099687ed2ccfd3b9e6c587b35ff11d338d231dd1a80af26346,True,True,0.0
hurdle_iid,future,1341,ok,True,changed_output_prediction_recomputed,04ada86f60fe156dd0ace1a956e8b566c5576c8ed86c3bbe4e6a5c5c3f7cec16,49173779898fd636ff41691723fc2ea983ab0b1f60dce66377c1c39e9eb2f541,True,True,0.0
hurdle_independent_stitch,future,1337,ok,True,changed_output_prediction_recomputed,a209140451e093543640e6367c330feb50f2cd526b2ab7ecc6f47f840c973819,ce45b5dedbdbae23cae4bd21aac2ab2f119e2ae3be8006c6f4308fbeddeb835a,True,True,0.0
hurdle_independent_stitch,future,1338,ok,True,changed_output_prediction_recomputed,8f80356b65c3129249926b153ac2fdd1630528c8ed287c7d35a3b3fe36b97e05,a8b8ff3a99e6a2964584408c912d5c3ee7a70c959201afb01ad4d148bce72be2,True,True,0.0
hurdle_independent_stitch,future,1339,ok,True,changed_output_prediction_recomputed,abffed3daf43eb9a6155a2d27e67e72cb08e6fc060d183323a6f6a3fed127f80,a6a35538c6ae48df6c7a3a0005ed66750a5146bcc3167e475bc94847ab64edab,True,True,0.0
hurdle_independent_stitch,future,1340,ok,True,changed_output_prediction_recomputed,58f1a46561e9606787cf13441e51e4103c525161965934a53826c0f6af09c431,ab6241945764811d5af56bdd469c309ee377e71538b973d989b6f85916539c7d,True,True,0.0
hurdle_independent_stitch,future,1341,ok,True,changed_output_prediction_recomputed,984ddd255bf995df450aa45e593b4bd2848ac8435b77268930f88ddfb46b4be9,390dff8b75d2bf9e61be8cf2f92c743b7aa6ef767b6a6f46854a9fe20ed1d078,True,True,0.0
hurdle_shared_stitch,future,1337,ok,True,changed_output_prediction_recomputed,ae01f88f81a1234368fe5b30878aabdc2a1a6c8ea4b26be40970fc2ee5f0cd95,e3050162d28d1e3006b83573179109ab9f1311a4db9e07abdd73e2c37b95f5ce,True,True,0.0
hurdle_shared_stitch,future,1338,ok,True,changed_output_prediction_recomputed,89e71bbec97fd014e46f93aa8318f61646abaab352928373d27ce0d44228dbfa,2f27261acf8bb36c911f4ee27bc7f3187a609d26413d13d9dcecef5da77b6d26,True,True,0.0
hurdle_shared_stitch,future,1339,ok,True,changed_output_prediction_recomputed,34f1a6568355340d6ac2b5be2790f0e09be42cdbc702c55aae10d9bbcee2d41c,041a055016d9d35b655a1fd55a92730b96ba33a47fd2c36c8c2c1892dfe3b2d3,True,True,0.0
hurdle_shared_stitch,future,1340,ok,True,changed_output_prediction_recomputed,1150a85d3b218bceb7d4cd57a1a939ce74d2f588273e27610bd80ba6292da8fe,e3cebe21753f5d74e7258526d548fc4c738401914d4ea7f2609880fc467d9425,True,True,0.0
hurdle_shared_stitch,future,1341,ok,True,changed_output_prediction_recomputed,1072772672f760742b9f1b2ed9e230bb166842d76f5e4fb4075cb20a7fd57114,f2811dada80cdeac8a8f17d5189d93f1556e6bad00f2b19079b1d780f3fa3d0d,True,True,0.0
learned_gmm_overlay,future,1337,ok,True,changed_output_prediction_recomputed,351c0b3d3291a38dcaab365c6076d5ff0166d7c1aa151b5473ca9a7520bf8438,11b89598c94342c7a3b5638eeafb47687e60d4ef825b141743ffeec97a8b1b63,True,True,0.0
learned_gmm_overlay,future,1338,ok,True,changed_output_prediction_recomputed,101d84c416d4ee0b26e97162e3e55e23f28a87b00b3300016546dc984fb4fea5,c9865ec2f96a2b42c20619011a627d6ccbc19a8a11dd34197ef7cf7d45fd9128,True,True,0.0
learned_gmm_overlay,future,1339,ok,True,changed_output_prediction_recomputed,8fb0ec4c79526c59d23932e7dd1f79340139aa54770ea4da58ddfc4643075961,9727ac73248d74fdf8f5e3220d44e872cb7f9286c17194095260bae1a258b6bd,True,True,0.0
learned_gmm_overlay,future,1340,ok,True,changed_output_prediction_recomputed,3a8a58bac7ec790bd7576d477fffe8972defcfb3713c3f709c9807839321ec94,b1079fd83acdf4897ea2e6cf9883cfd1c193eb28e0c3c98e834ad747a132e310,True,True,0.0
learned_gmm_overlay,future,1341,ok,True,changed_output_prediction_recomputed,7fbae99b246932f293bdbd55777f7afc0ec037e1dbdddd2b9770082623336851,71cc965be6d1b3a93042d8505c6dc934fb367a0decd64468b6d2ff79481f5e58,True,True,0.0
learned_latent_var_overlay,future,1337,ok,True,changed_output_prediction_recomputed,bd3af6d5cee2de4aa88c2b7aa30876edd5254faee12cf5152fb037a2e9dc4595,876ae14c7cfa94abda2d4de30c869e03d4bbb2a6af639c1bf7bfb00c42507f8f,True,True,0.0
learned_latent_var_overlay,future,1338,ok,True,changed_output_prediction_recomputed,2eb2227d4c13e6a231d793ad27c6f8e38d586ed7887bdb3e1de825194349e8db,a6863dc2cc68768d05b10a4159c7fb5e795525f0cf92381a8e4d4d92408826c1,True,True,0.0
learned_latent_var_overlay,future,1339,ok,True,changed_output_prediction_recomputed,3368d9d7c59e8b938a6288ecb4d2f979193de39d81c6c66ea60630ffef3da5f5,6c6c437bbfcc490097055b6a48d8f5025d20fc663626500824f6aa8c1e6d73e1,True,True,0.0
learned_latent_var_overlay,future,1340,ok,True,changed_output_prediction_recomputed,6139687bfe02508e725a6076d340621619b4d97097673aaeaa8f38dda8c81ce7,58c51f5b3972c7043b9de38dfef8b7609b3f69d3f22abf715f717e4e0c7cba35,True,True,0.0
learned_latent_var_overlay,future,1341,ok,True,changed_output_prediction_recomputed,97e3a5fefb176549d58806a55b2429ead94b7354ee3253ede5df3e15e79eb317,5464a3986ec3449892b1aff7bd08c07690e2f8418d93436ecf85e94073c75fc1,True,True,0.0
hurdle_iid,same_period,1337,ok,True,changed_output_prediction_recomputed,335a74bfe29dfba92745bdd735877827ca49d12e8e20beae7fc893c0d74184c6,91eaa7455f476bc613796389c081737919aece7208c912fc7d7769a03b14e01f,True,True,0.0
hurdle_iid,same_period,1338,ok,True,changed_output_prediction_recomputed,e78d233524224bdc0d473b149f9d41478cdc6af410262c672848c7a5f0b12780,e9c59ea340892762bb6d1331a92d15ebeb103978667b30430fecc5e30711e13f,True,True,0.0
hurdle_iid,same_period,1339,ok,True,changed_output_prediction_recomputed,2e07d3fd2d1243f81286250b95a62b2fcdf88df5d3bc411d77750ea6a3a79e9a,3ce45311bf5e95ad4479ad0414089441dc431b3aa6518672cca82b1f9b244e6a,True,True,0.0
hurdle_iid,same_period,1340,ok,True,changed_output_prediction_recomputed,3c5a5f81517d226362287529f35c6808f9c9c9e9464cd0c982ab83da324c5e9b,4b3c9cf24a93df497d09d05e10089cc1c43556e6bb9f45aa0059a4531ec38c3a,True,True,0.0
hurdle_iid,same_period,1341,ok,True,changed_output_prediction_recomputed,75c51af6cba7999622a1457e9c0b5486179ee36cd7d4715b9ab4ce8b99ebc994,613bd26b2644156c5cbe985f981dc71a86e82ce2d8199d402da7d0490230499c,True,True,0.0
hurdle_independent_stitch,same_period,1337,ok,True,changed_output_prediction_recomputed,06d2b5e310c20f074d5821ffaafbf35c21c23c577d5f2fe0dcf616731fd11e83,edf0de6fe789ab4d9b025a7c9e543b8d8d5e5ae3b00b6505dd85d15663c982ae,True,True,0.0
hurdle_independent_stitch,same_period,1338,ok,True,changed_output_prediction_recomputed,d2cdc08a812a6d2f55af3196641e2128d209fc309ccb6a9cb01a327113435c11,1355d7896fb8d377753d091c5803fe73322e0e8cef552cdba43002b2314bde34,True,True,0.0
hurdle_independent_stitch,same_period,1339,ok,True,changed_output_prediction_recomputed,8aa209bc9a194f9afa39295ab4020f2e86099647c63b110c45a1bb74f7172f4f,acf8ef1af33c446be9d130fad0677d46663f05c666b6268ae09231ffc827e93e,True,True,0.0
hurdle_independent_stitch,same_period,1340,ok,True,changed_output_prediction_recomputed,114c7ea295e3c371408f4b83512006831ef149e96b3492e8f526c8ec11494aa3,1c32d867689bd65a58fd14429853d96f93436ddfba4670582f9849124b643e3a,True,True,0.0
hurdle_independent_stitch,same_period,1341,ok,True,changed_output_prediction_recomputed,b5a269cebc396e4891361c77addbdc5f24bf281a6261fe0d4cb9862a162e2a96,365f9deb87d7a3fa43d6d44a1ac421174e7bb93a1df4466bdbaf0e2192bdbc97,True,True,0.0
hurdle_shared_stitch,same_period,1337,ok,True,changed_output_prediction_recomputed,3be0d607385d4d895771cfcd115d0928ef49167c1f477894b6534f83c6d9d3a4,9cd43cf50b5570cb0f6f0126a5785dba0e9a1a0bdc85996d8589c33e062c6a63,True,True,0.0
hurdle_shared_stitch,same_period,1338,ok,True,changed_output_prediction_recomputed,9c5b692c499411c5d6263e3d58464601f11b82487d819a4de08e853f54d95167,257d997e34e43224882c36645086d3195357fb9e1edd3d2e68269fb702ea406e,True,True,0.0
hurdle_shared_stitch,same_period,1339,ok,True,changed_output_prediction_recomputed,816a1c41d8ef531f3eb20bfef363eb652e17f4923dfb03ce28f836b10966059d,005c4f85db9ba3cebc4a0affd81bb8f708db6e3645fe569fd7ed9fc19fbc56ec,True,True,0.0
hurdle_shared_stitch,same_period,1340,ok,True,changed_output_prediction_recomputed,1a672111bea0306b8d617eb0ccd47714904aa23e4aaf1150dcefe380162811de,7e4c8edce5f32a767d2e1a8ae24119010751a0d4f696cb9113042c8cffce5ee4,True,True,0.0
hurdle_shared_stitch,same_period,1341,ok,True,changed_output_prediction_recomputed,c74806f532b386b2bde46ea3269aae7f3a1812795c22309d824d5c0521a58498,1c6ab1855200930dba9a5c3af68baa24026b57515fbaaa65ea1097dc2347d86e,True,True,0.0
learned_gmm_overlay,same_period,1337,ok,True,changed_output_prediction_recomputed,bb99255b6cdeeebcb2e4aa12b95838dbcadd5e15e884a0d41014df6df609a6fe,177ea7f0b560549b01282782f7b6f9be0ca5d3a104885550bcb7a479720573f8,True,True,0.0
learned_gmm_overlay,same_period,1338,ok,True,changed_output_prediction_recomputed,fadda893c7af29f0ac3be36fc4012132fcee60591608cb016b777e6c277a6e7a,5e50ec24da14480fdcaab63425ff0a2b7a577f6b141a33c4eb27addb5127c126,True,True,0.0
learned_gmm_overlay,same_period,1339,ok,True,changed_output_prediction_recomputed,8fbcd5b4b238b913e818dfabbd38b9698ed27bdae027d72c1f566ecbfc910f51,347831cf4287fb73d6748551584570eda5b6da53e55654250a0e7e707152aac1,True,True,0.0
learned_gmm_overlay,same_period,1340,ok,True,changed_output_prediction_recomputed,6948220f5c2c9e6e2be8f59bb0d158047b353f375d37ab3d041817d1055b3ddd,79cf53fb109c57f0e5903712a9e3a31cbb051e8200cb2b6e901681e8a51bd473,True,True,0.0
learned_gmm_overlay,same_period,1341,ok,True,changed_output_prediction_recomputed,6464291ffb19f5d1b4ec4fac9a8e4256efb14addca409d26741fc09a63e18ac9,13321c401212651f606ebd464843de46032a2dae3ca82f8221488d880915cc6c,True,True,0.0
learned_latent_var_overlay,same_period,1337,ok,True,changed_output_prediction_recomputed,9e056ec0c245ee9b1597af5ede41c0b2794e3a3806e890a519ff58d149c1edbe,75a63c880f4936ea1abb7c0e43562231025a1b3dad4027230da206d08bac3386,True,True,0.0
learned_latent_var_overlay,same_period,1338,ok,True,changed_output_prediction_recomputed,232b96338e4ef36bfe77cf605879c859c0a496600548f3d150c72ecb8f22bf9f,a605388de1c3d781067b928919d41f05cae82ea24122a58e18481519c6d3b7a1,True,True,0.0
learned_latent_var_overlay,same_period,1339,ok,True,changed_output_prediction_recomputed,1f0f784be9b8b027740ae439cb08697a7016cf450103c87e5a1eef54f411d205,5ed44082ca62ea9705e17cd4f98dd1a81504dcf89ee07eb18a2cd74b1873fa96,True,True,0.0
learned_latent_var_overlay,same_period,1340,ok,True,changed_output_prediction_recomputed,5059a0e81b2a32b517d37504da7520e32e872a91b0cc71b9517afec4851d5e39,0ede924d2086c7a42626294a68ffe15516fa60509e1b5fe9a04029889bb1bdbe,True,True,0.0
learned_latent_var_overlay,same_period,1341,ok,True,changed_output_prediction_recomputed,743f62986c6b9c64c3bd7575d492fbe5841806fad5d8b4c762c1ebda453bbf0e,7535358a0236b3ccc6660db1e0c32054e7820fd427a3c364375cbe3722e4fa0b,True,True,0.0
