instrument,intended_perturbation,perturbation,on_target,spearman_rho,endpoint_effect,baseline,endpoint,n_fixture_seeds,on_target_abs_effect,max_off_target_abs_effect,selectivity_ratio,off_target_rho_ge_0_8,interpretation
marginal_ks_mean,marginal,coupling,False,-0.10259783520851543,0.0,0.0,0.0,3,0.31529012345679014,0.0,inf,0,POST_HOC_CONSTRUCT_DIAGNOSTIC_NOT_A_FACTORIAL_INTERACTION_TEST
marginal_ks_mean,marginal,marginal,True,0.9999999999999999,0.31529012345679014,0.0,0.31529012345679014,3,0.31529012345679014,0.0,inf,0,POST_HOC_CONSTRUCT_DIAGNOSTIC_NOT_A_FACTORIAL_INTERACTION_TEST
marginal_ks_mean,marginal,order,False,0.10259783520851543,0.0,0.0,0.0,3,0.31529012345679014,0.0,inf,0,POST_HOC_CONSTRUCT_DIAGNOSTIC_NOT_A_FACTORIAL_INTERACTION_TEST
wasserstein_iqr_mean,marginal,coupling,False,0.20519567041703085,0.0,0.0,0.0,3,1463.912775650032,0.0,inf,0,POST_HOC_CONSTRUCT_DIAGNOSTIC_NOT_A_FACTORIAL_INTERACTION_TEST
wasserstein_iqr_mean,marginal,marginal,True,0.9999999999999999,1463.912775650032,0.0,1463.912775650032,3,1463.912775650032,0.0,inf,0,POST_HOC_CONSTRUCT_DIAGNOSTIC_NOT_A_FACTORIAL_INTERACTION_TEST
wasserstein_iqr_mean,marginal,order,False,0.20519567041703085,0.0,0.0,0.0,3,1463.912775650032,0.0,inf,0,POST_HOC_CONSTRUCT_DIAGNOSTIC_NOT_A_FACTORIAL_INTERACTION_TEST
zero_rate_mae,marginal,coupling,False,-0.20519567041703085,0.0,0.0,0.0,3,0.03762962962962957,0.0,inf,0,POST_HOC_CONSTRUCT_DIAGNOSTIC_NOT_A_FACTORIAL_INTERACTION_TEST
zero_rate_mae,marginal,marginal,True,0.9999999999999999,0.03762962962962957,0.0,0.03762962962962957,3,0.03762962962962957,0.0,inf,0,POST_HOC_CONSTRUCT_DIAGNOSTIC_NOT_A_FACTORIAL_INTERACTION_TEST
zero_rate_mae,marginal,order,False,0.10259783520851543,0.0,0.0,0.0,3,0.03762962962962957,0.0,inf,0,POST_HOC_CONSTRUCT_DIAGNOSTIC_NOT_A_FACTORIAL_INTERACTION_TEST
c2st_max_auc,marginal,coupling,False,0.9999999999999999,0.4819386584678549,0.5058788820172723,0.9878175404851272,3,0.49412111798272773,0.49412111798272773,1.0,2,POST_HOC_CONSTRUCT_DIAGNOSTIC_NOT_A_FACTORIAL_INTERACTION_TEST
c2st_max_auc,marginal,marginal,True,0.8944271909999159,0.49412111798272773,0.5058788820172723,1.0,3,0.49412111798272773,0.49412111798272773,1.0,2,POST_HOC_CONSTRUCT_DIAGNOSTIC_NOT_A_FACTORIAL_INTERACTION_TEST
c2st_max_auc,marginal,order,False,,,,,3,0.49412111798272773,0.49412111798272773,1.0,2,POST_HOC_CONSTRUCT_DIAGNOSTIC_NOT_A_FACTORIAL_INTERACTION_TEST
acf_abs_error_mean,order,coupling,False,0.9999999999999999,0.2258699020037689,0.0,0.2258699020037689,3,0.22620781505145235,0.2258699020037689,1.001496051685885,2,POST_HOC_CONSTRUCT_DIAGNOSTIC_NOT_A_FACTORIAL_INTERACTION_TEST
acf_abs_error_mean,order,marginal,False,0.9999999999999999,0.013937665104428532,0.0,0.013937665104428532,3,0.22620781505145235,0.2258699020037689,1.001496051685885,2,POST_HOC_CONSTRUCT_DIAGNOSTIC_NOT_A_FACTORIAL_INTERACTION_TEST
acf_abs_error_mean,order,order,True,0.9999999999999999,0.22620781505145235,0.0,0.22620781505145235,3,0.22620781505145235,0.2258699020037689,1.001496051685885,2,POST_HOC_CONSTRUCT_DIAGNOSTIC_NOT_A_FACTORIAL_INTERACTION_TEST
spectral_l1_mean,order,coupling,False,0.9999999999999999,1.1814996862959868,0.0,1.1814996862959868,3,1.1799050166524152,1.1814996862959868,0.9986503004088212,2,POST_HOC_CONSTRUCT_DIAGNOSTIC_NOT_A_FACTORIAL_INTERACTION_TEST
spectral_l1_mean,order,marginal,False,0.9999999999999999,0.18491366237493637,0.0,0.18491366237493637,3,1.1799050166524152,1.1814996862959868,0.9986503004088212,2,POST_HOC_CONSTRUCT_DIAGNOSTIC_NOT_A_FACTORIAL_INTERACTION_TEST
spectral_l1_mean,order,order,True,0.9999999999999999,1.1799050166524152,0.0,1.1799050166524152,3,1.1799050166524152,1.1814996862959868,0.9986503004088212,2,POST_HOC_CONSTRUCT_DIAGNOSTIC_NOT_A_FACTORIAL_INTERACTION_TEST
transition_rate_mae,order,coupling,False,0.9999999999999999,0.07472379250369997,0.0,0.07472379250369997,3,0.0743302575878933,0.07472379250369997,0.9947334723971996,1,POST_HOC_CONSTRUCT_DIAGNOSTIC_NOT_A_FACTORIAL_INTERACTION_TEST
transition_rate_mae,order,marginal,False,0.7,0.02054560915346777,0.0,0.02054560915346777,3,0.0743302575878933,0.07472379250369997,0.9947334723971996,1,POST_HOC_CONSTRUCT_DIAGNOSTIC_NOT_A_FACTORIAL_INTERACTION_TEST
transition_rate_mae,order,order,True,0.9999999999999999,0.0743302575878933,0.0,0.0743302575878933,3,0.0743302575878933,0.07472379250369997,0.9947334723971996,1,POST_HOC_CONSTRUCT_DIAGNOSTIC_NOT_A_FACTORIAL_INTERACTION_TEST
coupling_corr_mae,coupling,coupling,True,0.9999999999999999,0.6281442095792861,0.0,0.6281442095792861,3,0.6281442095792861,0.011328475356378168,55.448256699929864,1,POST_HOC_CONSTRUCT_DIAGNOSTIC_NOT_A_FACTORIAL_INTERACTION_TEST
coupling_corr_mae,coupling,marginal,False,0.9999999999999999,0.011328475356378168,0.0,0.011328475356378168,3,0.6281442095792861,0.011328475356378168,55.448256699929864,1,POST_HOC_CONSTRUCT_DIAGNOSTIC_NOT_A_FACTORIAL_INTERACTION_TEST
coupling_corr_mae,coupling,order,False,0.09999999999999999,2.5326962749261384e-16,0.0,2.5326962749261384e-16,3,0.6281442095792861,0.011328475356378168,55.448256699929864,1,POST_HOC_CONSTRUCT_DIAGNOSTIC_NOT_A_FACTORIAL_INTERACTION_TEST
coupling_coactivation_mae,coupling,coupling,True,0.9999999999999999,0.014690972222222168,0.0,0.014690972222222168,3,0.014690972222222168,0.0029201388888888667,5.030915576694431,1,POST_HOC_CONSTRUCT_DIAGNOSTIC_NOT_A_FACTORIAL_INTERACTION_TEST
coupling_coactivation_mae,coupling,marginal,False,0.9999999999999999,0.0029201388888888667,0.0,0.0029201388888888667,3,0.014690972222222168,0.0029201388888888667,5.030915576694431,1,POST_HOC_CONSTRUCT_DIAGNOSTIC_NOT_A_FACTORIAL_INTERACTION_TEST
coupling_coactivation_mae,coupling,order,False,-0.10259783520851543,0.0,0.0,0.0,3,0.014690972222222168,0.0029201388888888667,5.030915576694431,1,POST_HOC_CONSTRUCT_DIAGNOSTIC_NOT_A_FACTORIAL_INTERACTION_TEST
c2st_max_auc,coupling,coupling,True,0.9999999999999999,0.4819386584678549,0.5058788820172723,0.9878175404851272,3,0.49412111798272773,0.49412111798272773,1.0,2,POST_HOC_CONSTRUCT_DIAGNOSTIC_NOT_A_FACTORIAL_INTERACTION_TEST
c2st_max_auc,coupling,marginal,False,0.8944271909999159,0.49412111798272773,0.5058788820172723,1.0,3,0.49412111798272773,0.49412111798272773,1.0,2,POST_HOC_CONSTRUCT_DIAGNOSTIC_NOT_A_FACTORIAL_INTERACTION_TEST
c2st_max_auc,coupling,order,False,,,,,3,0.49412111798272773,0.49412111798272773,1.0,2,POST_HOC_CONSTRUCT_DIAGNOSTIC_NOT_A_FACTORIAL_INTERACTION_TEST
