instrument,on_target_abs_effect,max_off_target_abs_effect,selectivity_ratio,off_target_rho_ge_0_8,interpretation
acf_abs_error_mean,0.22620781505145235,0.2258699020037689,1.001496051685885,2,POST_HOC_CONSTRUCT_DIAGNOSTIC_NOT_A_FACTORIAL_INTERACTION_TEST
c2st_max_auc,0.49412111798272773,0.49412111798272773,1.0,2,POST_HOC_CONSTRUCT_DIAGNOSTIC_NOT_A_FACTORIAL_INTERACTION_TEST
coupling_coactivation_mae,0.014690972222222168,0.0029201388888888667,5.030915576694431,1,POST_HOC_CONSTRUCT_DIAGNOSTIC_NOT_A_FACTORIAL_INTERACTION_TEST
coupling_corr_mae,0.6281442095792861,0.011328475356378168,55.448256699929864,1,POST_HOC_CONSTRUCT_DIAGNOSTIC_NOT_A_FACTORIAL_INTERACTION_TEST
marginal_ks_mean,0.31529012345679014,0.0,inf,0,POST_HOC_CONSTRUCT_DIAGNOSTIC_NOT_A_FACTORIAL_INTERACTION_TEST
spectral_l1_mean,1.1799050166524152,1.1814996862959868,0.9986503004088212,2,POST_HOC_CONSTRUCT_DIAGNOSTIC_NOT_A_FACTORIAL_INTERACTION_TEST
transition_rate_mae,0.0743302575878933,0.07472379250369997,0.9947334723971996,1,POST_HOC_CONSTRUCT_DIAGNOSTIC_NOT_A_FACTORIAL_INTERACTION_TEST
wasserstein_iqr_mean,1463.912775650032,0.0,inf,0,POST_HOC_CONSTRUCT_DIAGNOSTIC_NOT_A_FACTORIAL_INTERACTION_TEST
zero_rate_mae,0.03762962962962957,0.0,inf,0,POST_HOC_CONSTRUCT_DIAGNOSTIC_NOT_A_FACTORIAL_INTERACTION_TEST
