perturbation,severity,fixture_seed,marginal_ks_mean,marginal_ks_median,zero_rate_mae,wasserstein_iqr_mean,marginal_n_features,acf_abs_error_mean,acf_abs_error_median,spectral_l1_mean,transition_rate_mae,temporal_n_feature_lags,coupling_corr_mae,coupling_corr_relative_l2,coupling_sign_agreement,coupling_coactivation_mae,coupling_n_pairs,coupling_lag,c2st_rf_auc,c2st_rf_sd,c2st_linear_auc,c2st_linear_sd,c2st_max_auc,c2st_null_mean,c2st_null_p95,c2st_excess_over_null_mean,c2st_excess_over_null_p95,c2st_permutation_p,c2st_n_per_class,c2st_n_groups,c2st_block_size
coupling,0.0,29.0,0.0,0.0,0.0,0.0,9.0,0.0,0.0,0.0,0.0,36.0,0.0,0.0,1.0,0.0,4.0,0.0,0.5033523609938543,0.00430509313540642,0.5058788820172723,0.002810975993775338,0.5058788820172723,0.5070555938728221,0.5160495926096463,-0.0011767118555497946,0.0,0.5333333333333333,6000.0,80.0,300.0
coupling,0.25,29.0,0.002657407407407419,0.002666666666666632,0.0011296296296296332,7.719129924120349,9.0,0.09840559870654497,0.06878132567990812,0.6850097783208827,0.032748278091834074,36.0,0.15762347346283942,0.2499679389243822,1.0,0.004347222222222204,4.0,0.0,0.6180873273933094,0.004123590852468023,0.5047966639138983,0.0034881952246823534,0.6180873273933094,0.5056353664914729,0.5107984580879702,0.11245196090183651,0.10728886930533928,0.25,6000.0,80.0,300.0
coupling,0.5,29.0,0.002794753086419766,0.0030555555555555522,0.0010956790123456768,66.3618878133476,9.0,0.17002779889833608,0.11685526854873719,0.9712688837831652,0.05633568065336055,36.0,0.3170440010433268,0.5006107473003835,1.0,0.007715277777777777,4.0,0.0,0.7414172048715865,0.007211612361925687,0.505748290204406,0.005250751359587407,0.7414172048715865,0.5082355816155778,0.5140552718936007,0.23318162325600864,0.2273619329779857,0.25,6000.0,80.0,300.0
coupling,0.75,29.0,0.0026280864197530895,0.0028055555555555425,0.0009027777777777778,69.44814151735582,9.0,0.21309300446104074,0.14354715518394756,1.1277951167591944,0.0713718009855349,36.0,0.4722875398519964,0.7488954963929402,1.0,0.011934027777777753,4.0,0.0,0.8659011193699956,0.004392574083891363,0.5223947055273879,0.016054956111659937,0.8659011193699956,0.5048679357654716,0.5065411608128986,0.36103318360452397,0.35935995855709696,0.25,6000.0,80.0,300.0
coupling,1.0,29.0,0.0,0.0,0.0,0.0,9.0,0.225869902003769,0.15473189123510914,1.1814996862959866,0.0747237925037,36.0,0.6281442095792861,0.9946428774661786,0.6666666666666666,0.01469097222222221,4.0,0.0,0.9878175404851272,0.0010968392831360134,0.5110670016698786,0.009361035837745106,0.9878175404851272,0.5079956803452341,0.5108661478126196,0.4798218601398931,0.4769513926725076,0.25,6000.0,80.0,300.0
marginal,0.0,29.0,0.0,0.0,0.0,0.0,9.0,0.0,0.0,0.0,0.0,36.0,0.0,0.0,1.0,0.0,4.0,0.0,0.5033523609938543,0.00430509313540642,0.5058788820172723,0.002810975993775338,0.5058788820172723,0.5070555938728221,0.5160495926096463,-0.0011767118555497946,0.0,0.5333333333333333,6000.0,80.0,300.0
marginal,0.25,29.0,0.19746604938271606,0.0032916666666666186,0.01493055555555555,366.36403110386135,9.0,0.004234058817029411,6.938893903907228e-18,0.09334391982242773,0.017837162968210096,36.0,0.002415446047968601,0.0068879086176501,1.0,0.0007361111111111197,4.0,0.0,0.9999992933680102,4.2010278441745235e-07,0.9995088914434579,7.955815458192323e-05,0.9999992933680102,0.5066711973085987,0.509885374460446,0.4933280960594115,0.4901139189075641,0.25,6000.0,80.0,300.0
marginal,0.5,29.0,0.22754783950617286,0.006583333333333312,0.022498456790123453,732.7279950781012,9.0,0.00787765786725255,9.25185853854297e-18,0.13177184274880496,0.018866526846025994,36.0,0.005665867063428462,0.016157319364678405,1.0,0.0015034722222222307,4.0,0.0,1.0,0.0,0.9999989804947592,9.82851112811681e-07,1.0,0.5059467703580794,0.5084458936512957,0.4940532296419205,0.49155410634870433,0.25,6000.0,80.0,300.0
marginal,0.75,29.0,0.26879012345679015,0.009861111111111062,0.030061728395061726,1097.5487522622118,9.0,0.010787682634075481,1.2721305490496585e-17,0.1612528265149066,0.017056266233315274,36.0,0.007953086731543813,0.022680894617848335,1.0,0.002190972222222231,4.0,0.0,1.0,0.0,0.999997273213803,4.722932234557848e-06,1.0,0.5070479274612666,0.511698493405546,0.49295207253873335,0.48830150659445404,0.25,6000.0,80.0,300.0
marginal,1.0,29.0,0.31529012345679014,0.013152777777777755,0.037629629629629624,1463.912775650032,9.0,0.013937665104428591,8.0953762212251e-18,0.18491366237493642,0.020545609153467814,36.0,0.011328475356378195,0.032303518849639584,1.0,0.0029201388888888975,4.0,0.0,1.0,0.0,1.0,0.0,1.0,0.5056323272763352,0.5113157169069745,0.4943676727236648,0.4886842830930254,0.25,6000.0,80.0,300.0
order,0.0,29.0,0.0,0.0,0.0,0.0,9.0,0.0,0.0,0.0,0.0,36.0,0.0,0.0,1.0,0.0,4.0,0.0,,,,,,,,,,,,,
order,0.25,29.0,0.0021080246913580316,0.002347222222222186,0.0007839506172839563,27.78118538511242,9.0,0.0975724489478784,0.0647585706076002,0.6865736570257862,0.0325183302390686,36.0,0.0019860784524224156,0.0036494478691104066,1.0,0.0008854166666666758,4.0,0.0,,,,,,,,,,,,,
order,0.5,29.0,0.0028209876543209863,0.002958333333333322,0.0010046296296296298,37.04027340342295,9.0,0.17041449315054705,0.11760981181571512,0.9726058943157407,0.056442166571755305,36.0,0.0008101227629584278,0.0013736397039041156,1.0,0.0009722222222222227,4.0,0.0,,,,,,,,,,,,,
order,0.75,29.0,0.0023348765432098825,0.00230555555555557,0.0008194444444444459,109.57125249714524,9.0,0.21394052238195724,0.15009463953889393,1.1281645592203555,0.07041034117162288,36.0,0.001624691693197142,0.0029563395182163957,1.0,0.0006944444444444489,4.0,0.0,,,,,,,,,,,,,
order,1.0,29.0,0.0,0.0,0.0,0.0,9.0,0.22620781505145238,0.15597562852994126,1.1799050166524152,0.07433025758789331,36.0,2.5326962749261384e-16,4.770687056383815e-16,1.0,0.0,4.0,0.0,,,,,,,,,,,,,
