matching,source,suite,period,complete_cards,expected_cards,complete_support,n_seeds,real_reference_skill,real_reference_skill_lo,real_reference_skill_hi,reference_usable_in_period,loss_ratio,ci_lo,ci_hi,outcome
balanced_observed,column_shuffle,contemporaneous,same_period,25,25,True,5,0.9003963868025986,0.900296831376069,0.9004931563679037,True,123.77076047736891,118.36768265276923,129.65282628598612,Inferior
balanced_observed,column_shuffle,contemporaneous,future,25,25,True,5,0.9281313884656331,0.9249759492221109,0.9300823051963236,True,96.50593805806172,93.80320318437897,100.16101139647307,Inferior
balanced_observed,hurdle_iid,contemporaneous,same_period,25,25,True,5,0.9003963868025986,0.900296831376069,0.9004931563679037,True,122.12557605766584,117.98737196604364,126.53608182921694,Inferior
balanced_observed,hurdle_iid,contemporaneous,future,25,25,True,5,0.9281313884656331,0.9249759492221109,0.9300823051963236,True,95.8604718120246,94.82616593040956,96.77157820329808,Inferior
balanced_observed,hurdle_independent_stitch,contemporaneous,same_period,25,25,True,5,0.9003963868025986,0.900296831376069,0.9004931563679037,True,123.77720027971388,115.53597919916388,132.84513549884596,Inferior
balanced_observed,hurdle_independent_stitch,contemporaneous,future,25,25,True,5,0.9281313884656331,0.9249759492221109,0.9300823051963236,True,96.4158974617468,93.66199275630221,98.84373538321358,Inferior
balanced_observed,hurdle_shared_stitch,contemporaneous,same_period,25,25,True,5,0.9003963868025986,0.900296831376069,0.9004931563679037,True,16.24676379104864,15.680514215239567,16.940159244966814,Inferior
balanced_observed,hurdle_shared_stitch,contemporaneous,future,25,25,True,5,0.9281313884656331,0.9249759492221109,0.9300823051963236,True,19.058936540637514,18.602387760846618,19.60938048323223,Inferior
balanced_observed,independent_marginal,contemporaneous,same_period,25,25,True,5,0.9003963868025986,0.900296831376069,0.9004931563679037,True,124.04849668566132,120.61035362505598,127.12268775481094,Inferior
balanced_observed,independent_marginal,contemporaneous,future,25,25,True,5,0.9281313884656331,0.9249759492221109,0.9300823051963236,True,95.167280271183,94.06544568252627,96.282021187471,Inferior
balanced_observed,learned_gmm_overlay,contemporaneous,same_period,25,25,True,5,0.9003963868025986,0.900296831376069,0.9004931563679037,True,12.376149221517158,10.77824113473838,14.072465165605733,Inferior
balanced_observed,learned_gmm_overlay,contemporaneous,future,25,25,True,5,0.9281313884656331,0.9249759492221109,0.9300823051963236,True,14.117753899979464,12.80808044378245,15.730857158814661,Inferior
balanced_observed,learned_latent_var_overlay,contemporaneous,same_period,25,25,True,5,0.9003963868025986,0.900296831376069,0.9004931563679037,True,12.077199248311086,10.739138791305392,13.581977523327652,Inferior
balanced_observed,learned_latent_var_overlay,contemporaneous,future,25,25,True,5,0.9281313884656331,0.9249759492221109,0.9300823051963236,True,11.814374411237697,10.433898282667885,13.419646486112361,Inferior
balanced_observed,real_block,contemporaneous,same_period,25,25,True,5,0.9003963868025986,0.900296831376069,0.9004931563679037,True,0.7809263738408796,0.6817633599995288,0.8693275032814719,Noninferior
balanced_observed,real_block,contemporaneous,future,25,25,True,5,0.9281313884656331,0.9249759492221109,0.9300823051963236,True,2.0375181568106133,1.9415936134647835,2.106101447751807,Inferior
balanced_observed,real_resample,contemporaneous,same_period,25,25,True,5,0.9003963868025986,0.900296831376069,0.9004931563679037,True,0.8814213355835131,0.8366829867843756,0.9458978853215212,Noninferior
balanced_observed,real_resample,contemporaneous,future,25,25,True,5,0.9281313884656331,0.9249759492221109,0.9300823051963236,True,1.103564032866823,1.02226376484237,1.2082740330284663,Inconclusive
original_pairs,column_shuffle,contemporaneous,same_period,25,25,True,5,0.9003963868025986,0.900296831376069,0.9004931563679037,True,123.77076047736891,118.36768265276923,129.65282628598612,Inferior
original_pairs,column_shuffle,contemporaneous,future,25,25,True,5,0.9281313884656331,0.9249759492221109,0.9300823051963236,True,96.50593805806172,93.80320318437897,100.16101139647307,Inferior
original_pairs,hurdle_iid,contemporaneous,same_period,25,25,True,5,0.9003963868025986,0.900296831376069,0.9004931563679037,True,122.12557605766584,117.98737196604364,126.53608182921694,Inferior
original_pairs,hurdle_iid,contemporaneous,future,25,25,True,5,0.9281313884656331,0.9249759492221109,0.9300823051963236,True,95.8604718120246,94.82616593040956,96.77157820329808,Inferior
original_pairs,hurdle_independent_stitch,contemporaneous,same_period,25,25,True,5,0.9003963868025986,0.900296831376069,0.9004931563679037,True,123.77720027971388,115.53597919916388,132.84513549884596,Inferior
original_pairs,hurdle_independent_stitch,contemporaneous,future,25,25,True,5,0.9281313884656331,0.9249759492221109,0.9300823051963236,True,96.4158974617468,93.66199275630221,98.84373538321358,Inferior
original_pairs,hurdle_shared_stitch,contemporaneous,same_period,25,25,True,5,0.9003963868025986,0.900296831376069,0.9004931563679037,True,16.24676379104864,15.680514215239567,16.940159244966814,Inferior
original_pairs,hurdle_shared_stitch,contemporaneous,future,25,25,True,5,0.9281313884656331,0.9249759492221109,0.9300823051963236,True,19.058936540637514,18.602387760846618,19.60938048323223,Inferior
original_pairs,independent_marginal,contemporaneous,same_period,25,25,True,5,0.9003963868025986,0.900296831376069,0.9004931563679037,True,124.04849668566132,120.61035362505598,127.12268775481094,Inferior
original_pairs,independent_marginal,contemporaneous,future,25,25,True,5,0.9281313884656331,0.9249759492221109,0.9300823051963236,True,95.167280271183,94.06544568252627,96.282021187471,Inferior
original_pairs,learned_gmm_overlay,contemporaneous,same_period,25,25,True,5,0.9003963868025986,0.900296831376069,0.9004931563679037,True,12.376149221517158,10.77824113473838,14.072465165605733,Inferior
original_pairs,learned_gmm_overlay,contemporaneous,future,25,25,True,5,0.9281313884656331,0.9249759492221109,0.9300823051963236,True,14.117753899979464,12.80808044378245,15.730857158814661,Inferior
original_pairs,learned_latent_var_overlay,contemporaneous,same_period,25,25,True,5,0.9003963868025986,0.900296831376069,0.9004931563679037,True,12.077199248311086,10.739138791305392,13.581977523327652,Inferior
original_pairs,learned_latent_var_overlay,contemporaneous,future,25,25,True,5,0.9281313884656331,0.9249759492221109,0.9300823051963236,True,11.814374411237697,10.433898282667885,13.419646486112361,Inferior
original_pairs,real_block,contemporaneous,same_period,25,25,True,5,0.9003963868025986,0.900296831376069,0.9004931563679037,True,0.7809263738408796,0.6817633599995288,0.8693275032814719,Noninferior
original_pairs,real_block,contemporaneous,future,25,25,True,5,0.9281313884656331,0.9249759492221109,0.9300823051963236,True,2.0375181568106133,1.9415936134647835,2.106101447751807,Inferior
original_pairs,real_resample,contemporaneous,same_period,25,25,True,5,0.9003963868025986,0.900296831376069,0.9004931563679037,True,0.8814213355835131,0.8366829867843756,0.9458978853215212,Noninferior
original_pairs,real_resample,contemporaneous,future,25,25,True,5,0.9281313884656331,0.9249759492221109,0.9300823051963236,True,1.103564032866823,1.02226376484237,1.2082740330284663,Inconclusive
original_pairs,column_shuffle,temporal,same_period,9,9,True,5,-0.07865296418037544,-0.0835924812915386,-0.0746138754993954,False,2.209424515375048,1.981949879902051,2.6256011995920328,Reference-not-useful
original_pairs,column_shuffle,temporal,future,9,9,True,5,0.6863191570182456,0.6835085411025893,0.6888484562647645,True,3.4149029259355137,3.396927404460723,3.4349155892558536,Inferior
original_pairs,hurdle_iid,temporal,same_period,9,9,True,5,-0.07865296418037544,-0.0835924812915386,-0.0746138754993954,False,2.522957341632376,2.20336589724838,3.1950942075153437,Reference-not-useful
original_pairs,hurdle_iid,temporal,future,9,9,True,5,0.6863191570182456,0.6835085411025893,0.6888484562647645,True,3.5607955661122372,3.476741197759093,3.646882049149041,Inferior
original_pairs,hurdle_independent_stitch,temporal,same_period,9,9,True,5,-0.07865296418037544,-0.0835924812915386,-0.0746138754993954,False,1.6170108570426562,1.4122837099032253,1.8512791877323485,Reference-not-useful
original_pairs,hurdle_independent_stitch,temporal,future,9,9,True,5,0.6863191570182456,0.6835085411025893,0.6888484562647645,True,3.3995698121723206,3.2590616199659994,3.5360116624902904,Inferior
original_pairs,hurdle_shared_stitch,temporal,same_period,9,9,True,5,-0.07865296418037544,-0.0835924812915386,-0.0746138754993954,False,1.3705431128443635,1.0559689826454846,1.7942900844011962,Reference-not-useful
original_pairs,hurdle_shared_stitch,temporal,future,9,9,True,5,0.6863191570182456,0.6835085411025893,0.6888484562647645,True,3.572936342856997,3.5425882349343447,3.617692988702052,Inferior
original_pairs,independent_marginal,temporal,same_period,9,9,True,5,-0.07865296418037544,-0.0835924812915386,-0.0746138754993954,False,2.3036927187773184,2.0965815082605905,2.588935285726058,Reference-not-useful
original_pairs,independent_marginal,temporal,future,9,9,True,5,0.6863191570182456,0.6835085411025893,0.6888484562647645,True,3.493897876870303,3.447409929617632,3.557261652594436,Inferior
original_pairs,learned_gmm_overlay,temporal,same_period,9,9,True,5,-0.07865296418037544,-0.0835924812915386,-0.0746138754993954,False,4.176957863583635,2.185628022521345,7.231021143282607,Reference-not-useful
original_pairs,learned_gmm_overlay,temporal,future,9,9,True,5,0.6863191570182456,0.6835085411025893,0.6888484562647645,True,3.3805897096675217,3.328989781446051,3.4777982827305136,Inferior
original_pairs,learned_latent_var_overlay,temporal,same_period,9,9,True,5,-0.07865296418037544,-0.0835924812915386,-0.0746138754993954,False,1.4213542561523649,1.2984712612719411,1.5521844769163855,Reference-not-useful
original_pairs,learned_latent_var_overlay,temporal,future,9,9,True,5,0.6863191570182456,0.6835085411025893,0.6888484562647645,True,3.4841760096948096,3.4176157409977344,3.554332223070274,Inferior
original_pairs,real_block,temporal,same_period,9,9,True,5,-0.07865296418037544,-0.0835924812915386,-0.0746138754993954,False,0.9007265957656134,0.8293248744867839,1.0107759426425216,Reference-not-useful
original_pairs,real_block,temporal,future,9,9,True,5,0.6863191570182456,0.6835085411025893,0.6888484562647645,True,2.973251922105364,2.623020565808067,3.2316361127209317,Inferior
original_pairs,real_resample,temporal,same_period,9,9,True,5,-0.07865296418037544,-0.0835924812915386,-0.0746138754993954,False,1.9701799809112033,1.6588918990065147,2.2390006336257633,Reference-not-useful
original_pairs,real_resample,temporal,future,9,9,True,5,0.6863191570182456,0.6835085411025893,0.6888484562647645,True,3.556780044637842,3.522424657252383,3.5931227224963527,Inferior
prior_observed_pairs,column_shuffle,contemporaneous,same_period,25,25,True,5,0.9003963868025986,0.900296831376069,0.9004931563679037,True,123.77076047736891,118.36768265276923,129.65282628598612,Inferior
prior_observed_pairs,column_shuffle,contemporaneous,future,25,25,True,5,0.9281313884656331,0.9249759492221109,0.9300823051963236,True,96.50593805806172,93.80320318437897,100.16101139647307,Inferior
prior_observed_pairs,hurdle_iid,contemporaneous,same_period,25,25,True,5,0.9003963868025986,0.900296831376069,0.9004931563679037,True,122.12557605766584,117.98737196604364,126.53608182921694,Inferior
prior_observed_pairs,hurdle_iid,contemporaneous,future,25,25,True,5,0.9281313884656331,0.9249759492221109,0.9300823051963236,True,95.8604718120246,94.82616593040956,96.77157820329808,Inferior
prior_observed_pairs,hurdle_independent_stitch,contemporaneous,same_period,25,25,True,5,0.9003963868025986,0.900296831376069,0.9004931563679037,True,123.77720027971388,115.53597919916388,132.84513549884596,Inferior
prior_observed_pairs,hurdle_independent_stitch,contemporaneous,future,25,25,True,5,0.9281313884656331,0.9249759492221109,0.9300823051963236,True,96.4158974617468,93.66199275630221,98.84373538321358,Inferior
prior_observed_pairs,hurdle_shared_stitch,contemporaneous,same_period,25,25,True,5,0.9003963868025986,0.900296831376069,0.9004931563679037,True,16.24676379104864,15.680514215239567,16.940159244966814,Inferior
prior_observed_pairs,hurdle_shared_stitch,contemporaneous,future,25,25,True,5,0.9281313884656331,0.9249759492221109,0.9300823051963236,True,19.058936540637514,18.602387760846618,19.60938048323223,Inferior
prior_observed_pairs,independent_marginal,contemporaneous,same_period,25,25,True,5,0.9003963868025986,0.900296831376069,0.9004931563679037,True,124.04849668566132,120.61035362505598,127.12268775481094,Inferior
prior_observed_pairs,independent_marginal,contemporaneous,future,25,25,True,5,0.9281313884656331,0.9249759492221109,0.9300823051963236,True,95.167280271183,94.06544568252627,96.282021187471,Inferior
prior_observed_pairs,learned_gmm_overlay,contemporaneous,same_period,25,25,True,5,0.9003963868025986,0.900296831376069,0.9004931563679037,True,12.376149221517158,10.77824113473838,14.072465165605733,Inferior
prior_observed_pairs,learned_gmm_overlay,contemporaneous,future,25,25,True,5,0.9281313884656331,0.9249759492221109,0.9300823051963236,True,14.117753899979464,12.80808044378245,15.730857158814661,Inferior
prior_observed_pairs,learned_latent_var_overlay,contemporaneous,same_period,25,25,True,5,0.9003963868025986,0.900296831376069,0.9004931563679037,True,12.077199248311086,10.739138791305392,13.581977523327652,Inferior
prior_observed_pairs,learned_latent_var_overlay,contemporaneous,future,25,25,True,5,0.9281313884656331,0.9249759492221109,0.9300823051963236,True,11.814374411237697,10.433898282667885,13.419646486112361,Inferior
prior_observed_pairs,real_block,contemporaneous,same_period,25,25,True,5,0.9003963868025986,0.900296831376069,0.9004931563679037,True,0.7809263738408796,0.6817633599995288,0.8693275032814719,Noninferior
prior_observed_pairs,real_block,contemporaneous,future,25,25,True,5,0.9281313884656331,0.9249759492221109,0.9300823051963236,True,2.0375181568106133,1.9415936134647835,2.106101447751807,Inferior
prior_observed_pairs,real_resample,contemporaneous,same_period,25,25,True,5,0.9003963868025986,0.900296831376069,0.9004931563679037,True,0.8814213355835131,0.8366829867843756,0.9458978853215212,Noninferior
prior_observed_pairs,real_resample,contemporaneous,future,25,25,True,5,0.9281313884656331,0.9249759492221109,0.9300823051963236,True,1.103564032866823,1.02226376484237,1.2082740330284663,Inconclusive
prior_observed_pairs,column_shuffle,temporal,same_period,9,9,True,5,-0.07865296418037544,-0.0835924812915386,-0.0746138754993954,False,2.209424515375048,1.981949879902051,2.6256011995920328,Reference-not-useful
prior_observed_pairs,column_shuffle,temporal,future,9,9,True,5,0.6863191570182456,0.6835085411025893,0.6888484562647645,True,3.4149029259355137,3.396927404460723,3.4349155892558536,Inferior
prior_observed_pairs,hurdle_iid,temporal,same_period,9,9,True,5,-0.07865296418037544,-0.0835924812915386,-0.0746138754993954,False,2.522957341632376,2.20336589724838,3.1950942075153437,Reference-not-useful
prior_observed_pairs,hurdle_iid,temporal,future,9,9,True,5,0.6863191570182456,0.6835085411025893,0.6888484562647645,True,3.5607955661122372,3.476741197759093,3.646882049149041,Inferior
prior_observed_pairs,hurdle_independent_stitch,temporal,same_period,9,9,True,5,-0.07865296418037544,-0.0835924812915386,-0.0746138754993954,False,1.6170108570426562,1.4122837099032253,1.8512791877323485,Reference-not-useful
prior_observed_pairs,hurdle_independent_stitch,temporal,future,9,9,True,5,0.6863191570182456,0.6835085411025893,0.6888484562647645,True,3.3995698121723206,3.2590616199659994,3.5360116624902904,Inferior
prior_observed_pairs,hurdle_shared_stitch,temporal,same_period,9,9,True,5,-0.07865296418037544,-0.0835924812915386,-0.0746138754993954,False,1.3705431128443635,1.0559689826454846,1.7942900844011962,Reference-not-useful
prior_observed_pairs,hurdle_shared_stitch,temporal,future,9,9,True,5,0.6863191570182456,0.6835085411025893,0.6888484562647645,True,3.572936342856997,3.5425882349343447,3.617692988702052,Inferior
prior_observed_pairs,independent_marginal,temporal,same_period,9,9,True,5,-0.07865296418037544,-0.0835924812915386,-0.0746138754993954,False,2.3036927187773184,2.0965815082605905,2.588935285726058,Reference-not-useful
prior_observed_pairs,independent_marginal,temporal,future,9,9,True,5,0.6863191570182456,0.6835085411025893,0.6888484562647645,True,3.493897876870303,3.447409929617632,3.557261652594436,Inferior
prior_observed_pairs,learned_gmm_overlay,temporal,same_period,9,9,True,5,-0.07865296418037544,-0.0835924812915386,-0.0746138754993954,False,4.176957863583635,2.185628022521345,7.231021143282607,Reference-not-useful
prior_observed_pairs,learned_gmm_overlay,temporal,future,9,9,True,5,0.6863191570182456,0.6835085411025893,0.6888484562647645,True,3.3805897096675217,3.328989781446051,3.4777982827305136,Inferior
prior_observed_pairs,learned_latent_var_overlay,temporal,same_period,9,9,True,5,-0.07865296418037544,-0.0835924812915386,-0.0746138754993954,False,1.4213542561523649,1.2984712612719411,1.5521844769163855,Reference-not-useful
prior_observed_pairs,learned_latent_var_overlay,temporal,future,9,9,True,5,0.6863191570182456,0.6835085411025893,0.6888484562647645,True,3.4841760096948096,3.4176157409977344,3.554332223070274,Inferior
prior_observed_pairs,real_block,temporal,same_period,9,9,True,5,-0.07865296418037544,-0.0835924812915386,-0.0746138754993954,False,0.9007265957656134,0.8293248744867839,1.0107759426425216,Reference-not-useful
prior_observed_pairs,real_block,temporal,future,9,9,True,5,0.6863191570182456,0.6835085411025893,0.6888484562647645,True,2.973251922105364,2.623020565808067,3.2316361127209317,Inferior
prior_observed_pairs,real_resample,temporal,same_period,9,9,True,5,-0.07865296418037544,-0.0835924812915386,-0.0746138754993954,False,1.9701799809112033,1.6588918990065147,2.2390006336257633,Reference-not-useful
prior_observed_pairs,real_resample,temporal,future,9,9,True,5,0.6863191570182456,0.6835085411025893,0.6888484562647645,True,3.556780044637842,3.522424657252383,3.5931227224963527,Inferior
