matching,source,suite,expected_cards,complete_cards,complete_support,excluded_card_ids
balanced_observed,column_shuffle,contemporaneous,25,25,True,[]
balanced_observed,hurdle_iid,contemporaneous,25,25,True,[]
balanced_observed,hurdle_independent_stitch,contemporaneous,25,25,True,[]
balanced_observed,hurdle_shared_stitch,contemporaneous,25,25,True,[]
balanced_observed,independent_marginal,contemporaneous,25,25,True,[]
balanced_observed,learned_gmm_overlay,contemporaneous,25,25,True,[]
balanced_observed,learned_latent_var_overlay,contemporaneous,25,25,True,[]
balanced_observed,real_block,contemporaneous,25,25,True,[]
balanced_observed,real_resample,contemporaneous,25,25,True,[]
original_pairs,column_shuffle,contemporaneous,25,25,True,[]
original_pairs,hurdle_iid,contemporaneous,25,25,True,[]
original_pairs,hurdle_independent_stitch,contemporaneous,25,25,True,[]
original_pairs,hurdle_shared_stitch,contemporaneous,25,25,True,[]
original_pairs,independent_marginal,contemporaneous,25,25,True,[]
original_pairs,learned_gmm_overlay,contemporaneous,25,25,True,[]
original_pairs,learned_latent_var_overlay,contemporaneous,25,25,True,[]
original_pairs,real_block,contemporaneous,25,25,True,[]
original_pairs,real_resample,contemporaneous,25,25,True,[]
original_pairs,column_shuffle,temporal,9,9,True,[]
original_pairs,hurdle_iid,temporal,9,9,True,[]
original_pairs,hurdle_independent_stitch,temporal,9,9,True,[]
original_pairs,hurdle_shared_stitch,temporal,9,9,True,[]
original_pairs,independent_marginal,temporal,9,9,True,[]
original_pairs,learned_gmm_overlay,temporal,9,9,True,[]
original_pairs,learned_latent_var_overlay,temporal,9,9,True,[]
original_pairs,real_block,temporal,9,9,True,[]
original_pairs,real_resample,temporal,9,9,True,[]
prior_observed_pairs,column_shuffle,contemporaneous,25,25,True,[]
prior_observed_pairs,hurdle_iid,contemporaneous,25,25,True,[]
prior_observed_pairs,hurdle_independent_stitch,contemporaneous,25,25,True,[]
prior_observed_pairs,hurdle_shared_stitch,contemporaneous,25,25,True,[]
prior_observed_pairs,independent_marginal,contemporaneous,25,25,True,[]
prior_observed_pairs,learned_gmm_overlay,contemporaneous,25,25,True,[]
prior_observed_pairs,learned_latent_var_overlay,contemporaneous,25,25,True,[]
prior_observed_pairs,real_block,contemporaneous,25,25,True,[]
prior_observed_pairs,real_resample,contemporaneous,25,25,True,[]
prior_observed_pairs,column_shuffle,temporal,9,9,True,[]
prior_observed_pairs,hurdle_iid,temporal,9,9,True,[]
prior_observed_pairs,hurdle_independent_stitch,temporal,9,9,True,[]
prior_observed_pairs,hurdle_shared_stitch,temporal,9,9,True,[]
prior_observed_pairs,independent_marginal,temporal,9,9,True,[]
prior_observed_pairs,learned_gmm_overlay,temporal,9,9,True,[]
prior_observed_pairs,learned_latent_var_overlay,temporal,9,9,True,[]
prior_observed_pairs,real_block,temporal,9,9,True,[]
prior_observed_pairs,real_resample,temporal,9,9,True,[]
