generator_id,family,fold_id,reference_fold_id,evaluation_axis,seed,card_id,task_id,model_id,suite,task_type,tier,task_family,capability,target_family,driver_tier,signal_class,status,synthetic_loss,reference_loss,naive_loss,loss_ratio,log_loss_ratio,relative_excess_loss_vs_naive,fraction_reference_advantage_lost,noninferior,synthetic_skill_gain,reference_skill_gain,synthetic_roc_auc,reference_roc_auc,synthetic_r2,reference_r2,n_train,n_reference_train,training_sample_size_ratio,n_test,scientific_status,p0_anchor,p0_pair_id,p0_phase,p0_seed
real_identity,p0_anchor,pair5,p0_pair5,p0_matched_block,1337,kt_contemporaneous_power__model_linear,kt_contemporaneous_power,linear,contemporaneous,regression,iot,known_truth_contemporaneous_power,contemporaneous_dependency|iot_power,iot__power,,continuous,ok,0.013402669246323908,0.013402669246323908,0.4926811269498963,1.0,0.0,0.0,0.0,True,0.9727964630403086,0.9727964630403086,,,0.9990671567518133,0.9990671567518133,3600,3600,1.0,3600,valid,real_identity,pair5,calibration,1337
real_identity,p0_anchor,pair5,p0_pair5,p0_matched_block,1337,kt_contemporaneous_power__model_rf,kt_contemporaneous_power,rf,contemporaneous,regression,iot,known_truth_contemporaneous_power,contemporaneous_dependency|iot_power,iot__power,,continuous,ok,0.01747863242711514,0.01747863242711514,0.4926811269498963,1.0,0.0,0.0,0.0,True,0.9645234382422515,0.9645234382422515,,,0.9980567310242859,0.9980567310242859,3600,3600,1.0,3600,valid,real_identity,pair5,calibration,1337
real_identity,p0_anchor,pair5,p0_pair5,p0_matched_block,1337,kt_temporal_router_bytes__model_linear,kt_temporal_router_bytes,linear,temporal,regression,router,known_truth_temporal_router_bytes,forecast|router_bytes,router__bytes,,continuous,ok,0.11487678697247021,0.11487678697247021,0.4897640072050305,1.0,0.0,0.0,0.0,True,0.7654446115220974,0.7654446115220974,,,0.9133601640378282,0.9133601640378282,3569,3569,1.0,3569,valid,real_identity,pair5,calibration,1337
real_identity,p0_anchor,pair5,p0_pair5,p0_matched_block,1337,kt_temporal_router_bytes__model_rf,kt_temporal_router_bytes,rf,temporal,regression,router,known_truth_temporal_router_bytes,forecast|router_bytes,router__bytes,,continuous,ok,0.12066505783526765,0.12066505783526765,0.4897640072050305,1.0,0.0,0.0,0.0,True,0.753626121846162,0.753626121846162,,,0.9051279388605245,0.9051279388605245,3569,3569,1.0,3569,valid,real_identity,pair5,calibration,1337
real_block_a,p0_anchor,pair5,p0_pair5,p0_matched_block,1337,kt_contemporaneous_power__model_linear,kt_contemporaneous_power,linear,contemporaneous,regression,iot,known_truth_contemporaneous_power,contemporaneous_dependency|iot_power,iot__power,,continuous,ok,0.013401475741332844,0.013402669246323908,0.4926811269498963,0.9999109502018494,-8.905376331928426e-05,-2.422469475243349e-06,-2.490212050804889e-06,True,0.972594038590352,0.9727964630403086,,,0.9990670769991733,0.9990671567518133,3600,3600,1.0,3600,valid,real_block_a,pair5,calibration,1337
real_block_a,p0_anchor,pair5,p0_pair5,p0_matched_block,1337,kt_contemporaneous_power__model_rf,kt_contemporaneous_power,rf,contemporaneous,regression,iot,known_truth_contemporaneous_power,contemporaneous_dependency|iot_power,iot__power,,continuous,ok,0.017884129412505112,0.01747863242711514,0.4926811269498963,1.023199583095581,0.02293456383086958,0.000823041442444395,0.0008533140925474103,True,0.9634270307252356,0.9645234382422515,,,0.9979495983282055,0.9980567310242859,3600,3600,1.0,3600,valid,real_block_a,pair5,calibration,1337
real_block_a,p0_anchor,pair5,p0_pair5,p0_matched_block,1337,kt_temporal_router_bytes__model_linear,kt_temporal_router_bytes,linear,temporal,regression,router,known_truth_temporal_router_bytes,forecast|router_bytes,router__bytes,,continuous,ok,0.1148961810177785,0.11487678697247021,0.4897640072050305,1.000168824754064,0.00016881050476904167,3.9598755774169934e-05,5.173301265447183e-05,True,0.7636172225796098,0.7654446115220974,,,0.9130339528397813,0.9133601640378282,3569,3569,1.0,3569,valid,real_block_a,pair5,calibration,1337
real_block_a,p0_anchor,pair5,p0_pair5,p0_matched_block,1337,kt_temporal_router_bytes__model_rf,kt_temporal_router_bytes,rf,temporal,regression,router,known_truth_temporal_router_bytes,forecast|router_bytes,router__bytes,,continuous,ok,0.12389597606071201,0.12066505783526765,0.4897640072050305,1.0267759224037767,0.026423720581144148,0.006596887843764709,0.008753528643094638,True,0.7451014065653795,0.753626121846162,,,0.9014011422158226,0.9051279388605245,3569,3569,1.0,3569,valid,real_block_a,pair5,calibration,1337
real_block_b,p0_anchor,pair5,p0_pair5,p0_matched_block,1337,kt_contemporaneous_power__model_linear,kt_contemporaneous_power,linear,contemporaneous,regression,iot,known_truth_contemporaneous_power,contemporaneous_dependency|iot_power,iot__power,,continuous,ok,0.013434808946175913,0.013402669246323908,0.4926811269498963,1.0023980073865375,0.0023951367551055722,6.523428256928833e-05,6.705851125877838e-05,True,0.974239033056895,0.9727964630403086,,,0.9990620031162148,0.9990671567518133,3600,3600,1.0,3600,valid,real_block_b,pair5,calibration,1337
real_block_b,p0_anchor,pair5,p0_pair5,p0_matched_block,1337,kt_contemporaneous_power__model_rf,kt_contemporaneous_power,rf,contemporaneous,regression,iot,known_truth_contemporaneous_power,contemporaneous_dependency|iot_power,iot__power,,continuous,ok,0.01988937464911524,0.01747863242711514,0.4926811269498963,1.137925105528293,0.12920652117311437,0.004893108524218469,0.00507308410580014,False,0.9618625374646113,0.9645234382422515,,,0.9974363321875799,0.9980567310242859,3600,3600,1.0,3600,valid,real_block_b,pair5,calibration,1337
real_block_b,p0_anchor,pair5,p0_pair5,p0_matched_block,1337,kt_temporal_router_bytes__model_linear,kt_temporal_router_bytes,linear,temporal,regression,router,known_truth_temporal_router_bytes,forecast|router_bytes,router__bytes,,continuous,ok,0.11563873126101279,0.11487678697247021,0.4897640072050305,1.0066327089103317,0.006610809279171124,0.001555737615123697,0.0020324626912326038,True,0.7734399150600302,0.7654446115220974,,,0.9129542161992115,0.9133601640378282,3569,3569,1.0,3569,valid,real_block_b,pair5,calibration,1337
real_block_b,p0_anchor,pair5,p0_pair5,p0_matched_block,1337,kt_temporal_router_bytes__model_rf,kt_temporal_router_bytes,rf,temporal,regression,router,known_truth_temporal_router_bytes,forecast|router_bytes,router__bytes,,continuous,ok,0.13484538742514665,0.12066505783526765,0.4897640072050305,1.1175181104146823,0.11111025356190317,0.028953392616176202,0.03841877527446756,False,0.7358101209200625,0.753626121846162,,,0.8814075067630082,0.9051279388605245,3569,3569,1.0,3569,valid,real_block_b,pair5,calibration,1337
real_resample,real_anchor,pair5,p0_pair5,p0_matched_block,1337,kt_contemporaneous_power__model_linear,kt_contemporaneous_power,linear,contemporaneous,regression,iot,known_truth_contemporaneous_power,contemporaneous_dependency|iot_power,iot__power,,continuous,ok,0.013420466682500388,0.013402669246323908,0.4926811269498963,1.001327902364028,0.0013270214814149967,3.612364103870013e-05,3.71338120677391e-05,True,0.9727218460044144,0.9727964630403086,,,0.9990652840556835,0.9990671567518133,3600,3600,1.0,3600,valid,real_resample,pair5,calibration,1337
real_resample,real_anchor,pair5,p0_pair5,p0_matched_block,1337,kt_contemporaneous_power__model_rf,kt_contemporaneous_power,rf,contemporaneous,regression,iot,known_truth_contemporaneous_power,contemporaneous_dependency|iot_power,iot__power,,continuous,ok,0.018992562274281446,0.01747863242711514,0.4926811269498963,1.0866160355210457,0.08306831254622306,0.0030728391333737187,0.003185862584089884,True,0.961396123492177,0.9645234382422515,,,0.9976737313871245,0.9980567310242859,3600,3600,1.0,3600,valid,real_resample,pair5,calibration,1337
real_resample,real_anchor,pair5,p0_pair5,p0_matched_block,1337,kt_temporal_router_bytes__model_linear,kt_temporal_router_bytes,linear,temporal,regression,router,known_truth_temporal_router_bytes,forecast|router_bytes,router__bytes,,continuous,ok,0.485341913882361,0.11487678697247021,0.4897640072050305,4.224891091345298,1.4409934832805205,0.7564155827294236,0.9882042036004154,False,0.007563656141529772,0.7654446115220974,,,-0.005767046944565424,0.9133601640378282,3569,3569,1.0,3569,valid,real_resample,pair5,calibration,1337
real_resample,real_anchor,pair5,p0_pair5,p0_matched_block,1337,kt_temporal_router_bytes__model_rf,kt_temporal_router_bytes,rf,temporal,regression,router,known_truth_temporal_router_bytes,forecast|router_bytes,router__bytes,,continuous,ok,0.49323065147168255,0.12066505783526765,0.4897640072050305,4.0876013348043365,1.4079583273055105,0.7607043150487114,1.0093921813447895,False,-0.008567383990938206,0.753626121846162,,,-0.0439465721906922,0.9051279388605245,3569,3569,1.0,3569,valid,real_resample,pair5,calibration,1337
