quantity,rows,mismatches,max_absolute_error,atol,rtol
acf_abs_error_mean,45,0,0.0,1e-08,1e-07
acf_abs_error_median,45,0,0.0,1e-08,1e-07
c2st_block_size,45,0,0.0,1e-08,1e-07
c2st_excess_over_null_mean,45,0,0.0,1e-08,1e-07
c2st_excess_over_null_p95,45,0,0.0,1e-08,1e-07
c2st_linear_auc,45,0,0.0,1e-08,1e-07
c2st_linear_sd,45,0,0.0,1e-08,1e-07
c2st_max_auc,45,0,0.0,1e-08,1e-07
c2st_n_groups,45,0,0.0,1e-08,1e-07
c2st_n_per_class,45,0,0.0,1e-08,1e-07
c2st_null_mean,45,0,0.0,1e-08,1e-07
c2st_null_p95,45,0,0.0,1e-08,1e-07
c2st_permutation_p,45,0,0.0,1e-08,1e-07
c2st_rf_auc,45,0,0.0,1e-08,1e-07
c2st_rf_sd,45,0,0.0,1e-08,1e-07
coupling_coactivation_mae,45,0,0.0,1e-08,1e-07
coupling_corr_mae,45,0,0.0,1e-08,1e-07
coupling_corr_relative_l2,45,0,0.0,1e-08,1e-07
coupling_lag,45,0,0.0,1e-08,1e-07
coupling_n_pairs,45,0,0.0,1e-08,1e-07
coupling_sign_agreement,45,0,0.0,1e-08,1e-07
marginal_ks_mean,45,0,0.0,1e-08,1e-07
marginal_ks_median,45,0,0.0,1e-08,1e-07
marginal_n_features,45,0,0.0,1e-08,1e-07
spectral_l1_mean,45,0,0.0,1e-08,1e-07
temporal_n_feature_lags,45,0,0.0,1e-08,1e-07
transition_rate_mae,45,0,0.0,1e-08,1e-07
wasserstein_iqr_mean,45,0,0.0,1e-08,1e-07
zero_rate_mae,45,0,0.0,1e-08,1e-07
