generator_id,scope,n_seeds,candidate_rf_auc,candidate_linear_auc,candidate_max_auc,candidate_selection_gain,anchor_rf_auc,anchor_linear_auc,anchor_max_auc,excess_auc,excess_seed_sd,candidate_n_per_class,candidate_null_p95,candidate_perm_p,resolved_0_994,resolved_0_9945,resolved_0_995,resolved_0_9955,resolved_0_996,candidate_headroom_0_995,anchor_headroom_0_995
column_shuffle,protocol_value,5,0.9999784988444853,0.866972399708582,0.9999784988444853,0.0,0.9254201523376093,0.8762136093049067,0.9254201523376093,0.07455834650687605,0.0020752999549643832,25000.0,0.5076447160697308,0.05,False,False,False,False,False,-0.004978498844485313,0.06957984766239067
column_shuffle,all_modal,5,1.0,0.9999978603888504,1.0,0.0,0.9999999843155709,0.9999670903643801,0.9999999843155709,1.5684429044426906e-08,2.1476923712753502e-08,25000.0,0.5077293947527028,0.05,False,False,False,False,False,-0.0050000000000000044,-0.004999984315570916
column_shuffle,mask_only,5,1.0,1.0,1.0,0.0,0.9919191571840956,0.9914967972870968,0.9923587199082163,0.0076412800917835975,0.0008394496206468861,25000.0,0.5069290617694578,0.05,False,False,False,False,False,-0.0050000000000000044,0.00264128009178366
hurdle_iid,protocol_value,5,0.999980149861314,0.867230012385469,0.999980149861314,0.0,0.9254201523376093,0.8762136093049067,0.9254201523376093,0.07455999752370464,0.002078220303801731,25000.0,0.5085263505678891,0.05,False,False,False,False,False,-0.004980149861314009,0.06957984766239067
hurdle_iid,all_modal,5,1.0,1.0,1.0,0.0,0.9999999843155709,0.9999670903643801,0.9999999843155709,1.5684429044426906e-08,2.1476923712753502e-08,25000.0,0.5073457322573087,0.05,False,False,False,False,False,-0.0050000000000000044,-0.004999984315570916
hurdle_iid,mask_only,5,1.0,1.0,1.0,0.0,0.9919191571840956,0.9914967972870968,0.9923587199082163,0.0076412800917835975,0.0008394496206468861,25000.0,0.5076166620431212,0.05,False,False,False,False,False,-0.0050000000000000044,0.00264128009178366
hurdle_independent_stitch,protocol_value,5,0.9999767928729956,0.8667247623198108,0.9999767928729956,0.0,0.9254201523376093,0.8762136093049067,0.9254201523376093,0.07455664053538635,0.0020741182506019418,25000.0,0.5072637407168508,0.05,False,False,False,False,False,-0.004976792872995572,0.06957984766239067
hurdle_independent_stitch,all_modal,5,1.0,1.0,1.0,0.0,0.9999999843155709,0.9999670903643801,0.9999999843155709,1.5684429044426906e-08,2.1476923712753502e-08,25000.0,0.50887974064114,0.05,False,False,False,False,False,-0.0050000000000000044,-0.004999984315570916
hurdle_independent_stitch,mask_only,5,0.995431248384499,0.9929355332283365,0.995431248384499,0.0,0.9919191571840956,0.9914967972870968,0.9923587199082163,0.003072528476282743,0.00031195410862540785,25000.0,0.5068584514219925,0.05,False,False,False,True,True,-0.0004312483844990389,0.00264128009178366
hurdle_shared_stitch,protocol_value,5,0.9374168970339747,0.8768062378925288,0.9374168970339747,0.0,0.9254201523376093,0.8762136093049067,0.9254201523376093,0.011996744696365446,0.0035463768993937487,25000.0,0.5097038682607731,0.05,True,True,True,True,True,0.05758310296602531,0.06957984766239067
hurdle_shared_stitch,all_modal,5,1.0,1.0,1.0,0.0,0.9999999843155709,0.9999670903643801,0.9999999843155709,1.5684429044426906e-08,2.1476923712753502e-08,25000.0,0.5093556798272608,0.05,False,False,False,False,False,-0.0050000000000000044,-0.004999984315570916
hurdle_shared_stitch,mask_only,5,0.9920901138492366,0.991966834188213,0.9927430105739571,0.0,0.9919191571840956,0.9914967972870968,0.9923587199082163,0.00038429066574072743,0.0006844332865810171,25000.0,0.5068277916566915,0.05,True,True,True,True,True,0.00225698942604291,0.00264128009178366
independent_marginal,protocol_value,5,0.9999751896128377,0.8684463826366404,0.9999751896128377,0.0,0.9254201523376093,0.8762136093049067,0.9254201523376093,0.07455503727522832,0.0020743084567744776,25000.0,0.5075027047855759,0.05,False,False,False,False,False,-0.004975189612837716,0.06957984766239067
independent_marginal,all_modal,5,1.0,1.0,1.0,0.0,0.9999999843155709,0.9999670903643801,0.9999999843155709,1.5684429044426906e-08,2.1476923712753502e-08,25000.0,0.5076546338474567,0.05,False,False,False,False,False,-0.0050000000000000044,-0.004999984315570916
independent_marginal,mask_only,5,1.0,1.0,1.0,0.0,0.9919191571840956,0.9914967972870968,0.9923587199082163,0.0076412800917835975,0.0008394496206468861,25000.0,0.5069922832088274,0.05,False,False,False,False,False,-0.0050000000000000044,0.00264128009178366
learned_gmm_overlay,protocol_value,5,0.9996867266325997,0.8709248656769184,0.9996867266325997,0.0,0.9254201523376093,0.8762136093049067,0.9254201523376093,0.07426657429499046,0.0021115994533935315,25000.0,0.5063210276566292,0.05,False,False,False,False,False,-0.004686726632599725,0.06957984766239067
learned_gmm_overlay,all_modal,5,1.0,1.0,1.0,0.0,0.9999999843155709,0.9999670903643801,0.9999999843155709,1.5684429044426906e-08,2.1476923712753502e-08,25000.0,0.5088487010550884,0.05,False,False,False,False,False,-0.0050000000000000044,-0.004999984315570916
learned_gmm_overlay,mask_only,5,1.0,1.0,1.0,0.0,0.9919191571840956,0.9914967972870968,0.9923587199082163,0.0076412800917835975,0.0008394496206468861,25000.0,0.5091679873063548,0.05,False,False,False,False,False,-0.0050000000000000044,0.00264128009178366
learned_latent_var_overlay,protocol_value,5,0.9946816432510778,0.8812979636712109,0.9946816432510778,0.0,0.9254201523376093,0.8762136093049067,0.9254201523376093,0.06926149091346845,0.002458558248821653,25000.0,0.5063362820590076,0.05,False,False,True,True,True,0.00031835674892222166,0.06957984766239067
learned_latent_var_overlay,all_modal,5,1.0,1.0,1.0,0.0,0.9999999843155709,0.9999670903643801,0.9999999843155709,1.5684429044426906e-08,2.1476923712753502e-08,25000.0,0.5073381363144074,0.05,False,False,False,False,False,-0.0050000000000000044,-0.004999984315570916
learned_latent_var_overlay,mask_only,5,0.9916629777188731,0.9915692490467384,0.9923116274925124,0.0,0.9919191571840956,0.9914967972870968,0.9923587199082163,-4.709241570404199e-05,0.0005254614402405661,25000.0,0.5084503628484767,0.05,True,True,True,True,True,0.0026883725074875464,0.00264128009178366
real_block,protocol_value,5,0.9290293591553149,0.8733340718667341,0.9290293591553149,0.0,0.9254201523376093,0.8762136093049067,0.9254201523376093,0.0036092068177056235,0.011348451848585064,25000.0,0.5065952251543688,0.05,True,True,True,True,True,0.06597064084468507,0.06957984766239067
real_block,all_modal,5,1.0,0.9999978898278815,1.0,0.0,0.9999999843155709,0.9999670903643801,0.9999999843155709,1.5684429044426906e-08,2.1476923712753502e-08,25000.0,0.5073764058747643,0.05,False,False,False,False,False,-0.0050000000000000044,-0.004999984315570916
real_block,mask_only,5,0.99370928348098,0.9933052451177652,0.9945906502920371,0.0,0.9919191571840956,0.9914967972870968,0.9923587199082163,0.002231930383820702,0.0028454060097192423,25000.0,0.5073307574542321,0.05,False,False,True,True,True,0.0004093497079629138,0.00264128009178366
real_resample,protocol_value,5,0.9254201523376093,0.8762136093049067,0.9254201523376093,0.0,0.9254201523376093,0.8762136093049067,0.9254201523376093,0.0,0.0,25000.0,0.507331574367433,0.05,True,True,True,True,True,0.06957984766239067,0.06957984766239067
real_resample,all_modal,5,0.9999999843155709,0.9999670903643801,0.9999999843155709,0.0,0.9999999843155709,0.9999670903643801,0.9999999843155709,0.0,0.0,25000.0,0.5074053289026925,0.05,False,False,False,False,False,-0.004999984315570916,-0.004999984315570916
real_resample,mask_only,5,0.9919191571840956,0.9914967972870968,0.9923587199082163,0.0,0.9919191571840956,0.9914967972870968,0.9923587199082163,0.0,0.0,25000.0,0.5069034860748207,0.05,True,True,True,True,True,0.00264128009178366,0.00264128009178366
